-kernel name = _ZN2at6native29vectorized_elementwise_kernelILi4EZNS0_51_GLOBAL__N__b1108092_12_PowKernel_cu_10c8ac97_2369629pow_tensor_scalar_kernel_implIffEEvRNS_18TensorIteratorBaseET0_EUlfE0_St5arrayIPcLm2EEEEviS6_T1_
-kernel id = 593
-grid dim = (55,1,1)
-block dim = (128,1,1)
-shmem = 1
-nregs = 21955
-binary version = 0
-cuda stream id = 0
-shmem base_addr = 0x00007f59dd000000
-local mem base_addr = 0x00007f59db000000
-nvbit version = 1.7.6
-accelsim tracer version = 5
-enable lineinfo = 0

#traces format = [line_num] PC mask dest_num [reg_dests] opcode src_num [reg_srcs] mem_width [adrrescompress?] [mem_addresses] immediate

19 0 0 3 0000 ffffffff 1 R1 MOV 0 0 0 
19 0 0 0 0000 ffffffff 1 R1 MOV 0 0 0 
30 0 0 3 0000 ffffffff 1 R1 MOV 0 0 0 
27 0 0 3 0000 ffffffff 1 R1 MOV 0 0 0 
24 0 0 3 0000 ffffffff 1 R1 MOV 0 0 0 
39 0 0 3 0000 ffffffff 1 R1 MOV 0 0 0 
30 0 0 2 0000 ffffffff 1 R1 MOV 0 0 0 
7 0 0 1 0000 ffffffff 1 R1 MOV 0 0 0 
4 0 0 3 0000 ffffffff 1 R1 MOV 0 0 0 
10 0 0 3 0000 ffffffff 1 R1 MOV 0 0 0 
16 0 0 3 0000 ffffffff 1 R1 MOV 0 0 0 
13 0 0 3 0000 ffffffff 1 R1 MOV 0 0 0 
24 0 0 0 0000 ffffffff 1 R1 MOV 0 0 0 
21 0 0 3 0000 ffffffff 1 R1 MOV 0 0 0 
10 0 0 0 0000 ffffffff 1 R1 MOV 0 0 0 
19 0 0 1 0000 ffffffff 1 R1 MOV 0 0 0 
36 0 0 1 0000 ffffffff 1 R1 MOV 0 0 0 
27 0 0 0 0000 ffffffff 1 R1 MOV 0 0 0 
44 0 0 2 0000 ffffffff 1 R1 MOV 0 0 0 
47 0 0 0 0000 ffffffff 1 R1 MOV 0 0 0 
50 0 0 2 0000 ffffffff 1 R1 MOV 0 0 0 
33 0 0 3 0000 ffffffff 1 R1 MOV 0 0 0 
8 0 0 1 0000 ffffffff 1 R1 MOV 0 0 0 
24 0 0 1 0000 ffffffff 1 R1 MOV 0 0 0 
1 0 0 2 0000 ffffffff 1 R1 MOV 0 0 0 
28 0 0 3 0000 ffffffff 1 R1 MOV 0 0 0 
30 0 0 0 0000 ffffffff 1 R1 MOV 0 0 0 
29 0 0 3 0000 ffffffff 1 R1 MOV 0 0 0 
39 0 0 0 0000 ffffffff 1 R1 MOV 0 0 0 
28 0 0 0 0000 ffffffff 1 R1 MOV 0 0 0 
16 0 0 0 0000 ffffffff 1 R1 MOV 0 0 0 
15 0 0 3 0000 ffffffff 1 R1 MOV 0 0 0 
53 0 0 2 0000 ffffffff 1 R1 MOV 0 0 0 
8 0 0 3 0000 ffffffff 1 R1 MOV 0 0 0 
50 0 0 3 0000 ffffffff 1 R1 MOV 0 0 0 
3 0 0 1 0000 ffffffff 1 R1 MOV 0 0 0 
37 0 0 3 0000 ffffffff 1 R1 MOV 0 0 0 
27 0 0 1 0000 ffffffff 1 R1 MOV 0 0 0 
38 0 0 3 0000 ffffffff 1 R1 MOV 0 0 0 
28 0 0 1 0000 ffffffff 1 R1 MOV 0 0 0 
24 0 0 2 0000 ffffffff 1 R1 MOV 0 0 0 
29 0 0 0 0000 ffffffff 1 R1 MOV 0 0 0 
37 0 0 0 0000 ffffffff 1 R1 MOV 0 0 0 
33 0 0 0 0000 ffffffff 1 R1 MOV 0 0 0 
38 0 0 0 0000 ffffffff 1 R1 MOV 0 0 0 
14 0 0 1 0000 ffffffff 1 R1 MOV 0 0 0 
10 0 0 1 0000 ffffffff 1 R1 MOV 0 0 0 
35 0 0 3 0000 ffffffff 1 R1 MOV 0 0 0 
25 0 0 3 0000 ffffffff 1 R1 MOV 0 0 0 
21 0 0 0 0000 ffffffff 1 R1 MOV 0 0 0 
26 0 0 3 0000 ffffffff 1 R1 MOV 0 0 0 
48 0 0 0 0000 ffffffff 1 R1 MOV 0 0 0 
36 0 0 2 0000 ffffffff 1 R1 MOV 0 0 0 
23 0 0 3 0000 ffffffff 1 R1 MOV 0 0 0 
31 0 0 3 0000 ffffffff 1 R1 MOV 0 0 0 
39 0 0 1 0000 ffffffff 1 R1 MOV 0 0 0 
38 0 0 1 0000 ffffffff 1 R1 MOV 0 0 0 
2 0 0 1 0000 ffffffff 1 R1 MOV 0 0 0 
4 0 0 1 0000 ffffffff 1 R1 MOV 0 0 0 
43 0 0 0 0000 ffffffff 1 R1 MOV 0 0 0 
17 0 0 3 0000 ffffffff 1 R1 MOV 0 0 0 
41 0 0 1 0000 ffffffff 1 R1 MOV 0 0 0 
32 0 0 3 0000 ffffffff 1 R1 MOV 0 0 0 
28 0 0 2 0000 ffffffff 1 R1 MOV 0 0 0 
30 0 0 1 0000 ffffffff 1 R1 MOV 0 0 0 
29 0 0 1 0000 ffffffff 1 R1 MOV 0 0 0 
5 0 0 3 0000 ffffffff 1 R1 MOV 0 0 0 
27 0 0 2 0000 ffffffff 1 R1 MOV 0 0 0 
0 0 0 1 0000 ffffffff 1 R1 MOV 0 0 0 
34 0 0 3 0000 ffffffff 1 R1 MOV 0 0 0 
16 0 0 1 0000 ffffffff 1 R1 MOV 0 0 0 
15 0 0 0 0000 ffffffff 1 R1 MOV 0 0 0 
11 0 0 1 0000 ffffffff 1 R1 MOV 0 0 0 
33 0 0 1 0000 ffffffff 1 R1 MOV 0 0 0 
18 0 0 0 0000 ffffffff 1 R1 MOV 0 0 0 
48 0 0 2 0000 ffffffff 1 R1 MOV 0 0 0 
50 0 0 0 0000 ffffffff 1 R1 MOV 0 0 0 
23 0 0 2 0000 ffffffff 1 R1 MOV 0 0 0 
37 0 0 1 0000 ffffffff 1 R1 MOV 0 0 0 
1 0 0 3 0000 ffffffff 1 R1 MOV 0 0 0 
26 0 0 0 0000 ffffffff 1 R1 MOV 0 0 0 
22 0 0 3 0000 ffffffff 1 R1 MOV 0 0 0 
4 0 0 0 0000 ffffffff 1 R1 MOV 0 0 0 
9 0 0 0 0000 ffffffff 1 R1 MOV 0 0 0 
25 0 0 0 0000 ffffffff 1 R1 MOV 0 0 0 
39 0 0 2 0000 ffffffff 1 R1 MOV 0 0 0 
12 0 0 0 0000 ffffffff 1 R1 MOV 0 0 0 
54 0 0 0 0000 ffffffff 1 R1 MOV 0 0 0 
10 0 0 2 0000 ffffffff 1 R1 MOV 0 0 0 
35 0 0 0 0000 ffffffff 1 R1 MOV 0 0 0 
31 0 0 0 0000 ffffffff 1 R1 MOV 0 0 0 
7 0 0 3 0000 ffffffff 1 R1 MOV 0 0 0 
20 0 0 3 0000 ffffffff 1 R1 MOV 0 0 0 
8 0 0 0 0000 ffffffff 1 R1 MOV 0 0 0 
44 0 0 0 0000 ffffffff 1 R1 MOV 0 0 0 
3 0 0 3 0000 ffffffff 1 R1 MOV 0 0 0 
45 0 0 2 0000 ffffffff 1 R1 MOV 0 0 0 
13 0 0 0 0000 ffffffff 1 R1 MOV 0 0 0 
18 0 0 1 0000 ffffffff 1 R1 MOV 0 0 0 
42 0 0 0 0000 ffffffff 1 R1 MOV 0 0 0 
36 0 0 3 0000 ffffffff 1 R1 MOV 0 0 0 
29 0 0 2 0000 ffffffff 1 R1 MOV 0 0 0 
17 0 0 0 0000 ffffffff 1 R1 MOV 0 0 0 
21 0 0 1 0000 ffffffff 1 R1 MOV 0 0 0 
40 0 0 0 0000 ffffffff 1 R1 MOV 0 0 0 
34 0 0 0 0000 ffffffff 1 R1 MOV 0 0 0 
4 0 0 2 0000 ffffffff 1 R1 MOV 0 0 0 
15 0 0 1 0000 ffffffff 1 R1 MOV 0 0 0 
51 0 0 0 0000 ffffffff 1 R1 MOV 0 0 0 
19 0 0 2 0000 ffffffff 1 R1 MOV 0 0 0 
26 0 0 1 0000 ffffffff 1 R1 MOV 0 0 0 
22 0 0 0 0000 ffffffff 1 R1 MOV 0 0 0 
16 0 0 2 0000 ffffffff 1 R1 MOV 0 0 0 
23 0 0 0 0000 ffffffff 1 R1 MOV 0 0 0 
25 0 0 1 0000 ffffffff 1 R1 MOV 0 0 0 
41 0 0 2 0000 ffffffff 1 R1 MOV 0 0 0 
32 0 0 0 0000 ffffffff 1 R1 MOV 0 0 0 
8 0 0 2 0000 ffffffff 1 R1 MOV 0 0 0 
36 0 0 0 0000 ffffffff 1 R1 MOV 0 0 0 
49 0 0 3 0000 ffffffff 1 R1 MOV 0 0 0 
11 0 0 2 0000 ffffffff 1 R1 MOV 0 0 0 
7 0 0 2 0000 ffffffff 1 R1 MOV 0 0 0 
20 0 0 2 0000 ffffffff 1 R1 MOV 0 0 0 
34 0 0 1 0000 ffffffff 1 R1 MOV 0 0 0 
44 0 0 3 0000 ffffffff 1 R1 MOV 0 0 0 
43 0 0 2 0000 ffffffff 1 R1 MOV 0 0 0 
17 0 0 1 0000 ffffffff 1 R1 MOV 0 0 0 
47 0 0 2 0000 ffffffff 1 R1 MOV 0 0 0 
18 0 0 2 0000 ffffffff 1 R1 MOV 0 0 0 
48 0 0 3 0000 ffffffff 1 R1 MOV 0 0 0 
50 0 0 1 0000 ffffffff 1 R1 MOV 0 0 0 
9 0 0 1 0000 ffffffff 1 R1 MOV 0 0 0 
25 0 0 2 0000 ffffffff 1 R1 MOV 0 0 0 
33 0 0 2 0000 ffffffff 1 R1 MOV 0 0 0 
52 0 0 3 0000 ffffffff 1 R1 MOV 0 0 0 
22 0 0 1 0000 ffffffff 1 R1 MOV 0 0 0 
44 0 0 1 0000 ffffffff 1 R1 MOV 0 0 0 
35 0 0 1 0000 ffffffff 1 R1 MOV 0 0 0 
31 0 0 1 0000 ffffffff 1 R1 MOV 0 0 0 
1 0 0 0 0000 ffffffff 1 R1 MOV 0 0 0 
6 0 0 0 0000 ffffffff 1 R1 MOV 0 0 0 
14 0 0 3 0000 ffffffff 1 R1 MOV 0 0 0 
23 0 0 1 0000 ffffffff 1 R1 MOV 0 0 0 
17 0 0 2 0000 ffffffff 1 R1 MOV 0 0 0 
53 0 0 3 0000 ffffffff 1 R1 MOV 0 0 0 
12 0 0 1 0000 ffffffff 1 R1 MOV 0 0 0 
48 0 0 1 0000 ffffffff 1 R1 MOV 0 0 0 
9 0 0 3 0000 ffffffff 1 R1 MOV 0 0 0 
51 0 0 1 0000 ffffffff 1 R1 MOV 0 0 0 
7 0 0 0 0000 ffffffff 1 R1 MOV 0 0 0 
0 0 0 2 0000 ffffffff 1 R1 MOV 0 0 0 
2 0 0 2 0000 ffffffff 1 R1 MOV 0 0 0 
15 0 0 2 0000 ffffffff 1 R1 MOV 0 0 0 
5 0 0 1 0000 ffffffff 1 R1 MOV 0 0 0 
47 0 0 1 0000 ffffffff 1 R1 MOV 0 0 0 
18 0 0 3 0000 ffffffff 1 R1 MOV 0 0 0 
34 0 0 2 0000 ffffffff 1 R1 MOV 0 0 0 
3 0 0 2 0000 ffffffff 1 R1 MOV 0 0 0 
11 0 0 3 0000 ffffffff 1 R1 MOV 0 0 0 
21 0 0 2 0000 ffffffff 1 R1 MOV 0 0 0 
26 0 0 2 0000 ffffffff 1 R1 MOV 0 0 0 
22 0 0 2 0000 ffffffff 1 R1 MOV 0 0 0 
49 0 0 0 0000 ffffffff 1 R1 MOV 0 0 0 
37 0 0 2 0000 ffffffff 1 R1 MOV 0 0 0 
13 0 0 1 0000 ffffffff 1 R1 MOV 0 0 0 
46 0 0 3 0000 ffffffff 1 R1 MOV 0 0 0 
14 0 0 0 0000 ffffffff 1 R1 MOV 0 0 0 
9 0 0 2 0000 ffffffff 1 R1 MOV 0 0 0 
5 0 0 0 0000 ffffffff 1 R1 MOV 0 0 0 
41 0 0 3 0000 ffffffff 1 R1 MOV 0 0 0 
32 0 0 1 0000 ffffffff 1 R1 MOV 0 0 0 
2 0 0 3 0000 ffffffff 1 R1 MOV 0 0 0 
35 0 0 2 0000 ffffffff 1 R1 MOV 0 0 0 
31 0 0 2 0000 ffffffff 1 R1 MOV 0 0 0 
13 0 0 2 0000 ffffffff 1 R1 MOV 0 0 0 
20 0 0 0 0000 ffffffff 1 R1 MOV 0 0 0 
54 0 0 2 0000 ffffffff 1 R1 MOV 0 0 0 
3 0 0 0 0000 ffffffff 1 R1 MOV 0 0 0 
45 0 0 0 0000 ffffffff 1 R1 MOV 0 0 0 
47 0 0 3 0000 ffffffff 1 R1 MOV 0 0 0 
38 0 0 2 0000 ffffffff 1 R1 MOV 0 0 0 
42 0 0 1 0000 ffffffff 1 R1 MOV 0 0 0 
49 0 0 2 0000 ffffffff 1 R1 MOV 0 0 0 
51 0 0 2 0000 ffffffff 1 R1 MOV 0 0 0 
1 0 0 1 0000 ffffffff 1 R1 MOV 0 0 0 
52 0 0 0 0000 ffffffff 1 R1 MOV 0 0 0 
14 0 0 2 0000 ffffffff 1 R1 MOV 0 0 0 
43 0 0 1 0000 ffffffff 1 R1 MOV 0 0 0 
5 0 0 2 0000 ffffffff 1 R1 MOV 0 0 0 
53 0 0 0 0000 ffffffff 1 R1 MOV 0 0 0 
6 0 0 1 0000 ffffffff 1 R1 MOV 0 0 0 
2 0 0 0 0000 ffffffff 1 R1 MOV 0 0 0 
49 0 0 1 0000 ffffffff 1 R1 MOV 0 0 0 
11 0 0 0 0000 ffffffff 1 R1 MOV 0 0 0 
53 0 0 1 0000 ffffffff 1 R1 MOV 0 0 0 
40 0 0 1 0000 ffffffff 1 R1 MOV 0 0 0 
54 0 0 3 0000 ffffffff 1 R1 MOV 0 0 0 
43 0 0 3 0000 ffffffff 1 R1 MOV 0 0 0 
45 0 0 3 0000 ffffffff 1 R1 MOV 0 0 0 
41 0 0 0 0000 ffffffff 1 R1 MOV 0 0 0 
12 0 0 2 0000 ffffffff 1 R1 MOV 0 0 0 
42 0 0 2 0000 ffffffff 1 R1 MOV 0 0 0 
45 0 0 1 0000 ffffffff 1 R1 MOV 0 0 0 
20 0 0 1 0000 ffffffff 1 R1 MOV 0 0 0 
54 0 0 1 0000 ffffffff 1 R1 MOV 0 0 0 
51 0 0 3 0000 ffffffff 1 R1 MOV 0 0 0 
6 0 0 3 0000 ffffffff 1 R1 MOV 0 0 0 
42 0 0 3 0000 ffffffff 1 R1 MOV 0 0 0 
32 0 0 2 0000 ffffffff 1 R1 MOV 0 0 0 
0 0 0 3 0000 ffffffff 1 R1 MOV 0 0 0 
46 0 0 0 0000 ffffffff 1 R1 MOV 0 0 0 
52 0 0 1 0000 ffffffff 1 R1 MOV 0 0 0 
6 0 0 2 0000 ffffffff 1 R1 MOV 0 0 0 
12 0 0 3 0000 ffffffff 1 R1 MOV 0 0 0 
46 0 0 2 0000 ffffffff 1 R1 MOV 0 0 0 
0 0 0 0 0000 ffffffff 1 R1 MOV 0 0 0 
40 0 0 2 0000 ffffffff 1 R1 MOV 0 0 0 
46 0 0 1 0000 ffffffff 1 R1 MOV 0 0 0 
52 0 0 2 0000 ffffffff 1 R1 MOV 0 0 0 
40 0 0 3 0000 ffffffff 1 R1 MOV 0 0 0 
39 0 0 2 0010 ffffffff 1 R0 S2R 0 0 0 
16 0 0 3 0010 ffffffff 1 R0 S2R 0 0 0 
21 0 0 0 0010 ffffffff 1 R0 S2R 0 0 0 
19 0 0 0 0010 ffffffff 1 R0 S2R 0 0 0 
25 0 0 0 0010 ffffffff 1 R0 S2R 0 0 0 
30 0 0 1 0010 ffffffff 1 R0 S2R 0 0 0 
39 0 0 1 0010 ffffffff 1 R0 S2R 0 0 0 
32 0 0 0 0010 ffffffff 1 R0 S2R 0 0 0 
39 0 0 3 0010 ffffffff 1 R0 S2R 0 0 0 
31 0 0 3 0010 ffffffff 1 R0 S2R 0 0 0 
36 0 0 1 0010 ffffffff 1 R0 S2R 0 0 0 
19 0 0 3 0010 ffffffff 1 R0 S2R 0 0 0 
16 0 0 0 0010 ffffffff 1 R0 S2R 0 0 0 
39 0 0 0 0010 ffffffff 1 R0 S2R 0 0 0 
31 0 0 1 0010 ffffffff 1 R0 S2R 0 0 0 
30 0 0 2 0010 ffffffff 1 R0 S2R 0 0 0 
25 0 0 2 0010 ffffffff 1 R0 S2R 0 0 0 
30 0 0 3 0010 ffffffff 1 R0 S2R 0 0 0 
32 0 0 3 0010 ffffffff 1 R0 S2R 0 0 0 
31 0 0 2 0010 ffffffff 1 R0 S2R 0 0 0 
30 0 0 0 0010 ffffffff 1 R0 S2R 0 0 0 
37 0 0 0 0010 ffffffff 1 R0 S2R 0 0 0 
18 0 0 1 0010 ffffffff 1 R0 S2R 0 0 0 
15 0 0 0 0010 ffffffff 1 R0 S2R 0 0 0 
27 0 0 0 0010 ffffffff 1 R0 S2R 0 0 0 
24 0 0 3 0010 ffffffff 1 R0 S2R 0 0 0 
37 0 0 2 0010 ffffffff 1 R0 S2R 0 0 0 
38 0 0 3 0010 ffffffff 1 R0 S2R 0 0 0 
15 0 0 1 0010 ffffffff 1 R0 S2R 0 0 0 
27 0 0 1 0010 ffffffff 1 R0 S2R 0 0 0 
24 0 0 2 0010 ffffffff 1 R0 S2R 0 0 0 
18 0 0 3 0010 ffffffff 1 R0 S2R 0 0 0 
27 0 0 3 0010 ffffffff 1 R0 S2R 0 0 0 
29 0 0 0 0010 ffffffff 1 R0 S2R 0 0 0 
25 0 0 1 0010 ffffffff 1 R0 S2R 0 0 0 
35 0 0 0 0010 ffffffff 1 R0 S2R 0 0 0 
35 0 0 2 0010 ffffffff 1 R0 S2R 0 0 0 
33 0 0 3 0010 ffffffff 1 R0 S2R 0 0 0 
23 0 0 2 0010 ffffffff 1 R0 S2R 0 0 0 
35 0 0 3 0010 ffffffff 1 R0 S2R 0 0 0 
23 0 0 0 0010 ffffffff 1 R0 S2R 0 0 0 
37 0 0 3 0010 ffffffff 1 R0 S2R 0 0 0 
31 0 0 0 0010 ffffffff 1 R0 S2R 0 0 0 
26 0 0 3 0010 ffffffff 1 R0 S2R 0 0 0 
16 0 0 1 0010 ffffffff 1 R0 S2R 0 0 0 
17 0 0 2 0010 ffffffff 1 R0 S2R 0 0 0 
19 0 0 2 0010 ffffffff 1 R0 S2R 0 0 0 
33 0 0 0 0010 ffffffff 1 R0 S2R 0 0 0 
34 0 0 3 0010 ffffffff 1 R0 S2R 0 0 0 
27 0 0 2 0010 ffffffff 1 R0 S2R 0 0 0 
35 0 0 1 0010 ffffffff 1 R0 S2R 0 0 0 
34 0 0 0 0010 ffffffff 1 R0 S2R 0 0 0 
22 0 0 3 0010 ffffffff 1 R0 S2R 0 0 0 
22 0 0 0 0010 ffffffff 1 R0 S2R 0 0 0 
21 0 0 2 0010 ffffffff 1 R0 S2R 0 0 0 
20 0 0 2 0010 ffffffff 1 R0 S2R 0 0 0 
23 0 0 3 0010 ffffffff 1 R0 S2R 0 0 0 
28 0 0 0 0010 ffffffff 1 R0 S2R 0 0 0 
17 0 0 3 0010 ffffffff 1 R0 S2R 0 0 0 
34 0 0 1 0010 ffffffff 1 R0 S2R 0 0 0 
24 0 0 1 0010 ffffffff 1 R0 S2R 0 0 0 
38 0 0 0 0010 ffffffff 1 R0 S2R 0 0 0 
33 0 0 1 0010 ffffffff 1 R0 S2R 0 0 0 
23 0 0 1 0010 ffffffff 1 R0 S2R 0 0 0 
32 0 0 2 0010 ffffffff 1 R0 S2R 0 0 0 
28 0 0 1 0010 ffffffff 1 R0 S2R 0 0 0 
36 0 0 0 0010 ffffffff 1 R0 S2R 0 0 0 
24 0 0 0 0010 ffffffff 1 R0 S2R 0 0 0 
19 0 0 1 0010 ffffffff 1 R0 S2R 0 0 0 
15 0 0 3 0010 ffffffff 1 R0 S2R 0 0 0 
28 0 0 2 0010 ffffffff 1 R0 S2R 0 0 0 
22 0 0 1 0010 ffffffff 1 R0 S2R 0 0 0 
26 0 0 0 0010 ffffffff 1 R0 S2R 0 0 0 
32 0 0 1 0010 ffffffff 1 R0 S2R 0 0 0 
22 0 0 2 0010 ffffffff 1 R0 S2R 0 0 0 
20 0 0 0 0010 ffffffff 1 R0 S2R 0 0 0 
17 0 0 1 0010 ffffffff 1 R0 S2R 0 0 0 
18 0 0 0 0010 ffffffff 1 R0 S2R 0 0 0 
20 0 0 1 0010 ffffffff 1 R0 S2R 0 0 0 
21 0 0 3 0010 ffffffff 1 R0 S2R 0 0 0 
25 0 0 3 0010 ffffffff 1 R0 S2R 0 0 0 
18 0 0 2 0010 ffffffff 1 R0 S2R 0 0 0 
37 0 0 1 0010 ffffffff 1 R0 S2R 0 0 0 
21 0 0 1 0010 ffffffff 1 R0 S2R 0 0 0 
29 0 0 2 0010 ffffffff 1 R0 S2R 0 0 0 
29 0 0 1 0010 ffffffff 1 R0 S2R 0 0 0 
38 0 0 1 0010 ffffffff 1 R0 S2R 0 0 0 
29 0 0 3 0010 ffffffff 1 R0 S2R 0 0 0 
38 0 0 2 0010 ffffffff 1 R0 S2R 0 0 0 
26 0 0 1 0010 ffffffff 1 R0 S2R 0 0 0 
15 0 0 2 0010 ffffffff 1 R0 S2R 0 0 0 
28 0 0 3 0010 ffffffff 1 R0 S2R 0 0 0 
20 0 0 3 0010 ffffffff 1 R0 S2R 0 0 0 
33 0 0 2 0010 ffffffff 1 R0 S2R 0 0 0 
36 0 0 3 0010 ffffffff 1 R0 S2R 0 0 0 
17 0 0 0 0010 ffffffff 1 R0 S2R 0 0 0 
16 0 0 2 0010 ffffffff 1 R0 S2R 0 0 0 
34 0 0 2 0010 ffffffff 1 R0 S2R 0 0 0 
36 0 0 2 0010 ffffffff 1 R0 S2R 0 0 0 
26 0 0 2 0010 ffffffff 1 R0 S2R 0 0 0 
48 0 0 2 0010 ffffffff 1 R0 S2R 0 0 0 
54 0 0 1 0010 ffffffff 1 R0 S2R 0 0 0 
10 0 0 0 0010 ffffffff 1 R0 S2R 0 0 0 
47 0 0 0 0010 ffffffff 1 R0 S2R 0 0 0 
54 0 0 0 0010 ffffffff 1 R0 S2R 0 0 0 
2 0 0 2 0010 ffffffff 1 R0 S2R 0 0 0 
0 0 0 1 0010 ffffffff 1 R0 S2R 0 0 0 
7 0 0 1 0010 ffffffff 1 R0 S2R 0 0 0 
52 0 0 2 0010 ffffffff 1 R0 S2R 0 0 0 
7 0 0 3 0010 ffffffff 1 R0 S2R 0 0 0 
11 0 0 0 0010 ffffffff 1 R0 S2R 0 0 0 
6 0 0 2 0010 ffffffff 1 R0 S2R 0 0 0 
14 0 0 2 0010 ffffffff 1 R0 S2R 0 0 0 
41 0 0 0 0010 ffffffff 1 R0 S2R 0 0 0 
1 0 0 3 0010 ffffffff 1 R0 S2R 0 0 0 
41 0 0 3 0010 ffffffff 1 R0 S2R 0 0 0 
1 0 0 0 0010 ffffffff 1 R0 S2R 0 0 0 
4 0 0 1 0010 ffffffff 1 R0 S2R 0 0 0 
14 0 0 0 0010 ffffffff 1 R0 S2R 0 0 0 
47 0 0 3 0010 ffffffff 1 R0 S2R 0 0 0 
54 0 0 3 0010 ffffffff 1 R0 S2R 0 0 0 
51 0 0 3 0010 ffffffff 1 R0 S2R 0 0 0 
14 0 0 1 0010 ffffffff 1 R0 S2R 0 0 0 
13 0 0 3 0010 ffffffff 1 R0 S2R 0 0 0 
53 0 0 3 0010 ffffffff 1 R0 S2R 0 0 0 
13 0 0 0 0010 ffffffff 1 R0 S2R 0 0 0 
53 0 0 2 0010 ffffffff 1 R0 S2R 0 0 0 
45 0 0 1 0010 ffffffff 1 R0 S2R 0 0 0 
53 0 0 0 0010 ffffffff 1 R0 S2R 0 0 0 
4 0 0 2 0010 ffffffff 1 R0 S2R 0 0 0 
4 0 0 3 0010 ffffffff 1 R0 S2R 0 0 0 
4 0 0 0 0010 ffffffff 1 R0 S2R 0 0 0 
48 0 0 0 0010 ffffffff 1 R0 S2R 0 0 0 
8 0 0 1 0010 ffffffff 1 R0 S2R 0 0 0 
42 0 0 3 0010 ffffffff 1 R0 S2R 0 0 0 
40 0 0 3 0010 ffffffff 1 R0 S2R 0 0 0 
41 0 0 1 0010 ffffffff 1 R0 S2R 0 0 0 
48 0 0 1 0010 ffffffff 1 R0 S2R 0 0 0 
8 0 0 3 0010 ffffffff 1 R0 S2R 0 0 0 
41 0 0 2 0010 ffffffff 1 R0 S2R 0 0 0 
44 0 0 3 0010 ffffffff 1 R0 S2R 0 0 0 
13 0 0 1 0010 ffffffff 1 R0 S2R 0 0 0 
47 0 0 2 0010 ffffffff 1 R0 S2R 0 0 0 
44 0 0 1 0010 ffffffff 1 R0 S2R 0 0 0 
7 0 0 0 0010 ffffffff 1 R0 S2R 0 0 0 
54 0 0 2 0010 ffffffff 1 R0 S2R 0 0 0 
13 0 0 2 0010 ffffffff 1 R0 S2R 0 0 0 
7 0 0 2 0010 ffffffff 1 R0 S2R 0 0 0 
11 0 0 3 0010 ffffffff 1 R0 S2R 0 0 0 
14 0 0 3 0010 ffffffff 1 R0 S2R 0 0 0 
47 0 0 1 0010 ffffffff 1 R0 S2R 0 0 0 
12 0 0 3 0010 ffffffff 1 R0 S2R 0 0 0 
6 0 0 3 0010 ffffffff 1 R0 S2R 0 0 0 
40 0 0 2 0010 ffffffff 1 R0 S2R 0 0 0 
44 0 0 0 0010 ffffffff 1 R0 S2R 0 0 0 
8 0 0 0 0010 ffffffff 1 R0 S2R 0 0 0 
6 0 0 0 0010 ffffffff 1 R0 S2R 0 0 0 
6 0 0 1 0010 ffffffff 1 R0 S2R 0 0 0 
1 0 0 2 0010 ffffffff 1 R0 S2R 0 0 0 
44 0 0 2 0010 ffffffff 1 R0 S2R 0 0 0 
8 0 0 2 0010 ffffffff 1 R0 S2R 0 0 0 
53 0 0 1 0010 ffffffff 1 R0 S2R 0 0 0 
1 0 0 1 0010 ffffffff 1 R0 S2R 0 0 0 
50 0 0 3 0010 ffffffff 1 R0 S2R 0 0 0 
10 0 0 2 0010 ffffffff 1 R0 S2R 0 0 0 
10 0 0 3 0010 ffffffff 1 R0 S2R 0 0 0 
50 0 0 2 0010 ffffffff 1 R0 S2R 0 0 0 
46 0 0 1 0010 ffffffff 1 R0 S2R 0 0 0 
46 0 0 2 0010 ffffffff 1 R0 S2R 0 0 0 
40 0 0 1 0010 ffffffff 1 R0 S2R 0 0 0 
0 0 0 3 0010 ffffffff 1 R0 S2R 0 0 0 
12 0 0 1 0010 ffffffff 1 R0 S2R 0 0 0 
52 0 0 3 0010 ffffffff 1 R0 S2R 0 0 0 
5 0 0 1 0010 ffffffff 1 R0 S2R 0 0 0 
5 0 0 2 0010 ffffffff 1 R0 S2R 0 0 0 
48 0 0 3 0010 ffffffff 1 R0 S2R 0 0 0 
5 0 0 3 0010 ffffffff 1 R0 S2R 0 0 0 
2 0 0 3 0010 ffffffff 1 R0 S2R 0 0 0 
42 0 0 1 0010 ffffffff 1 R0 S2R 0 0 0 
12 0 0 0 0010 ffffffff 1 R0 S2R 0 0 0 
10 0 0 1 0010 ffffffff 1 R0 S2R 0 0 0 
2 0 0 0 0010 ffffffff 1 R0 S2R 0 0 0 
45 0 0 2 0010 ffffffff 1 R0 S2R 0 0 0 
50 0 0 0 0010 ffffffff 1 R0 S2R 0 0 0 
43 0 0 0 0010 ffffffff 1 R0 S2R 0 0 0 
0 0 0 2 0010 ffffffff 1 R0 S2R 0 0 0 
2 0 0 1 0010 ffffffff 1 R0 S2R 0 0 0 
50 0 0 1 0010 ffffffff 1 R0 S2R 0 0 0 
3 0 0 0 0010 ffffffff 1 R0 S2R 0 0 0 
11 0 0 1 0010 ffffffff 1 R0 S2R 0 0 0 
51 0 0 1 0010 ffffffff 1 R0 S2R 0 0 0 
3 0 0 1 0010 ffffffff 1 R0 S2R 0 0 0 
43 0 0 2 0010 ffffffff 1 R0 S2R 0 0 0 
3 0 0 2 0010 ffffffff 1 R0 S2R 0 0 0 
3 0 0 3 0010 ffffffff 1 R0 S2R 0 0 0 
11 0 0 2 0010 ffffffff 1 R0 S2R 0 0 0 
43 0 0 1 0010 ffffffff 1 R0 S2R 0 0 0 
45 0 0 0 0010 ffffffff 1 R0 S2R 0 0 0 
0 0 0 0 0010 ffffffff 1 R0 S2R 0 0 0 
5 0 0 0 0010 ffffffff 1 R0 S2R 0 0 0 
40 0 0 0 0010 ffffffff 1 R0 S2R 0 0 0 
42 0 0 0 0010 ffffffff 1 R0 S2R 0 0 0 
42 0 0 2 0010 ffffffff 1 R0 S2R 0 0 0 
46 0 0 0 0010 ffffffff 1 R0 S2R 0 0 0 
46 0 0 3 0010 ffffffff 1 R0 S2R 0 0 0 
45 0 0 3 0010 ffffffff 1 R0 S2R 0 0 0 
52 0 0 0 0010 ffffffff 1 R0 S2R 0 0 0 
12 0 0 2 0010 ffffffff 1 R0 S2R 0 0 0 
52 0 0 1 0010 ffffffff 1 R0 S2R 0 0 0 
51 0 0 0 0010 ffffffff 1 R0 S2R 0 0 0 
51 0 0 2 0010 ffffffff 1 R0 S2R 0 0 0 
43 0 0 3 0010 ffffffff 1 R0 S2R 0 0 0 
49 0 0 0 0010 ffffffff 1 R0 S2R 0 0 0 
9 0 0 0 0010 ffffffff 1 R0 S2R 0 0 0 
9 0 0 3 0010 ffffffff 1 R0 S2R 0 0 0 
49 0 0 1 0010 ffffffff 1 R0 S2R 0 0 0 
49 0 0 2 0010 ffffffff 1 R0 S2R 0 0 0 
9 0 0 2 0010 ffffffff 1 R0 S2R 0 0 0 
9 0 0 1 0010 ffffffff 1 R0 S2R 0 0 0 
49 0 0 3 0010 ffffffff 1 R0 S2R 0 0 0 
19 0 0 0 0020 ffffffff 1 R0 SHF.L.U32 2 R0 R255 0 10 
39 0 0 0 0020 ffffffff 1 R0 SHF.L.U32 2 R0 R255 0 10 
39 0 0 3 0020 ffffffff 1 R0 SHF.L.U32 2 R0 R255 0 10 
19 0 0 2 0020 ffffffff 1 R0 SHF.L.U32 2 R0 R255 0 10 
35 0 0 0 0020 ffffffff 1 R0 SHF.L.U32 2 R0 R255 0 10 
33 0 0 2 0020 ffffffff 1 R0 SHF.L.U32 2 R0 R255 0 10 
25 0 0 3 0020 ffffffff 1 R0 SHF.L.U32 2 R0 R255 0 10 
31 0 0 0 0020 ffffffff 1 R0 SHF.L.U32 2 R0 R255 0 10 
39 0 0 2 0020 ffffffff 1 R0 SHF.L.U32 2 R0 R255 0 10 
32 0 0 0 0020 ffffffff 1 R0 SHF.L.U32 2 R0 R255 0 10 
17 0 0 1 0020 ffffffff 1 R0 SHF.L.U32 2 R0 R255 0 10 
21 0 0 3 0020 ffffffff 1 R0 SHF.L.U32 2 R0 R255 0 10 
34 0 0 0 0020 ffffffff 1 R0 SHF.L.U32 2 R0 R255 0 10 
33 0 0 1 0020 ffffffff 1 R0 SHF.L.U32 2 R0 R255 0 10 
25 0 0 0 0020 ffffffff 1 R0 SHF.L.U32 2 R0 R255 0 10 
31 0 0 2 0020 ffffffff 1 R0 SHF.L.U32 2 R0 R255 0 10 
19 0 0 1 0020 ffffffff 1 R0 SHF.L.U32 2 R0 R255 0 10 
19 0 0 3 0020 ffffffff 1 R0 SHF.L.U32 2 R0 R255 0 10 
36 0 0 0 0020 ffffffff 1 R0 SHF.L.U32 2 R0 R255 0 10 
27 0 0 0 0020 ffffffff 1 R0 SHF.L.U32 2 R0 R255 0 10 
30 0 0 2 0020 ffffffff 1 R0 SHF.L.U32 2 R0 R255 0 10 
20 0 0 0 0020 ffffffff 1 R0 SHF.L.U32 2 R0 R255 0 10 
17 0 0 0 0020 ffffffff 1 R0 SHF.L.U32 2 R0 R255 0 10 
16 0 0 0 0020 ffffffff 1 R0 SHF.L.U32 2 R0 R255 0 10 
30 0 0 1 0020 ffffffff 1 R0 SHF.L.U32 2 R0 R255 0 10 
30 0 0 0 0020 ffffffff 1 R0 SHF.L.U32 2 R0 R255 0 10 
20 0 0 3 0020 ffffffff 1 R0 SHF.L.U32 2 R0 R255 0 10 
38 0 0 1 0020 ffffffff 1 R0 SHF.L.U32 2 R0 R255 0 10 
37 0 0 1 0020 ffffffff 1 R0 SHF.L.U32 2 R0 R255 0 10 
22 0 0 1 0020 ffffffff 1 R0 SHF.L.U32 2 R0 R255 0 10 
15 0 0 2 0020 ffffffff 1 R0 SHF.L.U32 2 R0 R255 0 10 
16 0 0 1 0020 ffffffff 1 R0 SHF.L.U32 2 R0 R255 0 10 
32 0 0 1 0020 ffffffff 1 R0 SHF.L.U32 2 R0 R255 0 10 
23 0 0 3 0020 ffffffff 1 R0 SHF.L.U32 2 R0 R255 0 10 
16 0 0 3 0020 ffffffff 1 R0 SHF.L.U32 2 R0 R255 0 10 
16 0 0 2 0020 ffffffff 1 R0 SHF.L.U32 2 R0 R255 0 10 
35 0 0 1 0020 ffffffff 1 R0 SHF.L.U32 2 R0 R255 0 10 
25 0 0 1 0020 ffffffff 1 R0 SHF.L.U32 2 R0 R255 0 10 
34 0 0 3 0020 ffffffff 1 R0 SHF.L.U32 2 R0 R255 0 10 
36 0 0 2 0020 ffffffff 1 R0 SHF.L.U32 2 R0 R255 0 10 
17 0 0 3 0020 ffffffff 1 R0 SHF.L.U32 2 R0 R255 0 10 
36 0 0 3 0020 ffffffff 1 R0 SHF.L.U32 2 R0 R255 0 10 
21 0 0 1 0020 ffffffff 1 R0 SHF.L.U32 2 R0 R255 0 10 
38 0 0 2 0020 ffffffff 1 R0 SHF.L.U32 2 R0 R255 0 10 
25 0 0 2 0020 ffffffff 1 R0 SHF.L.U32 2 R0 R255 0 10 
32 0 0 2 0020 ffffffff 1 R0 SHF.L.U32 2 R0 R255 0 10 
22 0 0 2 0020 ffffffff 1 R0 SHF.L.U32 2 R0 R255 0 10 
31 0 0 3 0020 ffffffff 1 R0 SHF.L.U32 2 R0 R255 0 10 
39 0 0 1 0020 ffffffff 1 R0 SHF.L.U32 2 R0 R255 0 10 
33 0 0 3 0020 ffffffff 1 R0 SHF.L.U32 2 R0 R255 0 10 
29 0 0 0 0020 ffffffff 1 R0 SHF.L.U32 2 R0 R255 0 10 
22 0 0 0 0020 ffffffff 1 R0 SHF.L.U32 2 R0 R255 0 10 
17 0 0 2 0020 ffffffff 1 R0 SHF.L.U32 2 R0 R255 0 10 
28 0 0 3 0020 ffffffff 1 R0 SHF.L.U32 2 R0 R255 0 10 
34 0 0 2 0020 ffffffff 1 R0 SHF.L.U32 2 R0 R255 0 10 
15 0 0 3 0020 ffffffff 1 R0 SHF.L.U32 2 R0 R255 0 10 
22 0 0 3 0020 ffffffff 1 R0 SHF.L.U32 2 R0 R255 0 10 
38 0 0 3 0020 ffffffff 1 R0 SHF.L.U32 2 R0 R255 0 10 
38 0 0 0 0020 ffffffff 1 R0 SHF.L.U32 2 R0 R255 0 10 
31 0 0 1 0020 ffffffff 1 R0 SHF.L.U32 2 R0 R255 0 10 
20 0 0 1 0020 ffffffff 1 R0 SHF.L.U32 2 R0 R255 0 10 
27 0 0 2 0020 ffffffff 1 R0 SHF.L.U32 2 R0 R255 0 10 
21 0 0 0 0020 ffffffff 1 R0 SHF.L.U32 2 R0 R255 0 10 
21 0 0 2 0020 ffffffff 1 R0 SHF.L.U32 2 R0 R255 0 10 
33 0 0 0 0020 ffffffff 1 R0 SHF.L.U32 2 R0 R255 0 10 
29 0 0 1 0020 ffffffff 1 R0 SHF.L.U32 2 R0 R255 0 10 
28 0 0 2 0020 ffffffff 1 R0 SHF.L.U32 2 R0 R255 0 10 
29 0 0 3 0020 ffffffff 1 R0 SHF.L.U32 2 R0 R255 0 10 
24 0 0 0 0020 ffffffff 1 R0 SHF.L.U32 2 R0 R255 0 10 
32 0 0 3 0020 ffffffff 1 R0 SHF.L.U32 2 R0 R255 0 10 
23 0 0 2 0020 ffffffff 1 R0 SHF.L.U32 2 R0 R255 0 10 
37 0 0 3 0020 ffffffff 1 R0 SHF.L.U32 2 R0 R255 0 10 
27 0 0 3 0020 ffffffff 1 R0 SHF.L.U32 2 R0 R255 0 10 
27 0 0 1 0020 ffffffff 1 R0 SHF.L.U32 2 R0 R255 0 10 
18 0 0 0 0020 ffffffff 1 R0 SHF.L.U32 2 R0 R255 0 10 
18 0 0 2 0020 ffffffff 1 R0 SHF.L.U32 2 R0 R255 0 10 
36 0 0 1 0020 ffffffff 1 R0 SHF.L.U32 2 R0 R255 0 10 
15 0 0 0 0020 ffffffff 1 R0 SHF.L.U32 2 R0 R255 0 10 
28 0 0 0 0020 ffffffff 1 R0 SHF.L.U32 2 R0 R255 0 10 
15 0 0 1 0020 ffffffff 1 R0 SHF.L.U32 2 R0 R255 0 10 
26 0 0 0 0020 ffffffff 1 R0 SHF.L.U32 2 R0 R255 0 10 
35 0 0 3 0020 ffffffff 1 R0 SHF.L.U32 2 R0 R255 0 10 
35 0 0 2 0020 ffffffff 1 R0 SHF.L.U32 2 R0 R255 0 10 
23 0 0 1 0020 ffffffff 1 R0 SHF.L.U32 2 R0 R255 0 10 
28 0 0 1 0020 ffffffff 1 R0 SHF.L.U32 2 R0 R255 0 10 
18 0 0 3 0020 ffffffff 1 R0 SHF.L.U32 2 R0 R255 0 10 
26 0 0 2 0020 ffffffff 1 R0 SHF.L.U32 2 R0 R255 0 10 
24 0 0 1 0020 ffffffff 1 R0 SHF.L.U32 2 R0 R255 0 10 
24 0 0 2 0020 ffffffff 1 R0 SHF.L.U32 2 R0 R255 0 10 
23 0 0 0 0020 ffffffff 1 R0 SHF.L.U32 2 R0 R255 0 10 
34 0 0 1 0020 ffffffff 1 R0 SHF.L.U32 2 R0 R255 0 10 
20 0 0 2 0020 ffffffff 1 R0 SHF.L.U32 2 R0 R255 0 10 
29 0 0 2 0020 ffffffff 1 R0 SHF.L.U32 2 R0 R255 0 10 
37 0 0 2 0020 ffffffff 1 R0 SHF.L.U32 2 R0 R255 0 10 
37 0 0 0 0020 ffffffff 1 R0 SHF.L.U32 2 R0 R255 0 10 
30 0 0 3 0020 ffffffff 1 R0 SHF.L.U32 2 R0 R255 0 10 
24 0 0 3 0020 ffffffff 1 R0 SHF.L.U32 2 R0 R255 0 10 
26 0 0 1 0020 ffffffff 1 R0 SHF.L.U32 2 R0 R255 0 10 
18 0 0 1 0020 ffffffff 1 R0 SHF.L.U32 2 R0 R255 0 10 
26 0 0 3 0020 ffffffff 1 R0 SHF.L.U32 2 R0 R255 0 10 
54 0 0 1 0020 ffffffff 1 R0 SHF.L.U32 2 R0 R255 0 10 
54 0 0 3 0020 ffffffff 1 R0 SHF.L.U32 2 R0 R255 0 10 
52 0 0 1 0020 ffffffff 1 R0 SHF.L.U32 2 R0 R255 0 10 
52 0 0 2 0020 ffffffff 1 R0 SHF.L.U32 2 R0 R255 0 10 
52 0 0 3 0020 ffffffff 1 R0 SHF.L.U32 2 R0 R255 0 10 
12 0 0 1 0020 ffffffff 1 R0 SHF.L.U32 2 R0 R255 0 10 
7 0 0 0 0020 ffffffff 1 R0 SHF.L.U32 2 R0 R255 0 10 
10 0 0 2 0020 ffffffff 1 R0 SHF.L.U32 2 R0 R255 0 10 
47 0 0 2 0020 ffffffff 1 R0 SHF.L.U32 2 R0 R255 0 10 
44 0 0 1 0020 ffffffff 1 R0 SHF.L.U32 2 R0 R255 0 10 
53 0 0 1 0020 ffffffff 1 R0 SHF.L.U32 2 R0 R255 0 10 
12 0 0 0 0020 ffffffff 1 R0 SHF.L.U32 2 R0 R255 0 10 
7 0 0 3 0020 ffffffff 1 R0 SHF.L.U32 2 R0 R255 0 10 
14 0 0 1 0020 ffffffff 1 R0 SHF.L.U32 2 R0 R255 0 10 
7 0 0 1 0020 ffffffff 1 R0 SHF.L.U32 2 R0 R255 0 10 
41 0 0 1 0020 ffffffff 1 R0 SHF.L.U32 2 R0 R255 0 10 
48 0 0 1 0020 ffffffff 1 R0 SHF.L.U32 2 R0 R255 0 10 
51 0 0 3 0020 ffffffff 1 R0 SHF.L.U32 2 R0 R255 0 10 
45 0 0 0 0020 ffffffff 1 R0 SHF.L.U32 2 R0 R255 0 10 
12 0 0 3 0020 ffffffff 1 R0 SHF.L.U32 2 R0 R255 0 10 
40 0 0 1 0020 ffffffff 1 R0 SHF.L.U32 2 R0 R255 0 10 
47 0 0 1 0020 ffffffff 1 R0 SHF.L.U32 2 R0 R255 0 10 
46 0 0 0 0020 ffffffff 1 R0 SHF.L.U32 2 R0 R255 0 10 
42 0 0 1 0020 ffffffff 1 R0 SHF.L.U32 2 R0 R255 0 10 
2 0 0 1 0020 ffffffff 1 R0 SHF.L.U32 2 R0 R255 0 10 
4 0 0 2 0020 ffffffff 1 R0 SHF.L.U32 2 R0 R255 0 10 
48 0 0 2 0020 ffffffff 1 R0 SHF.L.U32 2 R0 R255 0 10 
7 0 0 2 0020 ffffffff 1 R0 SHF.L.U32 2 R0 R255 0 10 
50 0 0 3 0020 ffffffff 1 R0 SHF.L.U32 2 R0 R255 0 10 
10 0 0 1 0020 ffffffff 1 R0 SHF.L.U32 2 R0 R255 0 10 
10 0 0 3 0020 ffffffff 1 R0 SHF.L.U32 2 R0 R255 0 10 
50 0 0 0 0020 ffffffff 1 R0 SHF.L.U32 2 R0 R255 0 10 
52 0 0 0 0020 ffffffff 1 R0 SHF.L.U32 2 R0 R255 0 10 
50 0 0 2 0020 ffffffff 1 R0 SHF.L.U32 2 R0 R255 0 10 
39 0 0 0 0030 ffffffff 1 R2 IADD3 2 R0 R255 0 0 
19 0 0 0 0030 ffffffff 1 R2 IADD3 2 R0 R255 0 0 
5 0 0 1 0020 ffffffff 1 R0 SHF.L.U32 2 R0 R255 0 10 
10 0 0 0 0020 ffffffff 1 R0 SHF.L.U32 2 R0 R255 0 10 
4 0 0 3 0020 ffffffff 1 R0 SHF.L.U32 2 R0 R255 0 10 
45 0 0 1 0020 ffffffff 1 R0 SHF.L.U32 2 R0 R255 0 10 
53 0 0 3 0020 ffffffff 1 R0 SHF.L.U32 2 R0 R255 0 10 
44 0 0 3 0020 ffffffff 1 R0 SHF.L.U32 2 R0 R255 0 10 
50 0 0 1 0020 ffffffff 1 R0 SHF.L.U32 2 R0 R255 0 10 
46 0 0 2 0020 ffffffff 1 R0 SHF.L.U32 2 R0 R255 0 10 
47 0 0 0 0020 ffffffff 1 R0 SHF.L.U32 2 R0 R255 0 10 
47 0 0 3 0020 ffffffff 1 R0 SHF.L.U32 2 R0 R255 0 10 
1 0 0 2 0020 ffffffff 1 R0 SHF.L.U32 2 R0 R255 0 10 
45 0 0 2 0020 ffffffff 1 R0 SHF.L.U32 2 R0 R255 0 10 
1 0 0 0 0020 ffffffff 1 R0 SHF.L.U32 2 R0 R255 0 10 
12 0 0 2 0020 ffffffff 1 R0 SHF.L.U32 2 R0 R255 0 10 
1 0 0 3 0020 ffffffff 1 R0 SHF.L.U32 2 R0 R255 0 10 
39 0 0 2 0030 ffffffff 1 R2 IADD3 2 R0 R255 0 0 
0 0 0 1 0020 ffffffff 1 R0 SHF.L.U32 2 R0 R255 0 10 
8 0 0 1 0020 ffffffff 1 R0 SHF.L.U32 2 R0 R255 0 10 
42 0 0 2 0020 ffffffff 1 R0 SHF.L.U32 2 R0 R255 0 10 
3 0 0 1 0020 ffffffff 1 R0 SHF.L.U32 2 R0 R255 0 10 
4 0 0 1 0020 ffffffff 1 R0 SHF.L.U32 2 R0 R255 0 10 
2 0 0 2 0020 ffffffff 1 R0 SHF.L.U32 2 R0 R255 0 10 
5 0 0 3 0020 ffffffff 1 R0 SHF.L.U32 2 R0 R255 0 10 
51 0 0 1 0020 ffffffff 1 R0 SHF.L.U32 2 R0 R255 0 10 
54 0 0 2 0020 ffffffff 1 R0 SHF.L.U32 2 R0 R255 0 10 
1 0 0 1 0020 ffffffff 1 R0 SHF.L.U32 2 R0 R255 0 10 
33 0 0 2 0030 ffffffff 1 R2 IADD3 2 R0 R255 0 0 
44 0 0 2 0020 ffffffff 1 R0 SHF.L.U32 2 R0 R255 0 10 
13 0 0 3 0020 ffffffff 1 R0 SHF.L.U32 2 R0 R255 0 10 
19 0 0 1 0030 ffffffff 1 R2 IADD3 2 R0 R255 0 0 
13 0 0 1 0020 ffffffff 1 R0 SHF.L.U32 2 R0 R255 0 10 
53 0 0 0 0020 ffffffff 1 R0 SHF.L.U32 2 R0 R255 0 10 
53 0 0 2 0020 ffffffff 1 R0 SHF.L.U32 2 R0 R255 0 10 
4 0 0 0 0020 ffffffff 1 R0 SHF.L.U32 2 R0 R255 0 10 
19 0 0 2 0030 ffffffff 1 R2 IADD3 2 R0 R255 0 0 
54 0 0 0 0020 ffffffff 1 R0 SHF.L.U32 2 R0 R255 0 10 
11 0 0 3 0020 ffffffff 1 R0 SHF.L.U32 2 R0 R255 0 10 
48 0 0 3 0020 ffffffff 1 R0 SHF.L.U32 2 R0 R255 0 10 
14 0 0 3 0020 ffffffff 1 R0 SHF.L.U32 2 R0 R255 0 10 
41 0 0 0 0020 ffffffff 1 R0 SHF.L.U32 2 R0 R255 0 10 
3 0 0 2 0020 ffffffff 1 R0 SHF.L.U32 2 R0 R255 0 10 
42 0 0 3 0020 ffffffff 1 R0 SHF.L.U32 2 R0 R255 0 10 
41 0 0 2 0020 ffffffff 1 R0 SHF.L.U32 2 R0 R255 0 10 
13 0 0 2 0020 ffffffff 1 R0 SHF.L.U32 2 R0 R255 0 10 
13 0 0 0 0020 ffffffff 1 R0 SHF.L.U32 2 R0 R255 0 10 
0 0 0 3 0020 ffffffff 1 R0 SHF.L.U32 2 R0 R255 0 10 
8 0 0 2 0020 ffffffff 1 R0 SHF.L.U32 2 R0 R255 0 10 
46 0 0 1 0020 ffffffff 1 R0 SHF.L.U32 2 R0 R255 0 10 
44 0 0 0 0020 ffffffff 1 R0 SHF.L.U32 2 R0 R255 0 10 
19 0 0 3 0030 ffffffff 1 R2 IADD3 2 R0 R255 0 0 
40 0 0 2 0020 ffffffff 1 R0 SHF.L.U32 2 R0 R255 0 10 
40 0 0 0 0020 ffffffff 1 R0 SHF.L.U32 2 R0 R255 0 10 
49 0 0 2 0020 ffffffff 1 R0 SHF.L.U32 2 R0 R255 0 10 
27 0 0 0 0030 ffffffff 1 R2 IADD3 2 R0 R255 0 0 
39 0 0 3 0030 ffffffff 1 R2 IADD3 2 R0 R255 0 0 
2 0 0 3 0020 ffffffff 1 R0 SHF.L.U32 2 R0 R255 0 10 
40 0 0 3 0020 ffffffff 1 R0 SHF.L.U32 2 R0 R255 0 10 
46 0 0 3 0020 ffffffff 1 R0 SHF.L.U32 2 R0 R255 0 10 
41 0 0 3 0020 ffffffff 1 R0 SHF.L.U32 2 R0 R255 0 10 
9 0 0 1 0020 ffffffff 1 R0 SHF.L.U32 2 R0 R255 0 10 
5 0 0 2 0020 ffffffff 1 R0 SHF.L.U32 2 R0 R255 0 10 
42 0 0 0 0020 ffffffff 1 R0 SHF.L.U32 2 R0 R255 0 10 
21 0 0 3 0030 ffffffff 1 R2 IADD3 2 R0 R255 0 0 
2 0 0 0 0020 ffffffff 1 R0 SHF.L.U32 2 R0 R255 0 10 
8 0 0 3 0020 ffffffff 1 R0 SHF.L.U32 2 R0 R255 0 10 
5 0 0 0 0020 ffffffff 1 R0 SHF.L.U32 2 R0 R255 0 10 
11 0 0 1 0020 ffffffff 1 R0 SHF.L.U32 2 R0 R255 0 10 
21 0 0 0 0030 ffffffff 1 R2 IADD3 2 R0 R255 0 0 
33 0 0 3 0030 ffffffff 1 R2 IADD3 2 R0 R255 0 0 
35 0 0 0 0030 ffffffff 1 R2 IADD3 2 R0 R255 0 0 
14 0 0 2 0020 ffffffff 1 R0 SHF.L.U32 2 R0 R255 0 10 
34 0 0 0 0030 ffffffff 1 R2 IADD3 2 R0 R255 0 0 
43 0 0 0 0020 ffffffff 1 R0 SHF.L.U32 2 R0 R255 0 10 
32 0 0 0 0030 ffffffff 1 R2 IADD3 2 R0 R255 0 0 
43 0 0 2 0020 ffffffff 1 R0 SHF.L.U32 2 R0 R255 0 10 
49 0 0 0 0020 ffffffff 1 R0 SHF.L.U32 2 R0 R255 0 10 
20 0 0 3 0030 ffffffff 1 R2 IADD3 2 R0 R255 0 0 
0 0 0 0 0020 ffffffff 1 R0 SHF.L.U32 2 R0 R255 0 10 
43 0 0 3 0020 ffffffff 1 R0 SHF.L.U32 2 R0 R255 0 10 
9 0 0 3 0020 ffffffff 1 R0 SHF.L.U32 2 R0 R255 0 10 
0 0 0 2 0020 ffffffff 1 R0 SHF.L.U32 2 R0 R255 0 10 
36 0 0 2 0030 ffffffff 1 R2 IADD3 2 R0 R255 0 0 
17 0 0 2 0030 ffffffff 1 R2 IADD3 2 R0 R255 0 0 
8 0 0 0 0020 ffffffff 1 R0 SHF.L.U32 2 R0 R255 0 10 
3 0 0 3 0020 ffffffff 1 R0 SHF.L.U32 2 R0 R255 0 10 
32 0 0 3 0030 ffffffff 1 R2 IADD3 2 R0 R255 0 0 
6 0 0 1 0020 ffffffff 1 R0 SHF.L.U32 2 R0 R255 0 10 
6 0 0 2 0020 ffffffff 1 R0 SHF.L.U32 2 R0 R255 0 10 
9 0 0 0 0020 ffffffff 1 R0 SHF.L.U32 2 R0 R255 0 10 
25 0 0 3 0030 ffffffff 1 R2 IADD3 2 R0 R255 0 0 
48 0 0 0 0020 ffffffff 1 R0 SHF.L.U32 2 R0 R255 0 10 
21 0 0 1 0030 ffffffff 1 R2 IADD3 2 R0 R255 0 0 
30 0 0 0 0030 ffffffff 1 R2 IADD3 2 R0 R255 0 0 
27 0 0 2 0030 ffffffff 1 R2 IADD3 2 R0 R255 0 0 
36 0 0 0 0030 ffffffff 1 R2 IADD3 2 R0 R255 0 0 
33 0 0 1 0030 ffffffff 1 R2 IADD3 2 R0 R255 0 0 
6 0 0 3 0020 ffffffff 1 R0 SHF.L.U32 2 R0 R255 0 10 
6 0 0 0 0020 ffffffff 1 R0 SHF.L.U32 2 R0 R255 0 10 
20 0 0 0 0030 ffffffff 1 R2 IADD3 2 R0 R255 0 0 
39 0 0 1 0030 ffffffff 1 R2 IADD3 2 R0 R255 0 0 
38 0 0 0 0030 ffffffff 1 R2 IADD3 2 R0 R255 0 0 
51 0 0 0 0020 ffffffff 1 R0 SHF.L.U32 2 R0 R255 0 10 
25 0 0 1 0030 ffffffff 1 R2 IADD3 2 R0 R255 0 0 
25 0 0 2 0030 ffffffff 1 R2 IADD3 2 R0 R255 0 0 
33 0 0 0 0030 ffffffff 1 R2 IADD3 2 R0 R255 0 0 
17 0 0 3 0030 ffffffff 1 R2 IADD3 2 R0 R255 0 0 
11 0 0 0 0020 ffffffff 1 R0 SHF.L.U32 2 R0 R255 0 10 
16 0 0 3 0030 ffffffff 1 R2 IADD3 2 R0 R255 0 0 
16 0 0 2 0030 ffffffff 1 R2 IADD3 2 R0 R255 0 0 
35 0 0 2 0030 ffffffff 1 R2 IADD3 2 R0 R255 0 0 
36 0 0 3 0030 ffffffff 1 R2 IADD3 2 R0 R255 0 0 
15 0 0 0 0030 ffffffff 1 R2 IADD3 2 R0 R255 0 0 
36 0 0 1 0030 ffffffff 1 R2 IADD3 2 R0 R255 0 0 
32 0 0 2 0030 ffffffff 1 R2 IADD3 2 R0 R255 0 0 
30 0 0 1 0030 ffffffff 1 R2 IADD3 2 R0 R255 0 0 
38 0 0 1 0030 ffffffff 1 R2 IADD3 2 R0 R255 0 0 
22 0 0 3 0030 ffffffff 1 R2 IADD3 2 R0 R255 0 0 
22 0 0 2 0030 ffffffff 1 R2 IADD3 2 R0 R255 0 0 
31 0 0 0 0030 ffffffff 1 R2 IADD3 2 R0 R255 0 0 
49 0 0 1 0020 ffffffff 1 R0 SHF.L.U32 2 R0 R255 0 10 
31 0 0 2 0030 ffffffff 1 R2 IADD3 2 R0 R255 0 0 
27 0 0 1 0030 ffffffff 1 R2 IADD3 2 R0 R255 0 0 
34 0 0 3 0030 ffffffff 1 R2 IADD3 2 R0 R255 0 0 
14 0 0 0 0020 ffffffff 1 R0 SHF.L.U32 2 R0 R255 0 10 
34 0 0 2 0030 ffffffff 1 R2 IADD3 2 R0 R255 0 0 
49 0 0 3 0020 ffffffff 1 R0 SHF.L.U32 2 R0 R255 0 10 
17 0 0 1 0030 ffffffff 1 R2 IADD3 2 R0 R255 0 0 
43 0 0 1 0020 ffffffff 1 R0 SHF.L.U32 2 R0 R255 0 10 
3 0 0 0 0020 ffffffff 1 R0 SHF.L.U32 2 R0 R255 0 10 
21 0 0 2 0030 ffffffff 1 R2 IADD3 2 R0 R255 0 0 
20 0 0 1 0030 ffffffff 1 R2 IADD3 2 R0 R255 0 0 
25 0 0 0 0030 ffffffff 1 R2 IADD3 2 R0 R255 0 0 
34 0 0 1 0030 ffffffff 1 R2 IADD3 2 R0 R255 0 0 
11 0 0 2 0020 ffffffff 1 R0 SHF.L.U32 2 R0 R255 0 10 
51 0 0 2 0020 ffffffff 1 R0 SHF.L.U32 2 R0 R255 0 10 
22 0 0 0 0030 ffffffff 1 R2 IADD3 2 R0 R255 0 0 
45 0 0 3 0020 ffffffff 1 R0 SHF.L.U32 2 R0 R255 0 10 
31 0 0 3 0030 ffffffff 1 R2 IADD3 2 R0 R255 0 0 
37 0 0 1 0030 ffffffff 1 R2 IADD3 2 R0 R255 0 0 
28 0 0 0 0030 ffffffff 1 R2 IADD3 2 R0 R255 0 0 
16 0 0 0 0030 ffffffff 1 R2 IADD3 2 R0 R255 0 0 
38 0 0 3 0030 ffffffff 1 R2 IADD3 2 R0 R255 0 0 
15 0 0 1 0030 ffffffff 1 R2 IADD3 2 R0 R255 0 0 
38 0 0 2 0030 ffffffff 1 R2 IADD3 2 R0 R255 0 0 
35 0 0 3 0030 ffffffff 1 R2 IADD3 2 R0 R255 0 0 
23 0 0 1 0030 ffffffff 1 R2 IADD3 2 R0 R255 0 0 
9 0 0 2 0020 ffffffff 1 R0 SHF.L.U32 2 R0 R255 0 10 
29 0 0 3 0030 ffffffff 1 R2 IADD3 2 R0 R255 0 0 
17 0 0 0 0030 ffffffff 1 R2 IADD3 2 R0 R255 0 0 
30 0 0 2 0030 ffffffff 1 R2 IADD3 2 R0 R255 0 0 
22 0 0 1 0030 ffffffff 1 R2 IADD3 2 R0 R255 0 0 
31 0 0 1 0030 ffffffff 1 R2 IADD3 2 R0 R255 0 0 
23 0 0 3 0030 ffffffff 1 R2 IADD3 2 R0 R255 0 0 
16 0 0 1 0030 ffffffff 1 R2 IADD3 2 R0 R255 0 0 
29 0 0 0 0030 ffffffff 1 R2 IADD3 2 R0 R255 0 0 
15 0 0 3 0030 ffffffff 1 R2 IADD3 2 R0 R255 0 0 
29 0 0 1 0030 ffffffff 1 R2 IADD3 2 R0 R255 0 0 
37 0 0 3 0030 ffffffff 1 R2 IADD3 2 R0 R255 0 0 
15 0 0 2 0030 ffffffff 1 R2 IADD3 2 R0 R255 0 0 
28 0 0 1 0030 ffffffff 1 R2 IADD3 2 R0 R255 0 0 
37 0 0 2 0030 ffffffff 1 R2 IADD3 2 R0 R255 0 0 
29 0 0 2 0030 ffffffff 1 R2 IADD3 2 R0 R255 0 0 
27 0 0 3 0030 ffffffff 1 R2 IADD3 2 R0 R255 0 0 
37 0 0 0 0030 ffffffff 1 R2 IADD3 2 R0 R255 0 0 
26 0 0 2 0030 ffffffff 1 R2 IADD3 2 R0 R255 0 0 
28 0 0 3 0030 ffffffff 1 R2 IADD3 2 R0 R255 0 0 
30 0 0 3 0030 ffffffff 1 R2 IADD3 2 R0 R255 0 0 
35 0 0 1 0030 ffffffff 1 R2 IADD3 2 R0 R255 0 0 
23 0 0 0 0030 ffffffff 1 R2 IADD3 2 R0 R255 0 0 
18 0 0 0 0030 ffffffff 1 R2 IADD3 2 R0 R255 0 0 
32 0 0 1 0030 ffffffff 1 R2 IADD3 2 R0 R255 0 0 
24 0 0 1 0030 ffffffff 1 R2 IADD3 2 R0 R255 0 0 
24 0 0 0 0030 ffffffff 1 R2 IADD3 2 R0 R255 0 0 
24 0 0 2 0030 ffffffff 1 R2 IADD3 2 R0 R255 0 0 
28 0 0 2 0030 ffffffff 1 R2 IADD3 2 R0 R255 0 0 
24 0 0 3 0030 ffffffff 1 R2 IADD3 2 R0 R255 0 0 
18 0 0 2 0030 ffffffff 1 R2 IADD3 2 R0 R255 0 0 
23 0 0 2 0030 ffffffff 1 R2 IADD3 2 R0 R255 0 0 
20 0 0 2 0030 ffffffff 1 R2 IADD3 2 R0 R255 0 0 
26 0 0 0 0030 ffffffff 1 R2 IADD3 2 R0 R255 0 0 
18 0 0 1 0030 ffffffff 1 R2 IADD3 2 R0 R255 0 0 
18 0 0 3 0030 ffffffff 1 R2 IADD3 2 R0 R255 0 0 
26 0 0 1 0030 ffffffff 1 R2 IADD3 2 R0 R255 0 0 
26 0 0 3 0030 ffffffff 1 R2 IADD3 2 R0 R255 0 0 
33 0 0 2 0040 ffffffff 0 ISETP.GE.U32.AND 1 R2 0 1024 
27 0 0 0 0040 ffffffff 0 ISETP.GE.U32.AND 1 R2 0 1024 
27 0 0 2 0040 ffffffff 0 ISETP.GE.U32.AND 1 R2 0 1024 
36 0 0 3 0040 ffffffff 0 ISETP.GE.U32.AND 1 R2 0 1024 
19 0 0 0 0040 ffffffff 0 ISETP.GE.U32.AND 1 R2 0 1024 
39 0 0 0 0040 ffffffff 0 ISETP.GE.U32.AND 1 R2 0 1024 
27 0 0 3 0040 ffffffff 0 ISETP.GE.U32.AND 1 R2 0 1024 
36 0 0 1 0040 ffffffff 0 ISETP.GE.U32.AND 1 R2 0 1024 
39 0 0 1 0040 ffffffff 0 ISETP.GE.U32.AND 1 R2 0 1024 
39 0 0 2 0040 ffffffff 0 ISETP.GE.U32.AND 1 R2 0 1024 
35 0 0 0 0040 ffffffff 0 ISETP.GE.U32.AND 1 R2 0 1024 
31 0 0 2 0040 ffffffff 0 ISETP.GE.U32.AND 1 R2 0 1024 
33 0 0 1 0040 ffffffff 0 ISETP.GE.U32.AND 1 R2 0 1024 
33 0 0 3 0040 ffffffff 0 ISETP.GE.U32.AND 1 R2 0 1024 
23 0 0 2 0040 ffffffff 0 ISETP.GE.U32.AND 1 R2 0 1024 
19 0 0 3 0040 ffffffff 0 ISETP.GE.U32.AND 1 R2 0 1024 
32 0 0 0 0040 ffffffff 0 ISETP.GE.U32.AND 1 R2 0 1024 
23 0 0 3 0040 ffffffff 0 ISETP.GE.U32.AND 1 R2 0 1024 
33 0 0 0 0040 ffffffff 0 ISETP.GE.U32.AND 1 R2 0 1024 
35 0 0 2 0040 ffffffff 0 ISETP.GE.U32.AND 1 R2 0 1024 
23 0 0 0 0040 ffffffff 0 ISETP.GE.U32.AND 1 R2 0 1024 
15 0 0 2 0040 ffffffff 0 ISETP.GE.U32.AND 1 R2 0 1024 
28 0 0 0 0040 ffffffff 0 ISETP.GE.U32.AND 1 R2 0 1024 
30 0 0 3 0040 ffffffff 0 ISETP.GE.U32.AND 1 R2 0 1024 
39 0 0 3 0040 ffffffff 0 ISETP.GE.U32.AND 1 R2 0 1024 
30 0 0 0 0040 ffffffff 0 ISETP.GE.U32.AND 1 R2 0 1024 
31 0 0 0 0040 ffffffff 0 ISETP.GE.U32.AND 1 R2 0 1024 
19 0 0 2 0040 ffffffff 0 ISETP.GE.U32.AND 1 R2 0 1024 
32 0 0 1 0040 ffffffff 0 ISETP.GE.U32.AND 1 R2 0 1024 
28 0 0 2 0040 ffffffff 0 ISETP.GE.U32.AND 1 R2 0 1024 
15 0 0 0 0040 ffffffff 0 ISETP.GE.U32.AND 1 R2 0 1024 
35 0 0 3 0040 ffffffff 0 ISETP.GE.U32.AND 1 R2 0 1024 
15 0 0 1 0040 ffffffff 0 ISETP.GE.U32.AND 1 R2 0 1024 
28 0 0 3 0040 ffffffff 0 ISETP.GE.U32.AND 1 R2 0 1024 
35 0 0 1 0040 ffffffff 0 ISETP.GE.U32.AND 1 R2 0 1024 
23 0 0 1 0040 ffffffff 0 ISETP.GE.U32.AND 1 R2 0 1024 
36 0 0 2 0040 ffffffff 0 ISETP.GE.U32.AND 1 R2 0 1024 
17 0 0 0 0040 ffffffff 0 ISETP.GE.U32.AND 1 R2 0 1024 
37 0 0 3 0040 ffffffff 0 ISETP.GE.U32.AND 1 R2 0 1024 
37 0 0 2 0040 ffffffff 0 ISETP.GE.U32.AND 1 R2 0 1024 
27 0 0 1 0040 ffffffff 0 ISETP.GE.U32.AND 1 R2 0 1024 
24 0 0 2 0040 ffffffff 0 ISETP.GE.U32.AND 1 R2 0 1024 
21 0 0 2 0040 ffffffff 0 ISETP.GE.U32.AND 1 R2 0 1024 
28 0 0 1 0040 ffffffff 0 ISETP.GE.U32.AND 1 R2 0 1024 
25 0 0 1 0040 ffffffff 0 ISETP.GE.U32.AND 1 R2 0 1024 
38 0 0 2 0040 ffffffff 0 ISETP.GE.U32.AND 1 R2 0 1024 
38 0 0 3 0040 ffffffff 0 ISETP.GE.U32.AND 1 R2 0 1024 
26 0 0 2 0040 ffffffff 0 ISETP.GE.U32.AND 1 R2 0 1024 
24 0 0 1 0040 ffffffff 0 ISETP.GE.U32.AND 1 R2 0 1024 
31 0 0 3 0040 ffffffff 0 ISETP.GE.U32.AND 1 R2 0 1024 
31 0 0 1 0040 ffffffff 0 ISETP.GE.U32.AND 1 R2 0 1024 
25 0 0 3 0040 ffffffff 0 ISETP.GE.U32.AND 1 R2 0 1024 
32 0 0 2 0040 ffffffff 0 ISETP.GE.U32.AND 1 R2 0 1024 
34 0 0 3 0040 ffffffff 0 ISETP.GE.U32.AND 1 R2 0 1024 
34 0 0 1 0040 ffffffff 0 ISETP.GE.U32.AND 1 R2 0 1024 
20 0 0 1 0040 ffffffff 0 ISETP.GE.U32.AND 1 R2 0 1024 
20 0 0 0 0040 ffffffff 0 ISETP.GE.U32.AND 1 R2 0 1024 
20 0 0 3 0040 ffffffff 0 ISETP.GE.U32.AND 1 R2 0 1024 
30 0 0 2 0040 ffffffff 0 ISETP.GE.U32.AND 1 R2 0 1024 
34 0 0 2 0040 ffffffff 0 ISETP.GE.U32.AND 1 R2 0 1024 
30 0 0 1 0040 ffffffff 0 ISETP.GE.U32.AND 1 R2 0 1024 
18 0 0 0 0040 ffffffff 0 ISETP.GE.U32.AND 1 R2 0 1024 
25 0 0 0 0040 ffffffff 0 ISETP.GE.U32.AND 1 R2 0 1024 
17 0 0 3 0040 ffffffff 0 ISETP.GE.U32.AND 1 R2 0 1024 
24 0 0 0 0040 ffffffff 0 ISETP.GE.U32.AND 1 R2 0 1024 
17 0 0 2 0040 ffffffff 0 ISETP.GE.U32.AND 1 R2 0 1024 
37 0 0 1 0040 ffffffff 0 ISETP.GE.U32.AND 1 R2 0 1024 
26 0 0 0 0040 ffffffff 0 ISETP.GE.U32.AND 1 R2 0 1024 
16 0 0 1 0040 ffffffff 0 ISETP.GE.U32.AND 1 R2 0 1024 
25 0 0 2 0040 ffffffff 0 ISETP.GE.U32.AND 1 R2 0 1024 
15 0 0 3 0040 ffffffff 0 ISETP.GE.U32.AND 1 R2 0 1024 
32 0 0 3 0040 ffffffff 0 ISETP.GE.U32.AND 1 R2 0 1024 
16 0 0 0 0040 ffffffff 0 ISETP.GE.U32.AND 1 R2 0 1024 
24 0 0 3 0040 ffffffff 0 ISETP.GE.U32.AND 1 R2 0 1024 
20 0 0 2 0040 ffffffff 0 ISETP.GE.U32.AND 1 R2 0 1024 
36 0 0 0 0040 ffffffff 0 ISETP.GE.U32.AND 1 R2 0 1024 
21 0 0 3 0040 ffffffff 0 ISETP.GE.U32.AND 1 R2 0 1024 
21 0 0 0 0040 ffffffff 0 ISETP.GE.U32.AND 1 R2 0 1024 
18 0 0 2 0040 ffffffff 0 ISETP.GE.U32.AND 1 R2 0 1024 
54 0 0 3 0030 ffffffff 1 R2 IADD3 2 R0 R255 0 0 
37 0 0 0 0040 ffffffff 0 ISETP.GE.U32.AND 1 R2 0 1024 
17 0 0 1 0040 ffffffff 0 ISETP.GE.U32.AND 1 R2 0 1024 
38 0 0 0 0040 ffffffff 0 ISETP.GE.U32.AND 1 R2 0 1024 
38 0 0 1 0040 ffffffff 0 ISETP.GE.U32.AND 1 R2 0 1024 
22 0 0 0 0040 ffffffff 0 ISETP.GE.U32.AND 1 R2 0 1024 
22 0 0 1 0040 ffffffff 0 ISETP.GE.U32.AND 1 R2 0 1024 
16 0 0 3 0040 ffffffff 0 ISETP.GE.U32.AND 1 R2 0 1024 
19 0 0 1 0040 ffffffff 0 ISETP.GE.U32.AND 1 R2 0 1024 
29 0 0 3 0040 ffffffff 0 ISETP.GE.U32.AND 1 R2 0 1024 
16 0 0 2 0040 ffffffff 0 ISETP.GE.U32.AND 1 R2 0 1024 
22 0 0 2 0040 ffffffff 0 ISETP.GE.U32.AND 1 R2 0 1024 
18 0 0 1 0040 ffffffff 0 ISETP.GE.U32.AND 1 R2 0 1024 
18 0 0 3 0040 ffffffff 0 ISETP.GE.U32.AND 1 R2 0 1024 
22 0 0 3 0040 ffffffff 0 ISETP.GE.U32.AND 1 R2 0 1024 
29 0 0 1 0040 ffffffff 0 ISETP.GE.U32.AND 1 R2 0 1024 
34 0 0 0 0040 ffffffff 0 ISETP.GE.U32.AND 1 R2 0 1024 
21 0 0 1 0040 ffffffff 0 ISETP.GE.U32.AND 1 R2 0 1024 
29 0 0 2 0040 ffffffff 0 ISETP.GE.U32.AND 1 R2 0 1024 
29 0 0 0 0040 ffffffff 0 ISETP.GE.U32.AND 1 R2 0 1024 
26 0 0 1 0040 ffffffff 0 ISETP.GE.U32.AND 1 R2 0 1024 
26 0 0 3 0040 ffffffff 0 ISETP.GE.U32.AND 1 R2 0 1024 
52 0 0 2 0030 ffffffff 1 R2 IADD3 2 R0 R255 0 0 
12 0 0 1 0030 ffffffff 1 R2 IADD3 2 R0 R255 0 0 
50 0 0 3 0030 ffffffff 1 R2 IADD3 2 R0 R255 0 0 
14 0 0 1 0030 ffffffff 1 R2 IADD3 2 R0 R255 0 0 
54 0 0 1 0030 ffffffff 1 R2 IADD3 2 R0 R255 0 0 
51 0 0 3 0030 ffffffff 1 R2 IADD3 2 R0 R255 0 0 
12 0 0 0 0030 ffffffff 1 R2 IADD3 2 R0 R255 0 0 
52 0 0 1 0030 ffffffff 1 R2 IADD3 2 R0 R255 0 0 
47 0 0 1 0030 ffffffff 1 R2 IADD3 2 R0 R255 0 0 
7 0 0 3 0030 ffffffff 1 R2 IADD3 2 R0 R255 0 0 
47 0 0 3 0030 ffffffff 1 R2 IADD3 2 R0 R255 0 0 
7 0 0 1 0030 ffffffff 1 R2 IADD3 2 R0 R255 0 0 
47 0 0 0 0030 ffffffff 1 R2 IADD3 2 R0 R255 0 0 
47 0 0 2 0030 ffffffff 1 R2 IADD3 2 R0 R255 0 0 
44 0 0 3 0030 ffffffff 1 R2 IADD3 2 R0 R255 0 0 
4 0 0 3 0030 ffffffff 1 R2 IADD3 2 R0 R255 0 0 
48 0 0 1 0030 ffffffff 1 R2 IADD3 2 R0 R255 0 0 
53 0 0 3 0030 ffffffff 1 R2 IADD3 2 R0 R255 0 0 
12 0 0 3 0030 ffffffff 1 R2 IADD3 2 R0 R255 0 0 
2 0 0 2 0030 ffffffff 1 R2 IADD3 2 R0 R255 0 0 
10 0 0 2 0030 ffffffff 1 R2 IADD3 2 R0 R255 0 0 
50 0 0 0 0030 ffffffff 1 R2 IADD3 2 R0 R255 0 0 
41 0 0 0 0030 ffffffff 1 R2 IADD3 2 R0 R255 0 0 
1 0 0 0 0030 ffffffff 1 R2 IADD3 2 R0 R255 0 0 
1 0 0 3 0030 ffffffff 1 R2 IADD3 2 R0 R255 0 0 
40 0 0 1 0030 ffffffff 1 R2 IADD3 2 R0 R255 0 0 
43 0 0 3 0030 ffffffff 1 R2 IADD3 2 R0 R255 0 0 
52 0 0 3 0030 ffffffff 1 R2 IADD3 2 R0 R255 0 0 
5 0 0 1 0030 ffffffff 1 R2 IADD3 2 R0 R255 0 0 
12 0 0 2 0030 ffffffff 1 R2 IADD3 2 R0 R255 0 0 
53 0 0 1 0030 ffffffff 1 R2 IADD3 2 R0 R255 0 0 
41 0 0 2 0030 ffffffff 1 R2 IADD3 2 R0 R255 0 0 
7 0 0 2 0030 ffffffff 1 R2 IADD3 2 R0 R255 0 0 
2 0 0 1 0030 ffffffff 1 R2 IADD3 2 R0 R255 0 0 
44 0 0 1 0030 ffffffff 1 R2 IADD3 2 R0 R255 0 0 
3 0 0 1 0030 ffffffff 1 R2 IADD3 2 R0 R255 0 0 
50 0 0 2 0030 ffffffff 1 R2 IADD3 2 R0 R255 0 0 
48 0 0 3 0030 ffffffff 1 R2 IADD3 2 R0 R255 0 0 
10 0 0 1 0030 ffffffff 1 R2 IADD3 2 R0 R255 0 0 
7 0 0 0 0030 ffffffff 1 R2 IADD3 2 R0 R255 0 0 
4 0 0 2 0030 ffffffff 1 R2 IADD3 2 R0 R255 0 0 
43 0 0 2 0030 ffffffff 1 R2 IADD3 2 R0 R255 0 0 
45 0 0 1 0030 ffffffff 1 R2 IADD3 2 R0 R255 0 0 
8 0 0 2 0030 ffffffff 1 R2 IADD3 2 R0 R255 0 0 
45 0 0 0 0030 ffffffff 1 R2 IADD3 2 R0 R255 0 0 
4 0 0 0 0030 ffffffff 1 R2 IADD3 2 R0 R255 0 0 
11 0 0 1 0030 ffffffff 1 R2 IADD3 2 R0 R255 0 0 
54 0 0 2 0030 ffffffff 1 R2 IADD3 2 R0 R255 0 0 
2 0 0 0 0030 ffffffff 1 R2 IADD3 2 R0 R255 0 0 
41 0 0 3 0030 ffffffff 1 R2 IADD3 2 R0 R255 0 0 
1 0 0 2 0030 ffffffff 1 R2 IADD3 2 R0 R255 0 0 
41 0 0 1 0030 ffffffff 1 R2 IADD3 2 R0 R255 0 0 
42 0 0 2 0030 ffffffff 1 R2 IADD3 2 R0 R255 0 0 
42 0 0 1 0030 ffffffff 1 R2 IADD3 2 R0 R255 0 0 
13 0 0 0 0030 ffffffff 1 R2 IADD3 2 R0 R255 0 0 
10 0 0 0 0030 ffffffff 1 R2 IADD3 2 R0 R255 0 0 
14 0 0 3 0030 ffffffff 1 R2 IADD3 2 R0 R255 0 0 
3 0 0 2 0030 ffffffff 1 R2 IADD3 2 R0 R255 0 0 
48 0 0 2 0030 ffffffff 1 R2 IADD3 2 R0 R255 0 0 
54 0 0 0 0030 ffffffff 1 R2 IADD3 2 R0 R255 0 0 
8 0 0 0 0030 ffffffff 1 R2 IADD3 2 R0 R255 0 0 
1 0 0 1 0030 ffffffff 1 R2 IADD3 2 R0 R255 0 0 
4 0 0 1 0030 ffffffff 1 R2 IADD3 2 R0 R255 0 0 
10 0 0 3 0030 ffffffff 1 R2 IADD3 2 R0 R255 0 0 
50 0 0 1 0030 ffffffff 1 R2 IADD3 2 R0 R255 0 0 
5 0 0 3 0030 ffffffff 1 R2 IADD3 2 R0 R255 0 0 
51 0 0 1 0030 ffffffff 1 R2 IADD3 2 R0 R255 0 0 
45 0 0 2 0030 ffffffff 1 R2 IADD3 2 R0 R255 0 0 
9 0 0 2 0030 ffffffff 1 R2 IADD3 2 R0 R255 0 0 
14 0 0 0 0030 ffffffff 1 R2 IADD3 2 R0 R255 0 0 
2 0 0 3 0030 ffffffff 1 R2 IADD3 2 R0 R255 0 0 
14 0 0 2 0030 ffffffff 1 R2 IADD3 2 R0 R255 0 0 
13 0 0 1 0030 ffffffff 1 R2 IADD3 2 R0 R255 0 0 
53 0 0 2 0030 ffffffff 1 R2 IADD3 2 R0 R255 0 0 
43 0 0 1 0030 ffffffff 1 R2 IADD3 2 R0 R255 0 0 
8 0 0 1 0030 ffffffff 1 R2 IADD3 2 R0 R255 0 0 
48 0 0 0 0030 ffffffff 1 R2 IADD3 2 R0 R255 0 0 
40 0 0 3 0030 ffffffff 1 R2 IADD3 2 R0 R255 0 0 
49 0 0 3 0030 ffffffff 1 R2 IADD3 2 R0 R255 0 0 
11 0 0 3 0030 ffffffff 1 R2 IADD3 2 R0 R255 0 0 
46 0 0 2 0030 ffffffff 1 R2 IADD3 2 R0 R255 0 0 
9 0 0 0 0030 ffffffff 1 R2 IADD3 2 R0 R255 0 0 
13 0 0 2 0030 ffffffff 1 R2 IADD3 2 R0 R255 0 0 
43 0 0 0 0030 ffffffff 1 R2 IADD3 2 R0 R255 0 0 
8 0 0 3 0030 ffffffff 1 R2 IADD3 2 R0 R255 0 0 
0 0 0 0 0030 ffffffff 1 R2 IADD3 2 R0 R255 0 0 
9 0 0 1 0030 ffffffff 1 R2 IADD3 2 R0 R255 0 0 
44 0 0 0 0030 ffffffff 1 R2 IADD3 2 R0 R255 0 0 
0 0 0 1 0030 ffffffff 1 R2 IADD3 2 R0 R255 0 0 
6 0 0 2 0030 ffffffff 1 R2 IADD3 2 R0 R255 0 0 
46 0 0 3 0030 ffffffff 1 R2 IADD3 2 R0 R255 0 0 
3 0 0 0 0030 ffffffff 1 R2 IADD3 2 R0 R255 0 0 
3 0 0 3 0030 ffffffff 1 R2 IADD3 2 R0 R255 0 0 
42 0 0 3 0030 ffffffff 1 R2 IADD3 2 R0 R255 0 0 
42 0 0 0 0030 ffffffff 1 R2 IADD3 2 R0 R255 0 0 
53 0 0 0 0030 ffffffff 1 R2 IADD3 2 R0 R255 0 0 
13 0 0 3 0030 ffffffff 1 R2 IADD3 2 R0 R255 0 0 
44 0 0 2 0030 ffffffff 1 R2 IADD3 2 R0 R255 0 0 
49 0 0 1 0030 ffffffff 1 R2 IADD3 2 R0 R255 0 0 
9 0 0 3 0030 ffffffff 1 R2 IADD3 2 R0 R255 0 0 
49 0 0 2 0030 ffffffff 1 R2 IADD3 2 R0 R255 0 0 
52 0 0 0 0030 ffffffff 1 R2 IADD3 2 R0 R255 0 0 
49 0 0 0 0030 ffffffff 1 R2 IADD3 2 R0 R255 0 0 
33 0 0 2 0050 00000000 0 BRA 0 0 528 
46 0 0 0 0030 ffffffff 1 R2 IADD3 2 R0 R255 0 0 
40 0 0 2 0030 ffffffff 1 R2 IADD3 2 R0 R255 0 0 
6 0 0 1 0030 ffffffff 1 R2 IADD3 2 R0 R255 0 0 
40 0 0 0 0030 ffffffff 1 R2 IADD3 2 R0 R255 0 0 
5 0 0 0 0030 ffffffff 1 R2 IADD3 2 R0 R255 0 0 
27 0 0 0 0050 00000000 0 BRA 0 0 528 
5 0 0 2 0030 ffffffff 1 R2 IADD3 2 R0 R255 0 0 
45 0 0 3 0030 ffffffff 1 R2 IADD3 2 R0 R255 0 0 
0 0 0 3 0030 ffffffff 1 R2 IADD3 2 R0 R255 0 0 
6 0 0 0 0030 ffffffff 1 R2 IADD3 2 R0 R255 0 0 
6 0 0 3 0030 ffffffff 1 R2 IADD3 2 R0 R255 0 0 
46 0 0 1 0030 ffffffff 1 R2 IADD3 2 R0 R255 0 0 
0 0 0 2 0030 ffffffff 1 R2 IADD3 2 R0 R255 0 0 
27 0 0 2 0050 00000000 0 BRA 0 0 528 
11 0 0 2 0030 ffffffff 1 R2 IADD3 2 R0 R255 0 0 
51 0 0 2 0030 ffffffff 1 R2 IADD3 2 R0 R255 0 0 
11 0 0 0 0030 ffffffff 1 R2 IADD3 2 R0 R255 0 0 
19 0 0 0 0050 00000000 0 BRA 0 0 528 
36 0 0 3 0050 00000000 0 BRA 0 0 528 
39 0 0 0 0050 00000000 0 BRA 0 0 528 
39 0 0 2 0050 00000000 0 BRA 0 0 528 
27 0 0 1 0050 00000000 0 BRA 0 0 528 
19 0 0 3 0050 00000000 0 BRA 0 0 528 
27 0 0 3 0050 00000000 0 BRA 0 0 528 
35 0 0 0 0050 00000000 0 BRA 0 0 528 
31 0 0 0 0050 00000000 0 BRA 0 0 528 
28 0 0 0 0050 00000000 0 BRA 0 0 528 
28 0 0 2 0050 00000000 0 BRA 0 0 528 
23 0 0 2 0050 00000000 0 BRA 0 0 528 
51 0 0 0 0030 ffffffff 1 R2 IADD3 2 R0 R255 0 0 
19 0 0 2 0050 00000000 0 BRA 0 0 528 
33 0 0 3 0050 00000000 0 BRA 0 0 528 
36 0 0 1 0050 00000000 0 BRA 0 0 528 
19 0 0 1 0050 00000000 0 BRA 0 0 528 
25 0 0 3 0050 00000000 0 BRA 0 0 528 
23 0 0 3 0050 00000000 0 BRA 0 0 528 
36 0 0 0 0050 00000000 0 BRA 0 0 528 
36 0 0 2 0050 00000000 0 BRA 0 0 528 
35 0 0 1 0050 00000000 0 BRA 0 0 528 
35 0 0 2 0050 00000000 0 BRA 0 0 528 
23 0 0 1 0050 00000000 0 BRA 0 0 528 
28 0 0 1 0050 00000000 0 BRA 0 0 528 
25 0 0 0 0050 00000000 0 BRA 0 0 528 
23 0 0 0 0050 00000000 0 BRA 0 0 528 
28 0 0 3 0050 00000000 0 BRA 0 0 528 
25 0 0 2 0050 00000000 0 BRA 0 0 528 
39 0 0 1 0050 00000000 0 BRA 0 0 528 
39 0 0 3 0050 00000000 0 BRA 0 0 528 
32 0 0 0 0050 00000000 0 BRA 0 0 528 
33 0 0 1 0050 00000000 0 BRA 0 0 528 
33 0 0 0 0050 00000000 0 BRA 0 0 528 
31 0 0 2 0050 00000000 0 BRA 0 0 528 
25 0 0 1 0050 00000000 0 BRA 0 0 528 
32 0 0 3 0050 00000000 0 BRA 0 0 528 
35 0 0 3 0050 00000000 0 BRA 0 0 528 
30 0 0 1 0050 00000000 0 BRA 0 0 528 
30 0 0 2 0050 00000000 0 BRA 0 0 528 
30 0 0 3 0050 00000000 0 BRA 0 0 528 
31 0 0 3 0050 00000000 0 BRA 0 0 528 
15 0 0 0 0050 00000000 0 BRA 0 0 528 
37 0 0 3 0050 00000000 0 BRA 0 0 528 
15 0 0 3 0050 00000000 0 BRA 0 0 528 
30 0 0 0 0050 00000000 0 BRA 0 0 528 
37 0 0 1 0050 00000000 0 BRA 0 0 528 
15 0 0 2 0050 00000000 0 BRA 0 0 528 
37 0 0 2 0050 00000000 0 BRA 0 0 528 
21 0 0 1 0050 00000000 0 BRA 0 0 528 
18 0 0 3 0050 00000000 0 BRA 0 0 528 
18 0 0 2 0050 00000000 0 BRA 0 0 528 
38 0 0 2 0050 00000000 0 BRA 0 0 528 
37 0 0 0 0050 00000000 0 BRA 0 0 528 
38 0 0 1 0050 00000000 0 BRA 0 0 528 
17 0 0 3 0050 00000000 0 BRA 0 0 528 
26 0 0 0 0050 00000000 0 BRA 0 0 528 
20 0 0 2 0050 00000000 0 BRA 0 0 528 
34 0 0 0 0050 00000000 0 BRA 0 0 528 
15 0 0 1 0050 00000000 0 BRA 0 0 528 
38 0 0 0 0050 00000000 0 BRA 0 0 528 
21 0 0 3 0050 00000000 0 BRA 0 0 528 
18 0 0 0 0050 00000000 0 BRA 0 0 528 
18 0 0 1 0050 00000000 0 BRA 0 0 528 
21 0 0 0 0050 00000000 0 BRA 0 0 528 
17 0 0 1 0050 00000000 0 BRA 0 0 528 
17 0 0 2 0050 00000000 0 BRA 0 0 528 
16 0 0 0 0050 00000000 0 BRA 0 0 528 
22 0 0 2 0050 00000000 0 BRA 0 0 528 
29 0 0 0 0050 00000000 0 BRA 0 0 528 
26 0 0 3 0050 00000000 0 BRA 0 0 528 
32 0 0 2 0050 00000000 0 BRA 0 0 528 
31 0 0 1 0050 00000000 0 BRA 0 0 528 
24 0 0 2 0050 00000000 0 BRA 0 0 528 
20 0 0 0 0050 00000000 0 BRA 0 0 528 
20 0 0 3 0050 00000000 0 BRA 0 0 528 
38 0 0 3 0050 00000000 0 BRA 0 0 528 
21 0 0 2 0050 00000000 0 BRA 0 0 528 
26 0 0 2 0050 00000000 0 BRA 0 0 528 
16 0 0 3 0050 00000000 0 BRA 0 0 528 
29 0 0 2 0050 00000000 0 BRA 0 0 528 
29 0 0 3 0050 00000000 0 BRA 0 0 528 
17 0 0 0 0050 00000000 0 BRA 0 0 528 
26 0 0 1 0050 00000000 0 BRA 0 0 528 
22 0 0 3 0050 00000000 0 BRA 0 0 528 
34 0 0 2 0050 00000000 0 BRA 0 0 528 
34 0 0 3 0050 00000000 0 BRA 0 0 528 
32 0 0 1 0050 00000000 0 BRA 0 0 528 
24 0 0 3 0050 00000000 0 BRA 0 0 528 
20 0 0 1 0050 00000000 0 BRA 0 0 528 
24 0 0 0 0050 00000000 0 BRA 0 0 528 
24 0 0 1 0050 00000000 0 BRA 0 0 528 
34 0 0 1 0050 00000000 0 BRA 0 0 528 
16 0 0 2 0050 00000000 0 BRA 0 0 528 
22 0 0 1 0050 00000000 0 BRA 0 0 528 
22 0 0 0 0050 00000000 0 BRA 0 0 528 
16 0 0 1 0050 00000000 0 BRA 0 0 528 
29 0 0 1 0050 00000000 0 BRA 0 0 528 
54 0 0 3 0040 ffffffff 0 ISETP.GE.U32.AND 1 R2 0 1024 
27 0 0 0 0060 ffffffff 1 R11 S2R 0 0 0 
27 0 0 2 0060 ffffffff 1 R11 S2R 0 0 0 
33 0 0 2 0060 ffffffff 1 R11 S2R 0 0 0 
12 0 0 1 0040 ffffffff 0 ISETP.GE.U32.AND 1 R2 0 1024 
50 0 0 3 0040 ffffffff 0 ISETP.GE.U32.AND 1 R2 0 1024 
14 0 0 1 0040 ffffffff 0 ISETP.GE.U32.AND 1 R2 0 1024 
27 0 0 3 0060 ffffffff 1 R11 S2R 0 0 0 
52 0 0 2 0040 ffffffff 0 ISETP.GE.U32.AND 1 R2 0 1024 
39 0 0 2 0060 ffffffff 1 R11 S2R 0 0 0 
19 0 0 0 0060 ffffffff 1 R11 S2R 0 0 0 
39 0 0 0 0060 ffffffff 1 R11 S2R 0 0 0 
39 0 0 3 0060 ffffffff 1 R11 S2R 0 0 0 
33 0 0 1 0060 ffffffff 1 R11 S2R 0 0 0 
33 0 0 3 0060 ffffffff 1 R11 S2R 0 0 0 
19 0 0 2 0060 ffffffff 1 R11 S2R 0 0 0 
39 0 0 1 0060 ffffffff 1 R11 S2R 0 0 0 
10 0 0 2 0040 ffffffff 0 ISETP.GE.U32.AND 1 R2 0 1024 
33 0 0 0 0060 ffffffff 1 R11 S2R 0 0 0 
27 0 0 1 0060 ffffffff 1 R11 S2R 0 0 0 
31 0 0 2 0060 ffffffff 1 R11 S2R 0 0 0 
36 0 0 2 0060 ffffffff 1 R11 S2R 0 0 0 
36 0 0 3 0060 ffffffff 1 R11 S2R 0 0 0 
36 0 0 0 0060 ffffffff 1 R11 S2R 0 0 0 
53 0 0 3 0040 ffffffff 0 ISETP.GE.U32.AND 1 R2 0 1024 
35 0 0 0 0060 ffffffff 1 R11 S2R 0 0 0 
54 0 0 1 0040 ffffffff 0 ISETP.GE.U32.AND 1 R2 0 1024 
35 0 0 2 0060 ffffffff 1 R11 S2R 0 0 0 
12 0 0 0 0040 ffffffff 0 ISETP.GE.U32.AND 1 R2 0 1024 
52 0 0 3 0040 ffffffff 0 ISETP.GE.U32.AND 1 R2 0 1024 
25 0 0 1 0060 ffffffff 1 R11 S2R 0 0 0 
15 0 0 0 0060 ffffffff 1 R11 S2R 0 0 0 
35 0 0 3 0060 ffffffff 1 R11 S2R 0 0 0 
19 0 0 3 0060 ffffffff 1 R11 S2R 0 0 0 
25 0 0 3 0060 ffffffff 1 R11 S2R 0 0 0 
7 0 0 0 0040 ffffffff 0 ISETP.GE.U32.AND 1 R2 0 1024 
47 0 0 0 0040 ffffffff 0 ISETP.GE.U32.AND 1 R2 0 1024 
28 0 0 0 0060 ffffffff 1 R11 S2R 0 0 0 
51 0 0 3 0040 ffffffff 0 ISETP.GE.U32.AND 1 R2 0 1024 
28 0 0 3 0060 ffffffff 1 R11 S2R 0 0 0 
31 0 0 3 0060 ffffffff 1 R11 S2R 0 0 0 
1 0 0 3 0040 ffffffff 0 ISETP.GE.U32.AND 1 R2 0 1024 
52 0 0 1 0040 ffffffff 0 ISETP.GE.U32.AND 1 R2 0 1024 
19 0 0 1 0060 ffffffff 1 R11 S2R 0 0 0 
7 0 0 2 0040 ffffffff 0 ISETP.GE.U32.AND 1 R2 0 1024 
31 0 0 0 0060 ffffffff 1 R11 S2R 0 0 0 
48 0 0 3 0040 ffffffff 0 ISETP.GE.U32.AND 1 R2 0 1024 
45 0 0 1 0040 ffffffff 0 ISETP.GE.U32.AND 1 R2 0 1024 
48 0 0 1 0040 ffffffff 0 ISETP.GE.U32.AND 1 R2 0 1024 
12 0 0 3 0040 ffffffff 0 ISETP.GE.U32.AND 1 R2 0 1024 
25 0 0 2 0060 ffffffff 1 R11 S2R 0 0 0 
8 0 0 0 0040 ffffffff 0 ISETP.GE.U32.AND 1 R2 0 1024 
9 0 0 1 0040 ffffffff 0 ISETP.GE.U32.AND 1 R2 0 1024 
35 0 0 1 0060 ffffffff 1 R11 S2R 0 0 0 
36 0 0 1 0060 ffffffff 1 R11 S2R 0 0 0 
50 0 0 2 0040 ffffffff 0 ISETP.GE.U32.AND 1 R2 0 1024 
15 0 0 2 0060 ffffffff 1 R11 S2R 0 0 0 
28 0 0 2 0060 ffffffff 1 R11 S2R 0 0 0 
10 0 0 1 0040 ffffffff 0 ISETP.GE.U32.AND 1 R2 0 1024 
5 0 0 1 0040 ffffffff 0 ISETP.GE.U32.AND 1 R2 0 1024 
25 0 0 0 0060 ffffffff 1 R11 S2R 0 0 0 
18 0 0 0 0060 ffffffff 1 R11 S2R 0 0 0 
40 0 0 1 0040 ffffffff 0 ISETP.GE.U32.AND 1 R2 0 1024 
7 0 0 3 0040 ffffffff 0 ISETP.GE.U32.AND 1 R2 0 1024 
23 0 0 3 0060 ffffffff 1 R11 S2R 0 0 0 
23 0 0 2 0060 ffffffff 1 R11 S2R 0 0 0 
28 0 0 1 0060 ffffffff 1 R11 S2R 0 0 0 
6 0 0 1 0040 ffffffff 0 ISETP.GE.U32.AND 1 R2 0 1024 
14 0 0 3 0040 ffffffff 0 ISETP.GE.U32.AND 1 R2 0 1024 
49 0 0 1 0040 ffffffff 0 ISETP.GE.U32.AND 1 R2 0 1024 
12 0 0 2 0040 ffffffff 0 ISETP.GE.U32.AND 1 R2 0 1024 
5 0 0 2 0040 ffffffff 0 ISETP.GE.U32.AND 1 R2 0 1024 
41 0 0 2 0040 ffffffff 0 ISETP.GE.U32.AND 1 R2 0 1024 
1 0 0 1 0040 ffffffff 0 ISETP.GE.U32.AND 1 R2 0 1024 
41 0 0 0 0040 ffffffff 0 ISETP.GE.U32.AND 1 R2 0 1024 
47 0 0 2 0040 ffffffff 0 ISETP.GE.U32.AND 1 R2 0 1024 
4 0 0 2 0040 ffffffff 0 ISETP.GE.U32.AND 1 R2 0 1024 
44 0 0 3 0040 ffffffff 0 ISETP.GE.U32.AND 1 R2 0 1024 
4 0 0 1 0040 ffffffff 0 ISETP.GE.U32.AND 1 R2 0 1024 
46 0 0 2 0040 ffffffff 0 ISETP.GE.U32.AND 1 R2 0 1024 
1 0 0 2 0040 ffffffff 0 ISETP.GE.U32.AND 1 R2 0 1024 
44 0 0 1 0040 ffffffff 0 ISETP.GE.U32.AND 1 R2 0 1024 
6 0 0 3 0040 ffffffff 0 ISETP.GE.U32.AND 1 R2 0 1024 
41 0 0 1 0040 ffffffff 0 ISETP.GE.U32.AND 1 R2 0 1024 
23 0 0 0 0060 ffffffff 1 R11 S2R 0 0 0 
40 0 0 3 0040 ffffffff 0 ISETP.GE.U32.AND 1 R2 0 1024 
4 0 0 3 0040 ffffffff 0 ISETP.GE.U32.AND 1 R2 0 1024 
42 0 0 1 0040 ffffffff 0 ISETP.GE.U32.AND 1 R2 0 1024 
48 0 0 2 0040 ffffffff 0 ISETP.GE.U32.AND 1 R2 0 1024 
1 0 0 0 0040 ffffffff 0 ISETP.GE.U32.AND 1 R2 0 1024 
18 0 0 1 0060 ffffffff 1 R11 S2R 0 0 0 
46 0 0 3 0040 ffffffff 0 ISETP.GE.U32.AND 1 R2 0 1024 
3 0 0 1 0040 ffffffff 0 ISETP.GE.U32.AND 1 R2 0 1024 
8 0 0 1 0040 ffffffff 0 ISETP.GE.U32.AND 1 R2 0 1024 
47 0 0 1 0040 ffffffff 0 ISETP.GE.U32.AND 1 R2 0 1024 
14 0 0 0 0040 ffffffff 0 ISETP.GE.U32.AND 1 R2 0 1024 
8 0 0 2 0040 ffffffff 0 ISETP.GE.U32.AND 1 R2 0 1024 
18 0 0 2 0060 ffffffff 1 R11 S2R 0 0 0 
23 0 0 1 0060 ffffffff 1 R11 S2R 0 0 0 
15 0 0 3 0060 ffffffff 1 R11 S2R 0 0 0 
15 0 0 1 0060 ffffffff 1 R11 S2R 0 0 0 
2 0 0 1 0040 ffffffff 0 ISETP.GE.U32.AND 1 R2 0 1024 
18 0 0 3 0060 ffffffff 1 R11 S2R 0 0 0 
11 0 0 1 0040 ffffffff 0 ISETP.GE.U32.AND 1 R2 0 1024 
4 0 0 0 0040 ffffffff 0 ISETP.GE.U32.AND 1 R2 0 1024 
45 0 0 2 0040 ffffffff 0 ISETP.GE.U32.AND 1 R2 0 1024 
17 0 0 3 0060 ffffffff 1 R11 S2R 0 0 0 
21 0 0 2 0060 ffffffff 1 R11 S2R 0 0 0 
37 0 0 0 0060 ffffffff 1 R11 S2R 0 0 0 
31 0 0 1 0060 ffffffff 1 R11 S2R 0 0 0 
21 0 0 3 0060 ffffffff 1 R11 S2R 0 0 0 
21 0 0 0 0060 ffffffff 1 R11 S2R 0 0 0 
21 0 0 1 0060 ffffffff 1 R11 S2R 0 0 0 
54 0 0 2 0040 ffffffff 0 ISETP.GE.U32.AND 1 R2 0 1024 
37 0 0 3 0060 ffffffff 1 R11 S2R 0 0 0 
8 0 0 3 0040 ffffffff 0 ISETP.GE.U32.AND 1 R2 0 1024 
7 0 0 1 0040 ffffffff 0 ISETP.GE.U32.AND 1 R2 0 1024 
47 0 0 3 0040 ffffffff 0 ISETP.GE.U32.AND 1 R2 0 1024 
48 0 0 0 0040 ffffffff 0 ISETP.GE.U32.AND 1 R2 0 1024 
46 0 0 0 0040 ffffffff 0 ISETP.GE.U32.AND 1 R2 0 1024 
13 0 0 1 0040 ffffffff 0 ISETP.GE.U32.AND 1 R2 0 1024 
49 0 0 3 0040 ffffffff 0 ISETP.GE.U32.AND 1 R2 0 1024 
50 0 0 0 0040 ffffffff 0 ISETP.GE.U32.AND 1 R2 0 1024 
37 0 0 1 0060 ffffffff 1 R11 S2R 0 0 0 
53 0 0 1 0040 ffffffff 0 ISETP.GE.U32.AND 1 R2 0 1024 
17 0 0 2 0060 ffffffff 1 R11 S2R 0 0 0 
32 0 0 0 0060 ffffffff 1 R11 S2R 0 0 0 
32 0 0 2 0060 ffffffff 1 R11 S2R 0 0 0 
6 0 0 0 0040 ffffffff 0 ISETP.GE.U32.AND 1 R2 0 1024 
46 0 0 1 0040 ffffffff 0 ISETP.GE.U32.AND 1 R2 0 1024 
43 0 0 1 0040 ffffffff 0 ISETP.GE.U32.AND 1 R2 0 1024 
45 0 0 0 0040 ffffffff 0 ISETP.GE.U32.AND 1 R2 0 1024 
44 0 0 0 0040 ffffffff 0 ISETP.GE.U32.AND 1 R2 0 1024 
14 0 0 2 0040 ffffffff 0 ISETP.GE.U32.AND 1 R2 0 1024 
13 0 0 2 0040 ffffffff 0 ISETP.GE.U32.AND 1 R2 0 1024 
49 0 0 0 0040 ffffffff 0 ISETP.GE.U32.AND 1 R2 0 1024 
30 0 0 3 0060 ffffffff 1 R11 S2R 0 0 0 
30 0 0 2 0060 ffffffff 1 R11 S2R 0 0 0 
3 0 0 2 0040 ffffffff 0 ISETP.GE.U32.AND 1 R2 0 1024 
30 0 0 1 0060 ffffffff 1 R11 S2R 0 0 0 
30 0 0 0 0060 ffffffff 1 R11 S2R 0 0 0 
43 0 0 3 0040 ffffffff 0 ISETP.GE.U32.AND 1 R2 0 1024 
10 0 0 3 0040 ffffffff 0 ISETP.GE.U32.AND 1 R2 0 1024 
54 0 0 0 0040 ffffffff 0 ISETP.GE.U32.AND 1 R2 0 1024 
50 0 0 1 0040 ffffffff 0 ISETP.GE.U32.AND 1 R2 0 1024 
6 0 0 2 0040 ffffffff 0 ISETP.GE.U32.AND 1 R2 0 1024 
3 0 0 0 0040 ffffffff 0 ISETP.GE.U32.AND 1 R2 0 1024 
5 0 0 0 0040 ffffffff 0 ISETP.GE.U32.AND 1 R2 0 1024 
13 0 0 0 0040 ffffffff 0 ISETP.GE.U32.AND 1 R2 0 1024 
5 0 0 3 0040 ffffffff 0 ISETP.GE.U32.AND 1 R2 0 1024 
3 0 0 3 0040 ffffffff 0 ISETP.GE.U32.AND 1 R2 0 1024 
10 0 0 0 0040 ffffffff 0 ISETP.GE.U32.AND 1 R2 0 1024 
41 0 0 3 0040 ffffffff 0 ISETP.GE.U32.AND 1 R2 0 1024 
44 0 0 2 0040 ffffffff 0 ISETP.GE.U32.AND 1 R2 0 1024 
52 0 0 0 0040 ffffffff 0 ISETP.GE.U32.AND 1 R2 0 1024 
37 0 0 2 0060 ffffffff 1 R11 S2R 0 0 0 
24 0 0 2 0060 ffffffff 1 R11 S2R 0 0 0 
29 0 0 0 0060 ffffffff 1 R11 S2R 0 0 0 
26 0 0 1 0060 ffffffff 1 R11 S2R 0 0 0 
16 0 0 0 0060 ffffffff 1 R11 S2R 0 0 0 
32 0 0 3 0060 ffffffff 1 R11 S2R 0 0 0 
16 0 0 3 0060 ffffffff 1 R11 S2R 0 0 0 
34 0 0 0 0060 ffffffff 1 R11 S2R 0 0 0 
32 0 0 1 0060 ffffffff 1 R11 S2R 0 0 0 
42 0 0 2 0040 ffffffff 0 ISETP.GE.U32.AND 1 R2 0 1024 
51 0 0 1 0040 ffffffff 0 ISETP.GE.U32.AND 1 R2 0 1024 
38 0 0 3 0060 ffffffff 1 R11 S2R 0 0 0 
38 0 0 0 0060 ffffffff 1 R11 S2R 0 0 0 
11 0 0 3 0040 ffffffff 0 ISETP.GE.U32.AND 1 R2 0 1024 
38 0 0 2 0060 ffffffff 1 R11 S2R 0 0 0 
17 0 0 0 0060 ffffffff 1 R11 S2R 0 0 0 
43 0 0 0 0040 ffffffff 0 ISETP.GE.U32.AND 1 R2 0 1024 
17 0 0 1 0060 ffffffff 1 R11 S2R 0 0 0 
43 0 0 2 0040 ffffffff 0 ISETP.GE.U32.AND 1 R2 0 1024 
2 0 0 2 0040 ffffffff 0 ISETP.GE.U32.AND 1 R2 0 1024 
53 0 0 2 0040 ffffffff 0 ISETP.GE.U32.AND 1 R2 0 1024 
13 0 0 3 0040 ffffffff 0 ISETP.GE.U32.AND 1 R2 0 1024 
16 0 0 1 0060 ffffffff 1 R11 S2R 0 0 0 
9 0 0 0 0040 ffffffff 0 ISETP.GE.U32.AND 1 R2 0 1024 
9 0 0 3 0040 ffffffff 0 ISETP.GE.U32.AND 1 R2 0 1024 
26 0 0 0 0060 ffffffff 1 R11 S2R 0 0 0 
49 0 0 2 0040 ffffffff 0 ISETP.GE.U32.AND 1 R2 0 1024 
40 0 0 2 0040 ffffffff 0 ISETP.GE.U32.AND 1 R2 0 1024 
16 0 0 2 0060 ffffffff 1 R11 S2R 0 0 0 
24 0 0 0 0060 ffffffff 1 R11 S2R 0 0 0 
53 0 0 0 0040 ffffffff 0 ISETP.GE.U32.AND 1 R2 0 1024 
38 0 0 1 0060 ffffffff 1 R11 S2R 0 0 0 
26 0 0 3 0060 ffffffff 1 R11 S2R 0 0 0 
24 0 0 1 0060 ffffffff 1 R11 S2R 0 0 0 
2 0 0 0 0040 ffffffff 0 ISETP.GE.U32.AND 1 R2 0 1024 
0 0 0 0 0040 ffffffff 0 ISETP.GE.U32.AND 1 R2 0 1024 
40 0 0 0 0040 ffffffff 0 ISETP.GE.U32.AND 1 R2 0 1024 
20 0 0 0 0060 ffffffff 1 R11 S2R 0 0 0 
20 0 0 1 0060 ffffffff 1 R11 S2R 0 0 0 
20 0 0 3 0060 ffffffff 1 R11 S2R 0 0 0 
22 0 0 2 0060 ffffffff 1 R11 S2R 0 0 0 
42 0 0 3 0040 ffffffff 0 ISETP.GE.U32.AND 1 R2 0 1024 
24 0 0 3 0060 ffffffff 1 R11 S2R 0 0 0 
0 0 0 2 0040 ffffffff 0 ISETP.GE.U32.AND 1 R2 0 1024 
2 0 0 3 0040 ffffffff 0 ISETP.GE.U32.AND 1 R2 0 1024 
26 0 0 2 0060 ffffffff 1 R11 S2R 0 0 0 
0 0 0 1 0040 ffffffff 0 ISETP.GE.U32.AND 1 R2 0 1024 
34 0 0 2 0060 ffffffff 1 R11 S2R 0 0 0 
22 0 0 1 0060 ffffffff 1 R11 S2R 0 0 0 
29 0 0 2 0060 ffffffff 1 R11 S2R 0 0 0 
20 0 0 2 0060 ffffffff 1 R11 S2R 0 0 0 
42 0 0 0 0040 ffffffff 0 ISETP.GE.U32.AND 1 R2 0 1024 
34 0 0 3 0060 ffffffff 1 R11 S2R 0 0 0 
29 0 0 3 0060 ffffffff 1 R11 S2R 0 0 0 
9 0 0 2 0040 ffffffff 0 ISETP.GE.U32.AND 1 R2 0 1024 
29 0 0 1 0060 ffffffff 1 R11 S2R 0 0 0 
34 0 0 1 0060 ffffffff 1 R11 S2R 0 0 0 
22 0 0 0 0060 ffffffff 1 R11 S2R 0 0 0 
0 0 0 3 0040 ffffffff 0 ISETP.GE.U32.AND 1 R2 0 1024 
45 0 0 3 0040 ffffffff 0 ISETP.GE.U32.AND 1 R2 0 1024 
22 0 0 3 0060 ffffffff 1 R11 S2R 0 0 0 
51 0 0 2 0040 ffffffff 0 ISETP.GE.U32.AND 1 R2 0 1024 
27 0 0 2 0070 ffffffff 1 R9 MOV 0 0 4 
11 0 0 2 0040 ffffffff 0 ISETP.GE.U32.AND 1 R2 0 1024 
51 0 0 0 0040 ffffffff 0 ISETP.GE.U32.AND 1 R2 0 1024 
11 0 0 0 0040 ffffffff 0 ISETP.GE.U32.AND 1 R2 0 1024 
27 0 0 0 0070 ffffffff 1 R9 MOV 0 0 4 
54 0 0 3 0050 00000000 0 BRA 0 0 528 
27 0 0 1 0070 ffffffff 1 R9 MOV 0 0 4 
33 0 0 2 0070 ffffffff 1 R9 MOV 0 0 4 
27 0 0 3 0070 ffffffff 1 R9 MOV 0 0 4 
33 0 0 3 0070 ffffffff 1 R9 MOV 0 0 4 
39 0 0 2 0070 ffffffff 1 R9 MOV 0 0 4 
39 0 0 0 0070 ffffffff 1 R9 MOV 0 0 4 
33 0 0 0 0070 ffffffff 1 R9 MOV 0 0 4 
39 0 0 3 0070 ffffffff 1 R9 MOV 0 0 4 
28 0 0 0 0070 ffffffff 1 R9 MOV 0 0 4 
28 0 0 2 0070 ffffffff 1 R9 MOV 0 0 4 
35 0 0 0 0070 ffffffff 1 R9 MOV 0 0 4 
31 0 0 0 0070 ffffffff 1 R9 MOV 0 0 4 
19 0 0 3 0070 ffffffff 1 R9 MOV 0 0 4 
19 0 0 0 0070 ffffffff 1 R9 MOV 0 0 4 
39 0 0 1 0070 ffffffff 1 R9 MOV 0 0 4 
36 0 0 0 0070 ffffffff 1 R9 MOV 0 0 4 
31 0 0 2 0070 ffffffff 1 R9 MOV 0 0 4 
33 0 0 1 0070 ffffffff 1 R9 MOV 0 0 4 
35 0 0 1 0070 ffffffff 1 R9 MOV 0 0 4 
31 0 0 3 0070 ffffffff 1 R9 MOV 0 0 4 
31 0 0 1 0070 ffffffff 1 R9 MOV 0 0 4 
19 0 0 2 0070 ffffffff 1 R9 MOV 0 0 4 
28 0 0 1 0070 ffffffff 1 R9 MOV 0 0 4 
25 0 0 1 0070 ffffffff 1 R9 MOV 0 0 4 
15 0 0 2 0070 ffffffff 1 R9 MOV 0 0 4 
36 0 0 2 0070 ffffffff 1 R9 MOV 0 0 4 
19 0 0 1 0070 ffffffff 1 R9 MOV 0 0 4 
36 0 0 3 0070 ffffffff 1 R9 MOV 0 0 4 
25 0 0 2 0070 ffffffff 1 R9 MOV 0 0 4 
25 0 0 3 0070 ffffffff 1 R9 MOV 0 0 4 
25 0 0 0 0070 ffffffff 1 R9 MOV 0 0 4 
17 0 0 0 0070 ffffffff 1 R9 MOV 0 0 4 
32 0 0 0 0070 ffffffff 1 R9 MOV 0 0 4 
36 0 0 1 0070 ffffffff 1 R9 MOV 0 0 4 
15 0 0 0 0070 ffffffff 1 R9 MOV 0 0 4 
22 0 0 2 0070 ffffffff 1 R9 MOV 0 0 4 
22 0 0 0 0070 ffffffff 1 R9 MOV 0 0 4 
24 0 0 1 0070 ffffffff 1 R9 MOV 0 0 4 
17 0 0 2 0070 ffffffff 1 R9 MOV 0 0 4 
23 0 0 1 0070 ffffffff 1 R9 MOV 0 0 4 
37 0 0 3 0070 ffffffff 1 R9 MOV 0 0 4 
24 0 0 3 0070 ffffffff 1 R9 MOV 0 0 4 
17 0 0 1 0070 ffffffff 1 R9 MOV 0 0 4 
20 0 0 2 0070 ffffffff 1 R9 MOV 0 0 4 
18 0 0 2 0070 ffffffff 1 R9 MOV 0 0 4 
28 0 0 3 0070 ffffffff 1 R9 MOV 0 0 4 
35 0 0 2 0070 ffffffff 1 R9 MOV 0 0 4 
21 0 0 3 0070 ffffffff 1 R9 MOV 0 0 4 
22 0 0 3 0070 ffffffff 1 R9 MOV 0 0 4 
30 0 0 0 0070 ffffffff 1 R9 MOV 0 0 4 
23 0 0 3 0070 ffffffff 1 R9 MOV 0 0 4 
20 0 0 3 0070 ffffffff 1 R9 MOV 0 0 4 
12 0 0 1 0050 00000000 0 BRA 0 0 528 
37 0 0 2 0070 ffffffff 1 R9 MOV 0 0 4 
24 0 0 0 0070 ffffffff 1 R9 MOV 0 0 4 
38 0 0 2 0070 ffffffff 1 R9 MOV 0 0 4 
38 0 0 0 0070 ffffffff 1 R9 MOV 0 0 4 
23 0 0 2 0070 ffffffff 1 R9 MOV 0 0 4 
23 0 0 0 0070 ffffffff 1 R9 MOV 0 0 4 
16 0 0 0 0070 ffffffff 1 R9 MOV 0 0 4 
16 0 0 3 0070 ffffffff 1 R9 MOV 0 0 4 
20 0 0 1 0070 ffffffff 1 R9 MOV 0 0 4 
29 0 0 3 0070 ffffffff 1 R9 MOV 0 0 4 
29 0 0 0 0070 ffffffff 1 R9 MOV 0 0 4 
22 0 0 1 0070 ffffffff 1 R9 MOV 0 0 4 
15 0 0 1 0070 ffffffff 1 R9 MOV 0 0 4 
15 0 0 3 0070 ffffffff 1 R9 MOV 0 0 4 
34 0 0 2 0070 ffffffff 1 R9 MOV 0 0 4 
34 0 0 3 0070 ffffffff 1 R9 MOV 0 0 4 
34 0 0 1 0070 ffffffff 1 R9 MOV 0 0 4 
24 0 0 2 0070 ffffffff 1 R9 MOV 0 0 4 
18 0 0 3 0070 ffffffff 1 R9 MOV 0 0 4 
20 0 0 0 0070 ffffffff 1 R9 MOV 0 0 4 
34 0 0 0 0070 ffffffff 1 R9 MOV 0 0 4 
14 0 0 1 0050 00000000 0 BRA 0 0 528 
30 0 0 2 0070 ffffffff 1 R9 MOV 0 0 4 
29 0 0 1 0070 ffffffff 1 R9 MOV 0 0 4 
38 0 0 1 0070 ffffffff 1 R9 MOV 0 0 4 
29 0 0 2 0070 ffffffff 1 R9 MOV 0 0 4 
16 0 0 2 0070 ffffffff 1 R9 MOV 0 0 4 
26 0 0 3 0070 ffffffff 1 R9 MOV 0 0 4 
32 0 0 3 0070 ffffffff 1 R9 MOV 0 0 4 
21 0 0 2 0070 ffffffff 1 R9 MOV 0 0 4 
32 0 0 1 0070 ffffffff 1 R9 MOV 0 0 4 
30 0 0 1 0070 ffffffff 1 R9 MOV 0 0 4 
21 0 0 0 0070 ffffffff 1 R9 MOV 0 0 4 
26 0 0 0 0070 ffffffff 1 R9 MOV 0 0 4 
30 0 0 3 0070 ffffffff 1 R9 MOV 0 0 4 
26 0 0 2 0070 ffffffff 1 R9 MOV 0 0 4 
32 0 0 2 0070 ffffffff 1 R9 MOV 0 0 4 
16 0 0 1 0070 ffffffff 1 R9 MOV 0 0 4 
38 0 0 3 0070 ffffffff 1 R9 MOV 0 0 4 
18 0 0 1 0070 ffffffff 1 R9 MOV 0 0 4 
18 0 0 0 0070 ffffffff 1 R9 MOV 0 0 4 
37 0 0 0 0070 ffffffff 1 R9 MOV 0 0 4 
17 0 0 3 0070 ffffffff 1 R9 MOV 0 0 4 
35 0 0 3 0070 ffffffff 1 R9 MOV 0 0 4 
21 0 0 1 0070 ffffffff 1 R9 MOV 0 0 4 
50 0 0 3 0050 00000000 0 BRA 0 0 528 
26 0 0 1 0070 ffffffff 1 R9 MOV 0 0 4 
52 0 0 2 0050 00000000 0 BRA 0 0 528 
37 0 0 1 0070 ffffffff 1 R9 MOV 0 0 4 
53 0 0 3 0050 00000000 0 BRA 0 0 528 
10 0 0 2 0050 00000000 0 BRA 0 0 528 
5 0 0 1 0050 00000000 0 BRA 0 0 528 
43 0 0 2 0050 00000000 0 BRA 0 0 528 
51 0 0 3 0050 00000000 0 BRA 0 0 528 
48 0 0 3 0050 00000000 0 BRA 0 0 528 
10 0 0 1 0050 00000000 0 BRA 0 0 528 
13 0 0 0 0050 00000000 0 BRA 0 0 528 
54 0 0 3 0060 ffffffff 1 R11 S2R 0 0 0 
27 0 0 0 0080 ffffffff 1 R2 IMAD.WIDE 2 R0 R9 0 0 
27 0 0 2 0080 ffffffff 1 R2 IMAD.WIDE 2 R0 R9 0 0 
7 0 0 2 0050 00000000 0 BRA 0 0 528 
1 0 0 0 0050 00000000 0 BRA 0 0 528 
13 0 0 1 0050 00000000 0 BRA 0 0 528 
45 0 0 1 0050 00000000 0 BRA 0 0 528 
5 0 0 0 0050 00000000 0 BRA 0 0 528 
27 0 0 1 0080 ffffffff 1 R2 IMAD.WIDE 2 R0 R9 0 0 
54 0 0 1 0050 00000000 0 BRA 0 0 528 
12 0 0 3 0050 00000000 0 BRA 0 0 528 
52 0 0 1 0050 00000000 0 BRA 0 0 528 
2 0 0 0 0050 00000000 0 BRA 0 0 528 
48 0 0 1 0050 00000000 0 BRA 0 0 528 
45 0 0 0 0050 00000000 0 BRA 0 0 528 
4 0 0 2 0050 00000000 0 BRA 0 0 528 
2 0 0 2 0050 00000000 0 BRA 0 0 528 
13 0 0 3 0050 00000000 0 BRA 0 0 528 
53 0 0 1 0050 00000000 0 BRA 0 0 528 
46 0 0 3 0050 00000000 0 BRA 0 0 528 
52 0 0 3 0050 00000000 0 BRA 0 0 528 
49 0 0 1 0050 00000000 0 BRA 0 0 528 
27 0 0 3 0080 ffffffff 1 R2 IMAD.WIDE 2 R0 R9 0 0 
47 0 0 0 0050 00000000 0 BRA 0 0 528 
53 0 0 2 0050 00000000 0 BRA 0 0 528 
1 0 0 3 0050 00000000 0 BRA 0 0 528 
40 0 0 1 0050 00000000 0 BRA 0 0 528 
41 0 0 1 0050 00000000 0 BRA 0 0 528 
44 0 0 1 0050 00000000 0 BRA 0 0 528 
47 0 0 1 0050 00000000 0 BRA 0 0 528 
3 0 0 1 0050 00000000 0 BRA 0 0 528 
44 0 0 3 0050 00000000 0 BRA 0 0 528 
12 0 0 0 0050 00000000 0 BRA 0 0 528 
50 0 0 1 0050 00000000 0 BRA 0 0 528 
11 0 0 1 0050 00000000 0 BRA 0 0 528 
40 0 0 3 0050 00000000 0 BRA 0 0 528 
5 0 0 2 0050 00000000 0 BRA 0 0 528 
47 0 0 2 0050 00000000 0 BRA 0 0 528 
45 0 0 3 0050 00000000 0 BRA 0 0 528 
41 0 0 2 0050 00000000 0 BRA 0 0 528 
7 0 0 3 0050 00000000 0 BRA 0 0 528 
41 0 0 3 0050 00000000 0 BRA 0 0 528 
7 0 0 0 0050 00000000 0 BRA 0 0 528 
4 0 0 3 0050 00000000 0 BRA 0 0 528 
4 0 0 0 0050 00000000 0 BRA 0 0 528 
2 0 0 1 0050 00000000 0 BRA 0 0 528 
33 0 0 2 0080 ffffffff 1 R2 IMAD.WIDE 2 R0 R9 0 0 
46 0 0 2 0050 00000000 0 BRA 0 0 528 
13 0 0 2 0050 00000000 0 BRA 0 0 528 
53 0 0 0 0050 00000000 0 BRA 0 0 528 
47 0 0 3 0050 00000000 0 BRA 0 0 528 
9 0 0 0 0050 00000000 0 BRA 0 0 528 
44 0 0 0 0050 00000000 0 BRA 0 0 528 
7 0 0 1 0050 00000000 0 BRA 0 0 528 
5 0 0 3 0050 00000000 0 BRA 0 0 528 
41 0 0 0 0050 00000000 0 BRA 0 0 528 
0 0 0 1 0050 00000000 0 BRA 0 0 528 
9 0 0 3 0050 00000000 0 BRA 0 0 528 
42 0 0 1 0050 00000000 0 BRA 0 0 528 
12 0 0 2 0050 00000000 0 BRA 0 0 528 
1 0 0 2 0050 00000000 0 BRA 0 0 528 
6 0 0 3 0050 00000000 0 BRA 0 0 528 
9 0 0 1 0050 00000000 0 BRA 0 0 528 
51 0 0 1 0050 00000000 0 BRA 0 0 528 
50 0 0 0 0050 00000000 0 BRA 0 0 528 
49 0 0 0 0050 00000000 0 BRA 0 0 528 
4 0 0 1 0050 00000000 0 BRA 0 0 528 
6 0 0 0 0050 00000000 0 BRA 0 0 528 
10 0 0 3 0050 00000000 0 BRA 0 0 528 
45 0 0 2 0050 00000000 0 BRA 0 0 528 
8 0 0 1 0050 00000000 0 BRA 0 0 528 
50 0 0 2 0050 00000000 0 BRA 0 0 528 
52 0 0 0 0050 00000000 0 BRA 0 0 528 
48 0 0 0 0050 00000000 0 BRA 0 0 528 
14 0 0 3 0050 00000000 0 BRA 0 0 528 
46 0 0 1 0050 00000000 0 BRA 0 0 528 
54 0 0 0 0050 00000000 0 BRA 0 0 528 
48 0 0 2 0050 00000000 0 BRA 0 0 528 
49 0 0 3 0050 00000000 0 BRA 0 0 528 
2 0 0 3 0050 00000000 0 BRA 0 0 528 
44 0 0 2 0050 00000000 0 BRA 0 0 528 
40 0 0 2 0050 00000000 0 BRA 0 0 528 
6 0 0 1 0050 00000000 0 BRA 0 0 528 
8 0 0 3 0050 00000000 0 BRA 0 0 528 
14 0 0 0 0050 00000000 0 BRA 0 0 528 
0 0 0 0 0050 00000000 0 BRA 0 0 528 
8 0 0 0 0050 00000000 0 BRA 0 0 528 
42 0 0 0 0050 00000000 0 BRA 0 0 528 
6 0 0 2 0050 00000000 0 BRA 0 0 528 
10 0 0 0 0050 00000000 0 BRA 0 0 528 
9 0 0 2 0050 00000000 0 BRA 0 0 528 
11 0 0 3 0050 00000000 0 BRA 0 0 528 
43 0 0 1 0050 00000000 0 BRA 0 0 528 
43 0 0 0 0050 00000000 0 BRA 0 0 528 
3 0 0 3 0050 00000000 0 BRA 0 0 528 
8 0 0 2 0050 00000000 0 BRA 0 0 528 
3 0 0 0 0050 00000000 0 BRA 0 0 528 
43 0 0 3 0050 00000000 0 BRA 0 0 528 
3 0 0 2 0050 00000000 0 BRA 0 0 528 
14 0 0 2 0050 00000000 0 BRA 0 0 528 
54 0 0 2 0050 00000000 0 BRA 0 0 528 
46 0 0 0 0050 00000000 0 BRA 0 0 528 
33 0 0 3 0080 ffffffff 1 R2 IMAD.WIDE 2 R0 R9 0 0 
1 0 0 1 0050 00000000 0 BRA 0 0 528 
0 0 0 2 0050 00000000 0 BRA 0 0 528 
49 0 0 2 0050 00000000 0 BRA 0 0 528 
40 0 0 0 0050 00000000 0 BRA 0 0 528 
42 0 0 3 0050 00000000 0 BRA 0 0 528 
42 0 0 2 0050 00000000 0 BRA 0 0 528 
33 0 0 0 0080 ffffffff 1 R2 IMAD.WIDE 2 R0 R9 0 0 
39 0 0 0 0080 ffffffff 1 R2 IMAD.WIDE 2 R0 R9 0 0 
35 0 0 0 0080 ffffffff 1 R2 IMAD.WIDE 2 R0 R9 0 0 
39 0 0 1 0080 ffffffff 1 R2 IMAD.WIDE 2 R0 R9 0 0 
39 0 0 2 0080 ffffffff 1 R2 IMAD.WIDE 2 R0 R9 0 0 
51 0 0 2 0050 00000000 0 BRA 0 0 528 
19 0 0 0 0080 ffffffff 1 R2 IMAD.WIDE 2 R0 R9 0 0 
39 0 0 3 0080 ffffffff 1 R2 IMAD.WIDE 2 R0 R9 0 0 
33 0 0 1 0080 ffffffff 1 R2 IMAD.WIDE 2 R0 R9 0 0 
0 0 0 3 0050 00000000 0 BRA 0 0 528 
11 0 0 2 0050 00000000 0 BRA 0 0 528 
28 0 0 0 0080 ffffffff 1 R2 IMAD.WIDE 2 R0 R9 0 0 
31 0 0 0 0080 ffffffff 1 R2 IMAD.WIDE 2 R0 R9 0 0 
31 0 0 2 0080 ffffffff 1 R2 IMAD.WIDE 2 R0 R9 0 0 
28 0 0 2 0080 ffffffff 1 R2 IMAD.WIDE 2 R0 R9 0 0 
35 0 0 1 0080 ffffffff 1 R2 IMAD.WIDE 2 R0 R9 0 0 
31 0 0 3 0080 ffffffff 1 R2 IMAD.WIDE 2 R0 R9 0 0 
19 0 0 1 0080 ffffffff 1 R2 IMAD.WIDE 2 R0 R9 0 0 
19 0 0 3 0080 ffffffff 1 R2 IMAD.WIDE 2 R0 R9 0 0 
35 0 0 2 0080 ffffffff 1 R2 IMAD.WIDE 2 R0 R9 0 0 
11 0 0 0 0050 00000000 0 BRA 0 0 528 
19 0 0 2 0080 ffffffff 1 R2 IMAD.WIDE 2 R0 R9 0 0 
36 0 0 2 0080 ffffffff 1 R2 IMAD.WIDE 2 R0 R9 0 0 
25 0 0 3 0080 ffffffff 1 R2 IMAD.WIDE 2 R0 R9 0 0 
31 0 0 1 0080 ffffffff 1 R2 IMAD.WIDE 2 R0 R9 0 0 
51 0 0 0 0050 00000000 0 BRA 0 0 528 
36 0 0 1 0080 ffffffff 1 R2 IMAD.WIDE 2 R0 R9 0 0 
28 0 0 1 0080 ffffffff 1 R2 IMAD.WIDE 2 R0 R9 0 0 
25 0 0 1 0080 ffffffff 1 R2 IMAD.WIDE 2 R0 R9 0 0 
25 0 0 2 0080 ffffffff 1 R2 IMAD.WIDE 2 R0 R9 0 0 
20 0 0 0 0080 ffffffff 1 R2 IMAD.WIDE 2 R0 R9 0 0 
28 0 0 3 0080 ffffffff 1 R2 IMAD.WIDE 2 R0 R9 0 0 
15 0 0 3 0080 ffffffff 1 R2 IMAD.WIDE 2 R0 R9 0 0 
15 0 0 0 0080 ffffffff 1 R2 IMAD.WIDE 2 R0 R9 0 0 
30 0 0 3 0080 ffffffff 1 R2 IMAD.WIDE 2 R0 R9 0 0 
20 0 0 3 0080 ffffffff 1 R2 IMAD.WIDE 2 R0 R9 0 0 
36 0 0 3 0080 ffffffff 1 R2 IMAD.WIDE 2 R0 R9 0 0 
36 0 0 0 0080 ffffffff 1 R2 IMAD.WIDE 2 R0 R9 0 0 
25 0 0 0 0080 ffffffff 1 R2 IMAD.WIDE 2 R0 R9 0 0 
17 0 0 1 0080 ffffffff 1 R2 IMAD.WIDE 2 R0 R9 0 0 
17 0 0 2 0080 ffffffff 1 R2 IMAD.WIDE 2 R0 R9 0 0 
17 0 0 3 0080 ffffffff 1 R2 IMAD.WIDE 2 R0 R9 0 0 
30 0 0 1 0080 ffffffff 1 R2 IMAD.WIDE 2 R0 R9 0 0 
18 0 0 3 0080 ffffffff 1 R2 IMAD.WIDE 2 R0 R9 0 0 
18 0 0 1 0080 ffffffff 1 R2 IMAD.WIDE 2 R0 R9 0 0 
32 0 0 2 0080 ffffffff 1 R2 IMAD.WIDE 2 R0 R9 0 0 
24 0 0 2 0080 ffffffff 1 R2 IMAD.WIDE 2 R0 R9 0 0 
15 0 0 2 0080 ffffffff 1 R2 IMAD.WIDE 2 R0 R9 0 0 
18 0 0 2 0080 ffffffff 1 R2 IMAD.WIDE 2 R0 R9 0 0 
37 0 0 1 0080 ffffffff 1 R2 IMAD.WIDE 2 R0 R9 0 0 
23 0 0 3 0080 ffffffff 1 R2 IMAD.WIDE 2 R0 R9 0 0 
23 0 0 2 0080 ffffffff 1 R2 IMAD.WIDE 2 R0 R9 0 0 
24 0 0 0 0080 ffffffff 1 R2 IMAD.WIDE 2 R0 R9 0 0 
18 0 0 0 0080 ffffffff 1 R2 IMAD.WIDE 2 R0 R9 0 0 
15 0 0 1 0080 ffffffff 1 R2 IMAD.WIDE 2 R0 R9 0 0 
34 0 0 0 0080 ffffffff 1 R2 IMAD.WIDE 2 R0 R9 0 0 
29 0 0 3 0080 ffffffff 1 R2 IMAD.WIDE 2 R0 R9 0 0 
30 0 0 2 0080 ffffffff 1 R2 IMAD.WIDE 2 R0 R9 0 0 
23 0 0 0 0080 ffffffff 1 R2 IMAD.WIDE 2 R0 R9 0 0 
21 0 0 1 0080 ffffffff 1 R2 IMAD.WIDE 2 R0 R9 0 0 
22 0 0 2 0080 ffffffff 1 R2 IMAD.WIDE 2 R0 R9 0 0 
30 0 0 0 0080 ffffffff 1 R2 IMAD.WIDE 2 R0 R9 0 0 
16 0 0 1 0080 ffffffff 1 R2 IMAD.WIDE 2 R0 R9 0 0 
24 0 0 3 0080 ffffffff 1 R2 IMAD.WIDE 2 R0 R9 0 0 
32 0 0 0 0080 ffffffff 1 R2 IMAD.WIDE 2 R0 R9 0 0 
17 0 0 0 0080 ffffffff 1 R2 IMAD.WIDE 2 R0 R9 0 0 
29 0 0 0 0080 ffffffff 1 R2 IMAD.WIDE 2 R0 R9 0 0 
21 0 0 0 0080 ffffffff 1 R2 IMAD.WIDE 2 R0 R9 0 0 
37 0 0 3 0080 ffffffff 1 R2 IMAD.WIDE 2 R0 R9 0 0 
37 0 0 2 0080 ffffffff 1 R2 IMAD.WIDE 2 R0 R9 0 0 
37 0 0 0 0080 ffffffff 1 R2 IMAD.WIDE 2 R0 R9 0 0 
22 0 0 3 0080 ffffffff 1 R2 IMAD.WIDE 2 R0 R9 0 0 
29 0 0 2 0080 ffffffff 1 R2 IMAD.WIDE 2 R0 R9 0 0 
22 0 0 1 0080 ffffffff 1 R2 IMAD.WIDE 2 R0 R9 0 0 
24 0 0 1 0080 ffffffff 1 R2 IMAD.WIDE 2 R0 R9 0 0 
38 0 0 3 0080 ffffffff 1 R2 IMAD.WIDE 2 R0 R9 0 0 
34 0 0 3 0080 ffffffff 1 R2 IMAD.WIDE 2 R0 R9 0 0 
38 0 0 2 0080 ffffffff 1 R2 IMAD.WIDE 2 R0 R9 0 0 
22 0 0 0 0080 ffffffff 1 R2 IMAD.WIDE 2 R0 R9 0 0 
29 0 0 1 0080 ffffffff 1 R2 IMAD.WIDE 2 R0 R9 0 0 
21 0 0 3 0080 ffffffff 1 R2 IMAD.WIDE 2 R0 R9 0 0 
32 0 0 3 0080 ffffffff 1 R2 IMAD.WIDE 2 R0 R9 0 0 
27 0 0 0 0090 ffffffff 1 R2 IMAD.WIDE.U32 2 R11 R2 0 16 
20 0 0 1 0080 ffffffff 1 R2 IMAD.WIDE 2 R0 R9 0 0 
20 0 0 2 0080 ffffffff 1 R2 IMAD.WIDE 2 R0 R9 0 0 
21 0 0 2 0080 ffffffff 1 R2 IMAD.WIDE 2 R0 R9 0 0 
35 0 0 3 0080 ffffffff 1 R2 IMAD.WIDE 2 R0 R9 0 0 
23 0 0 1 0080 ffffffff 1 R2 IMAD.WIDE 2 R0 R9 0 0 
26 0 0 1 0080 ffffffff 1 R2 IMAD.WIDE 2 R0 R9 0 0 
26 0 0 0 0080 ffffffff 1 R2 IMAD.WIDE 2 R0 R9 0 0 
38 0 0 1 0080 ffffffff 1 R2 IMAD.WIDE 2 R0 R9 0 0 
34 0 0 1 0080 ffffffff 1 R2 IMAD.WIDE 2 R0 R9 0 0 
16 0 0 0 0080 ffffffff 1 R2 IMAD.WIDE 2 R0 R9 0 0 
16 0 0 2 0080 ffffffff 1 R2 IMAD.WIDE 2 R0 R9 0 0 
16 0 0 3 0080 ffffffff 1 R2 IMAD.WIDE 2 R0 R9 0 0 
38 0 0 0 0080 ffffffff 1 R2 IMAD.WIDE 2 R0 R9 0 0 
33 0 0 2 0090 ffffffff 1 R2 IMAD.WIDE.U32 2 R11 R2 0 16 
34 0 0 2 0080 ffffffff 1 R2 IMAD.WIDE 2 R0 R9 0 0 
32 0 0 1 0080 ffffffff 1 R2 IMAD.WIDE 2 R0 R9 0 0 
27 0 0 3 0090 ffffffff 1 R2 IMAD.WIDE.U32 2 R11 R2 0 16 
27 0 0 2 0090 ffffffff 1 R2 IMAD.WIDE.U32 2 R11 R2 0 16 
33 0 0 3 0090 ffffffff 1 R2 IMAD.WIDE.U32 2 R11 R2 0 16 
26 0 0 2 0080 ffffffff 1 R2 IMAD.WIDE 2 R0 R9 0 0 
35 0 0 0 0090 ffffffff 1 R2 IMAD.WIDE.U32 2 R11 R2 0 16 
26 0 0 3 0080 ffffffff 1 R2 IMAD.WIDE 2 R0 R9 0 0 
14 0 0 1 0060 ffffffff 1 R11 S2R 0 0 0 
39 0 0 2 0090 ffffffff 1 R2 IMAD.WIDE.U32 2 R11 R2 0 16 
27 0 0 1 0090 ffffffff 1 R2 IMAD.WIDE.U32 2 R11 R2 0 16 
33 0 0 0 0090 ffffffff 1 R2 IMAD.WIDE.U32 2 R11 R2 0 16 
12 0 0 1 0060 ffffffff 1 R11 S2R 0 0 0 
33 0 0 1 0090 ffffffff 1 R2 IMAD.WIDE.U32 2 R11 R2 0 16 
39 0 0 0 0090 ffffffff 1 R2 IMAD.WIDE.U32 2 R11 R2 0 16 
35 0 0 1 0090 ffffffff 1 R2 IMAD.WIDE.U32 2 R11 R2 0 16 
19 0 0 0 0090 ffffffff 1 R2 IMAD.WIDE.U32 2 R11 R2 0 16 
28 0 0 0 0090 ffffffff 1 R2 IMAD.WIDE.U32 2 R11 R2 0 16 
31 0 0 2 0090 ffffffff 1 R2 IMAD.WIDE.U32 2 R11 R2 0 16 
31 0 0 3 0090 ffffffff 1 R2 IMAD.WIDE.U32 2 R11 R2 0 16 
39 0 0 3 0090 ffffffff 1 R2 IMAD.WIDE.U32 2 R11 R2 0 16 
51 0 0 3 0060 ffffffff 1 R11 S2R 0 0 0 
31 0 0 1 0090 ffffffff 1 R2 IMAD.WIDE.U32 2 R11 R2 0 16 
31 0 0 0 0090 ffffffff 1 R2 IMAD.WIDE.U32 2 R11 R2 0 16 
19 0 0 3 0090 ffffffff 1 R2 IMAD.WIDE.U32 2 R11 R2 0 16 
54 0 0 1 0060 ffffffff 1 R11 S2R 0 0 0 
35 0 0 2 0090 ffffffff 1 R2 IMAD.WIDE.U32 2 R11 R2 0 16 
28 0 0 2 0090 ffffffff 1 R2 IMAD.WIDE.U32 2 R11 R2 0 16 
19 0 0 1 0090 ffffffff 1 R2 IMAD.WIDE.U32 2 R11 R2 0 16 
19 0 0 2 0090 ffffffff 1 R2 IMAD.WIDE.U32 2 R11 R2 0 16 
54 0 0 3 0070 ffffffff 1 R9 MOV 0 0 4 
10 0 0 2 0060 ffffffff 1 R11 S2R 0 0 0 
50 0 0 3 0060 ffffffff 1 R11 S2R 0 0 0 
52 0 0 2 0060 ffffffff 1 R11 S2R 0 0 0 
28 0 0 3 0090 ffffffff 1 R2 IMAD.WIDE.U32 2 R11 R2 0 16 
48 0 0 1 0060 ffffffff 1 R11 S2R 0 0 0 
10 0 0 1 0060 ffffffff 1 R11 S2R 0 0 0 
48 0 0 3 0060 ffffffff 1 R11 S2R 0 0 0 
28 0 0 1 0090 ffffffff 1 R2 IMAD.WIDE.U32 2 R11 R2 0 16 
39 0 0 1 0090 ffffffff 1 R2 IMAD.WIDE.U32 2 R11 R2 0 16 
4 0 0 2 0060 ffffffff 1 R11 S2R 0 0 0 
36 0 0 3 0090 ffffffff 1 R2 IMAD.WIDE.U32 2 R11 R2 0 16 
25 0 0 3 0090 ffffffff 1 R2 IMAD.WIDE.U32 2 R11 R2 0 16 
1 0 0 2 0060 ffffffff 1 R11 S2R 0 0 0 
25 0 0 1 0090 ffffffff 1 R2 IMAD.WIDE.U32 2 R11 R2 0 16 
25 0 0 0 0090 ffffffff 1 R2 IMAD.WIDE.U32 2 R11 R2 0 16 
53 0 0 3 0060 ffffffff 1 R11 S2R 0 0 0 
4 0 0 3 0060 ffffffff 1 R11 S2R 0 0 0 
3 0 0 1 0060 ffffffff 1 R11 S2R 0 0 0 
41 0 0 2 0060 ffffffff 1 R11 S2R 0 0 0 
15 0 0 2 0090 ffffffff 1 R2 IMAD.WIDE.U32 2 R11 R2 0 16 
13 0 0 1 0060 ffffffff 1 R11 S2R 0 0 0 
36 0 0 1 0090 ffffffff 1 R2 IMAD.WIDE.U32 2 R11 R2 0 16 
7 0 0 3 0060 ffffffff 1 R11 S2R 0 0 0 
36 0 0 0 0090 ffffffff 1 R2 IMAD.WIDE.U32 2 R11 R2 0 16 
43 0 0 2 0060 ffffffff 1 R11 S2R 0 0 0 
45 0 0 1 0060 ffffffff 1 R11 S2R 0 0 0 
25 0 0 2 0090 ffffffff 1 R2 IMAD.WIDE.U32 2 R11 R2 0 16 
23 0 0 0 0090 ffffffff 1 R2 IMAD.WIDE.U32 2 R11 R2 0 16 
10 0 0 3 0060 ffffffff 1 R11 S2R 0 0 0 
47 0 0 1 0060 ffffffff 1 R11 S2R 0 0 0 
7 0 0 1 0060 ffffffff 1 R11 S2R 0 0 0 
9 0 0 2 0060 ffffffff 1 R11 S2R 0 0 0 
15 0 0 3 0090 ffffffff 1 R2 IMAD.WIDE.U32 2 R11 R2 0 16 
15 0 0 0 0090 ffffffff 1 R2 IMAD.WIDE.U32 2 R11 R2 0 16 
15 0 0 1 0090 ffffffff 1 R2 IMAD.WIDE.U32 2 R11 R2 0 16 
53 0 0 2 0060 ffffffff 1 R11 S2R 0 0 0 
13 0 0 0 0060 ffffffff 1 R11 S2R 0 0 0 
36 0 0 2 0090 ffffffff 1 R2 IMAD.WIDE.U32 2 R11 R2 0 16 
53 0 0 0 0060 ffffffff 1 R11 S2R 0 0 0 
5 0 0 1 0060 ffffffff 1 R11 S2R 0 0 0 
53 0 0 1 0060 ffffffff 1 R11 S2R 0 0 0 
52 0 0 1 0060 ffffffff 1 R11 S2R 0 0 0 
12 0 0 0 0060 ffffffff 1 R11 S2R 0 0 0 
30 0 0 0 0090 ffffffff 1 R2 IMAD.WIDE.U32 2 R11 R2 0 16 
30 0 0 2 0090 ffffffff 1 R2 IMAD.WIDE.U32 2 R11 R2 0 16 
7 0 0 0 0060 ffffffff 1 R11 S2R 0 0 0 
1 0 0 0 0060 ffffffff 1 R11 S2R 0 0 0 
52 0 0 3 0060 ffffffff 1 R11 S2R 0 0 0 
1 0 0 3 0060 ffffffff 1 R11 S2R 0 0 0 
45 0 0 2 0060 ffffffff 1 R11 S2R 0 0 0 
13 0 0 2 0060 ffffffff 1 R11 S2R 0 0 0 
20 0 0 3 0090 ffffffff 1 R2 IMAD.WIDE.U32 2 R11 R2 0 16 
20 0 0 0 0090 ffffffff 1 R2 IMAD.WIDE.U32 2 R11 R2 0 16 
41 0 0 0 0060 ffffffff 1 R11 S2R 0 0 0 
30 0 0 3 0090 ffffffff 1 R2 IMAD.WIDE.U32 2 R11 R2 0 16 
7 0 0 2 0060 ffffffff 1 R11 S2R 0 0 0 
2 0 0 2 0060 ffffffff 1 R11 S2R 0 0 0 
41 0 0 1 0060 ffffffff 1 R11 S2R 0 0 0 
17 0 0 1 0090 ffffffff 1 R2 IMAD.WIDE.U32 2 R11 R2 0 16 
12 0 0 3 0060 ffffffff 1 R11 S2R 0 0 0 
17 0 0 3 0090 ffffffff 1 R2 IMAD.WIDE.U32 2 R11 R2 0 16 
17 0 0 0 0090 ffffffff 1 R2 IMAD.WIDE.U32 2 R11 R2 0 16 
13 0 0 3 0060 ffffffff 1 R11 S2R 0 0 0 
12 0 0 2 0060 ffffffff 1 R11 S2R 0 0 0 
18 0 0 0 0090 ffffffff 1 R2 IMAD.WIDE.U32 2 R11 R2 0 16 
23 0 0 2 0090 ffffffff 1 R2 IMAD.WIDE.U32 2 R11 R2 0 16 
41 0 0 3 0060 ffffffff 1 R11 S2R 0 0 0 
24 0 0 0 0090 ffffffff 1 R2 IMAD.WIDE.U32 2 R11 R2 0 16 
10 0 0 0 0060 ffffffff 1 R11 S2R 0 0 0 
24 0 0 2 0090 ffffffff 1 R2 IMAD.WIDE.U32 2 R11 R2 0 16 
6 0 0 1 0060 ffffffff 1 R11 S2R 0 0 0 
44 0 0 3 0060 ffffffff 1 R11 S2R 0 0 0 
4 0 0 1 0060 ffffffff 1 R11 S2R 0 0 0 
50 0 0 2 0060 ffffffff 1 R11 S2R 0 0 0 
23 0 0 3 0090 ffffffff 1 R2 IMAD.WIDE.U32 2 R11 R2 0 16 
43 0 0 3 0060 ffffffff 1 R11 S2R 0 0 0 
17 0 0 2 0090 ffffffff 1 R2 IMAD.WIDE.U32 2 R11 R2 0 16 
54 0 0 2 0060 ffffffff 1 R11 S2R 0 0 0 
48 0 0 2 0060 ffffffff 1 R11 S2R 0 0 0 
22 0 0 2 0090 ffffffff 1 R2 IMAD.WIDE.U32 2 R11 R2 0 16 
30 0 0 1 0090 ffffffff 1 R2 IMAD.WIDE.U32 2 R11 R2 0 16 
24 0 0 1 0090 ffffffff 1 R2 IMAD.WIDE.U32 2 R11 R2 0 16 
46 0 0 2 0060 ffffffff 1 R11 S2R 0 0 0 
54 0 0 0 0060 ffffffff 1 R11 S2R 0 0 0 
18 0 0 2 0090 ffffffff 1 R2 IMAD.WIDE.U32 2 R11 R2 0 16 
21 0 0 2 0090 ffffffff 1 R2 IMAD.WIDE.U32 2 R11 R2 0 16 
14 0 0 3 0060 ffffffff 1 R11 S2R 0 0 0 
21 0 0 0 0090 ffffffff 1 R2 IMAD.WIDE.U32 2 R11 R2 0 16 
50 0 0 0 0060 ffffffff 1 R11 S2R 0 0 0 
5 0 0 3 0060 ffffffff 1 R11 S2R 0 0 0 
20 0 0 1 0090 ffffffff 1 R2 IMAD.WIDE.U32 2 R11 R2 0 16 
45 0 0 0 0060 ffffffff 1 R11 S2R 0 0 0 
49 0 0 2 0060 ffffffff 1 R11 S2R 0 0 0 
32 0 0 2 0090 ffffffff 1 R2 IMAD.WIDE.U32 2 R11 R2 0 16 
1 0 0 1 0060 ffffffff 1 R11 S2R 0 0 0 
21 0 0 3 0090 ffffffff 1 R2 IMAD.WIDE.U32 2 R11 R2 0 16 
47 0 0 0 0060 ffffffff 1 R11 S2R 0 0 0 
47 0 0 3 0060 ffffffff 1 R11 S2R 0 0 0 
46 0 0 3 0060 ffffffff 1 R11 S2R 0 0 0 
9 0 0 3 0060 ffffffff 1 R11 S2R 0 0 0 
29 0 0 1 0090 ffffffff 1 R2 IMAD.WIDE.U32 2 R11 R2 0 16 
3 0 0 3 0060 ffffffff 1 R11 S2R 0 0 0 
37 0 0 3 0090 ffffffff 1 R2 IMAD.WIDE.U32 2 R11 R2 0 16 
2 0 0 3 0060 ffffffff 1 R11 S2R 0 0 0 
37 0 0 1 0090 ffffffff 1 R2 IMAD.WIDE.U32 2 R11 R2 0 16 
22 0 0 0 0090 ffffffff 1 R2 IMAD.WIDE.U32 2 R11 R2 0 16 
18 0 0 3 0090 ffffffff 1 R2 IMAD.WIDE.U32 2 R11 R2 0 16 
37 0 0 0 0090 ffffffff 1 R2 IMAD.WIDE.U32 2 R11 R2 0 16 
32 0 0 0 0090 ffffffff 1 R2 IMAD.WIDE.U32 2 R11 R2 0 16 
49 0 0 0 0060 ffffffff 1 R11 S2R 0 0 0 
49 0 0 1 0060 ffffffff 1 R11 S2R 0 0 0 
14 0 0 2 0060 ffffffff 1 R11 S2R 0 0 0 
2 0 0 1 0060 ffffffff 1 R11 S2R 0 0 0 
51 0 0 1 0060 ffffffff 1 R11 S2R 0 0 0 
0 0 0 1 0060 ffffffff 1 R11 S2R 0 0 0 
8 0 0 3 0060 ffffffff 1 R11 S2R 0 0 0 
40 0 0 1 0060 ffffffff 1 R11 S2R 0 0 0 
21 0 0 1 0090 ffffffff 1 R2 IMAD.WIDE.U32 2 R11 R2 0 16 
47 0 0 2 0060 ffffffff 1 R11 S2R 0 0 0 
49 0 0 3 0060 ffffffff 1 R11 S2R 0 0 0 
50 0 0 1 0060 ffffffff 1 R11 S2R 0 0 0 
9 0 0 0 0060 ffffffff 1 R11 S2R 0 0 0 
37 0 0 2 0090 ffffffff 1 R2 IMAD.WIDE.U32 2 R11 R2 0 16 
42 0 0 0 0060 ffffffff 1 R11 S2R 0 0 0 
44 0 0 1 0060 ffffffff 1 R11 S2R 0 0 0 
32 0 0 3 0090 ffffffff 1 R2 IMAD.WIDE.U32 2 R11 R2 0 16 
2 0 0 0 0060 ffffffff 1 R11 S2R 0 0 0 
8 0 0 0 0060 ffffffff 1 R11 S2R 0 0 0 
5 0 0 0 0060 ffffffff 1 R11 S2R 0 0 0 
44 0 0 2 0060 ffffffff 1 R11 S2R 0 0 0 
22 0 0 3 0090 ffffffff 1 R2 IMAD.WIDE.U32 2 R11 R2 0 16 
4 0 0 0 0060 ffffffff 1 R11 S2R 0 0 0 
8 0 0 1 0060 ffffffff 1 R11 S2R 0 0 0 
5 0 0 2 0060 ffffffff 1 R11 S2R 0 0 0 
3 0 0 0 0060 ffffffff 1 R11 S2R 0 0 0 
18 0 0 1 0090 ffffffff 1 R2 IMAD.WIDE.U32 2 R11 R2 0 16 
22 0 0 1 0090 ffffffff 1 R2 IMAD.WIDE.U32 2 R11 R2 0 16 
43 0 0 0 0060 ffffffff 1 R11 S2R 0 0 0 
52 0 0 0 0060 ffffffff 1 R11 S2R 0 0 0 
14 0 0 0 0060 ffffffff 1 R11 S2R 0 0 0 
23 0 0 1 0090 ffffffff 1 R2 IMAD.WIDE.U32 2 R11 R2 0 16 
9 0 0 1 0060 ffffffff 1 R11 S2R 0 0 0 
44 0 0 0 0060 ffffffff 1 R11 S2R 0 0 0 
29 0 0 2 0090 ffffffff 1 R2 IMAD.WIDE.U32 2 R11 R2 0 16 
42 0 0 2 0060 ffffffff 1 R11 S2R 0 0 0 
40 0 0 3 0060 ffffffff 1 R11 S2R 0 0 0 
42 0 0 1 0060 ffffffff 1 R11 S2R 0 0 0 
29 0 0 3 0090 ffffffff 1 R2 IMAD.WIDE.U32 2 R11 R2 0 16 
40 0 0 0 0060 ffffffff 1 R11 S2R 0 0 0 
42 0 0 3 0060 ffffffff 1 R11 S2R 0 0 0 
29 0 0 0 0090 ffffffff 1 R2 IMAD.WIDE.U32 2 R11 R2 0 16 
6 0 0 3 0060 ffffffff 1 R11 S2R 0 0 0 
40 0 0 2 0060 ffffffff 1 R11 S2R 0 0 0 
11 0 0 1 0060 ffffffff 1 R11 S2R 0 0 0 
24 0 0 3 0090 ffffffff 1 R2 IMAD.WIDE.U32 2 R11 R2 0 16 
46 0 0 0 0060 ffffffff 1 R11 S2R 0 0 0 
0 0 0 0 0060 ffffffff 1 R11 S2R 0 0 0 
20 0 0 2 0090 ffffffff 1 R2 IMAD.WIDE.U32 2 R11 R2 0 16 
45 0 0 3 0060 ffffffff 1 R11 S2R 0 0 0 
6 0 0 0 0060 ffffffff 1 R11 S2R 0 0 0 
8 0 0 2 0060 ffffffff 1 R11 S2R 0 0 0 
38 0 0 2 0090 ffffffff 1 R2 IMAD.WIDE.U32 2 R11 R2 0 16 
0 0 0 3 0060 ffffffff 1 R11 S2R 0 0 0 
6 0 0 2 0060 ffffffff 1 R11 S2R 0 0 0 
3 0 0 2 0060 ffffffff 1 R11 S2R 0 0 0 
46 0 0 1 0060 ffffffff 1 R11 S2R 0 0 0 
16 0 0 1 0090 ffffffff 1 R2 IMAD.WIDE.U32 2 R11 R2 0 16 
34 0 0 0 0090 ffffffff 1 R2 IMAD.WIDE.U32 2 R11 R2 0 16 
32 0 0 1 0090 ffffffff 1 R2 IMAD.WIDE.U32 2 R11 R2 0 16 
0 0 0 2 0060 ffffffff 1 R11 S2R 0 0 0 
11 0 0 3 0060 ffffffff 1 R11 S2R 0 0 0 
48 0 0 0 0060 ffffffff 1 R11 S2R 0 0 0 
38 0 0 0 0090 ffffffff 1 R2 IMAD.WIDE.U32 2 R11 R2 0 16 
35 0 0 3 0090 ffffffff 1 R2 IMAD.WIDE.U32 2 R11 R2 0 16 
16 0 0 0 0090 ffffffff 1 R2 IMAD.WIDE.U32 2 R11 R2 0 16 
43 0 0 1 0060 ffffffff 1 R11 S2R 0 0 0 
16 0 0 3 0090 ffffffff 1 R2 IMAD.WIDE.U32 2 R11 R2 0 16 
38 0 0 1 0090 ffffffff 1 R2 IMAD.WIDE.U32 2 R11 R2 0 16 
34 0 0 2 0090 ffffffff 1 R2 IMAD.WIDE.U32 2 R11 R2 0 16 
34 0 0 3 0090 ffffffff 1 R2 IMAD.WIDE.U32 2 R11 R2 0 16 
34 0 0 1 0090 ffffffff 1 R2 IMAD.WIDE.U32 2 R11 R2 0 16 
33 0 0 2 00a0 ffffffff 1 R12 LDG.E.128.SYS 1 R2 16 1 0x7f580faef800 16 0 
26 0 0 3 0090 ffffffff 1 R2 IMAD.WIDE.U32 2 R11 R2 0 16 
26 0 0 0 0090 ffffffff 1 R2 IMAD.WIDE.U32 2 R11 R2 0 16 
16 0 0 2 0090 ffffffff 1 R2 IMAD.WIDE.U32 2 R11 R2 0 16 
26 0 0 2 0090 ffffffff 1 R2 IMAD.WIDE.U32 2 R11 R2 0 16 
27 0 0 0 00a0 ffffffff 1 R12 LDG.E.128.SYS 1 R2 16 1 0x7f580fae9400 16 0 
51 0 0 2 0060 ffffffff 1 R11 S2R 0 0 0 
38 0 0 3 0090 ffffffff 1 R2 IMAD.WIDE.U32 2 R11 R2 0 16 
51 0 0 0 0060 ffffffff 1 R11 S2R 0 0 0 
27 0 0 2 00a0 ffffffff 1 R12 LDG.E.128.SYS 1 R2 16 1 0x7f580fae9800 16 0 
11 0 0 2 0060 ffffffff 1 R11 S2R 0 0 0 
26 0 0 1 0090 ffffffff 1 R2 IMAD.WIDE.U32 2 R11 R2 0 16 
35 0 0 0 00a0 ffffffff 1 R12 LDG.E.128.SYS 1 R2 16 1 0x7f580faf1400 16 0 
11 0 0 0 0060 ffffffff 1 R11 S2R 0 0 0 
33 0 0 1 00a0 ffffffff 1 R12 LDG.E.128.SYS 1 R2 16 1 0x7f580faef600 16 0 
33 0 0 3 00a0 ffffffff 1 R12 LDG.E.128.SYS 1 R2 16 1 0x7f580faefa00 16 0 
27 0 0 3 00a0 ffffffff 1 R12 LDG.E.128.SYS 1 R2 16 1 0x7f580fae9a00 16 0 
27 0 0 1 00a0 ffffffff 1 R12 LDG.E.128.SYS 1 R2 16 1 0x7f580fae9600 16 0 
35 0 0 1 00a0 ffffffff 1 R12 LDG.E.128.SYS 1 R2 16 1 0x7f580faf1600 16 0 
35 0 0 2 00a0 ffffffff 1 R12 LDG.E.128.SYS 1 R2 16 1 0x7f580faf1800 16 0 
39 0 0 0 00a0 ffffffff 1 R12 LDG.E.128.SYS 1 R2 16 1 0x7f580faf5400 16 0 
39 0 0 2 00a0 ffffffff 1 R12 LDG.E.128.SYS 1 R2 16 1 0x7f580faf5800 16 0 
19 0 0 0 00a0 ffffffff 1 R12 LDG.E.128.SYS 1 R2 16 1 0x7f580fae1400 16 0 
31 0 0 0 00a0 ffffffff 1 R12 LDG.E.128.SYS 1 R2 16 1 0x7f580faed400 16 0 
33 0 0 0 00a0 ffffffff 1 R12 LDG.E.128.SYS 1 R2 16 1 0x7f580faef400 16 0 
19 0 0 3 00a0 ffffffff 1 R12 LDG.E.128.SYS 1 R2 16 1 0x7f580fae1a00 16 0 
31 0 0 2 00a0 ffffffff 1 R12 LDG.E.128.SYS 1 R2 16 1 0x7f580faed800 16 0 
19 0 0 2 00a0 ffffffff 1 R12 LDG.E.128.SYS 1 R2 16 1 0x7f580fae1800 16 0 
39 0 0 3 00a0 ffffffff 1 R12 LDG.E.128.SYS 1 R2 16 1 0x7f580faf5a00 16 0 
19 0 0 1 00a0 ffffffff 1 R12 LDG.E.128.SYS 1 R2 16 1 0x7f580fae1600 16 0 
31 0 0 3 00a0 ffffffff 1 R12 LDG.E.128.SYS 1 R2 16 1 0x7f580faeda00 16 0 
25 0 0 3 00a0 ffffffff 1 R12 LDG.E.128.SYS 1 R2 16 1 0x7f580fae7a00 16 0 
28 0 0 2 00a0 ffffffff 1 R12 LDG.E.128.SYS 1 R2 16 1 0x7f580faea800 16 0 
25 0 0 0 00a0 ffffffff 1 R12 LDG.E.128.SYS 1 R2 16 1 0x7f580fae7400 16 0 
25 0 0 2 00a0 ffffffff 1 R12 LDG.E.128.SYS 1 R2 16 1 0x7f580fae7800 16 0 
12 0 0 1 0070 ffffffff 1 R9 MOV 0 0 4 
25 0 0 1 00a0 ffffffff 1 R12 LDG.E.128.SYS 1 R2 16 1 0x7f580fae7600 16 0 
24 0 0 2 00a0 ffffffff 1 R12 LDG.E.128.SYS 1 R2 16 1 0x7f580fae6800 16 0 
31 0 0 1 00a0 ffffffff 1 R12 LDG.E.128.SYS 1 R2 16 1 0x7f580faed600 16 0 
23 0 0 2 00a0 ffffffff 1 R12 LDG.E.128.SYS 1 R2 16 1 0x7f580fae5800 16 0 
28 0 0 0 00a0 ffffffff 1 R12 LDG.E.128.SYS 1 R2 16 1 0x7f580faea400 16 0 
15 0 0 2 00a0 ffffffff 1 R12 LDG.E.128.SYS 1 R2 16 1 0x7f580fadd800 16 0 
36 0 0 2 00a0 ffffffff 1 R12 LDG.E.128.SYS 1 R2 16 1 0x7f580faf2800 16 0 
15 0 0 0 00a0 ffffffff 1 R12 LDG.E.128.SYS 1 R2 16 1 0x7f580fadd400 16 0 
54 0 0 3 0080 ffffffff 1 R2 IMAD.WIDE 2 R0 R9 0 0 
37 0 0 3 00a0 ffffffff 1 R12 LDG.E.128.SYS 1 R2 16 1 0x7f580faf3a00 16 0 
28 0 0 1 00a0 ffffffff 1 R12 LDG.E.128.SYS 1 R2 16 1 0x7f580faea600 16 0 
36 0 0 3 00a0 ffffffff 1 R12 LDG.E.128.SYS 1 R2 16 1 0x7f580faf2a00 16 0 
15 0 0 1 00a0 ffffffff 1 R12 LDG.E.128.SYS 1 R2 16 1 0x7f580fadd600 16 0 
15 0 0 3 00a0 ffffffff 1 R12 LDG.E.128.SYS 1 R2 16 1 0x7f580fadda00 16 0 
54 0 0 1 0070 ffffffff 1 R9 MOV 0 0 4 
33 0 0 2 00b0 ffffffff 1 R4 LDG.E.128.SYS 1 R2 16 1 0x7f580faf0000 16 0 
23 0 0 1 00a0 ffffffff 1 R12 LDG.E.128.SYS 1 R2 16 1 0x7f580fae5600 16 0 
23 0 0 0 00a0 ffffffff 1 R12 LDG.E.128.SYS 1 R2 16 1 0x7f580fae5400 16 0 
35 0 0 0 00b0 ffffffff 1 R4 LDG.E.128.SYS 1 R2 16 1 0x7f580faf1c00 16 0 
17 0 0 2 00a0 ffffffff 1 R12 LDG.E.128.SYS 1 R2 16 1 0x7f580fadf800 16 0 
14 0 0 1 0070 ffffffff 1 R9 MOV 0 0 4 
51 0 0 3 0070 ffffffff 1 R9 MOV 0 0 4 
20 0 0 3 00a0 ffffffff 1 R12 LDG.E.128.SYS 1 R2 16 1 0x7f580fae2a00 16 0 
23 0 0 3 00a0 ffffffff 1 R12 LDG.E.128.SYS 1 R2 16 1 0x7f580fae5a00 16 0 
16 0 0 0 00a0 ffffffff 1 R12 LDG.E.128.SYS 1 R2 16 1 0x7f580fade400 16 0 
50 0 0 3 0070 ffffffff 1 R9 MOV 0 0 4 
10 0 0 2 0070 ffffffff 1 R9 MOV 0 0 4 
20 0 0 2 00a0 ffffffff 1 R12 LDG.E.128.SYS 1 R2 16 1 0x7f580fae2800 16 0 
24 0 0 3 00a0 ffffffff 1 R12 LDG.E.128.SYS 1 R2 16 1 0x7f580fae6a00 16 0 
24 0 0 1 00a0 ffffffff 1 R12 LDG.E.128.SYS 1 R2 16 1 0x7f580fae6600 16 0 
39 0 0 1 00a0 ffffffff 1 R12 LDG.E.128.SYS 1 R2 16 1 0x7f580faf5600 16 0 
28 0 0 3 00a0 ffffffff 1 R12 LDG.E.128.SYS 1 R2 16 1 0x7f580faeaa00 16 0 
17 0 0 3 00a0 ffffffff 1 R12 LDG.E.128.SYS 1 R2 16 1 0x7f580fadfa00 16 0 
36 0 0 1 00a0 ffffffff 1 R12 LDG.E.128.SYS 1 R2 16 1 0x7f580faf2600 16 0 
17 0 0 1 00a0 ffffffff 1 R12 LDG.E.128.SYS 1 R2 16 1 0x7f580fadf600 16 0 
18 0 0 2 00a0 ffffffff 1 R12 LDG.E.128.SYS 1 R2 16 1 0x7f580fae0800 16 0 
37 0 0 2 00a0 ffffffff 1 R12 LDG.E.128.SYS 1 R2 16 1 0x7f580faf3800 16 0 
37 0 0 0 00a0 ffffffff 1 R12 LDG.E.128.SYS 1 R2 16 1 0x7f580faf3400 16 0 
27 0 0 0 00b0 ffffffff 1 R4 LDG.E.128.SYS 1 R2 16 1 0x7f580fae9c00 16 0 
32 0 0 0 00a0 ffffffff 1 R12 LDG.E.128.SYS 1 R2 16 1 0x7f580faee400 16 0 
10 0 0 1 0070 ffffffff 1 R9 MOV 0 0 4 
52 0 0 2 0070 ffffffff 1 R9 MOV 0 0 4 
17 0 0 0 00a0 ffffffff 1 R12 LDG.E.128.SYS 1 R2 16 1 0x7f580fadf400 16 0 
27 0 0 2 00b0 ffffffff 1 R4 LDG.E.128.SYS 1 R2 16 1 0x7f580faea000 16 0 
30 0 0 1 00a0 ffffffff 1 R12 LDG.E.128.SYS 1 R2 16 1 0x7f580faec600 16 0 
35 0 0 3 00a0 ffffffff 1 R12 LDG.E.128.SYS 1 R2 16 1 0x7f580faf1a00 16 0 
16 0 0 1 00a0 ffffffff 1 R12 LDG.E.128.SYS 1 R2 16 1 0x7f580fade600 16 0 
18 0 0 1 00a0 ffffffff 1 R12 LDG.E.128.SYS 1 R2 16 1 0x7f580fae0600 16 0 
30 0 0 3 00a0 ffffffff 1 R12 LDG.E.128.SYS 1 R2 16 1 0x7f580faeca00 16 0 
21 0 0 3 00a0 ffffffff 1 R12 LDG.E.128.SYS 1 R2 16 1 0x7f580fae3a00 16 0 
21 0 0 1 00a0 ffffffff 1 R12 LDG.E.128.SYS 1 R2 16 1 0x7f580fae3600 16 0 
32 0 0 1 00a0 ffffffff 1 R12 LDG.E.128.SYS 1 R2 16 1 0x7f580faee600 16 0 
21 0 0 0 00a0 ffffffff 1 R12 LDG.E.128.SYS 1 R2 16 1 0x7f580fae3400 16 0 
30 0 0 2 00a0 ffffffff 1 R12 LDG.E.128.SYS 1 R2 16 1 0x7f580faec800 16 0 
18 0 0 3 00a0 ffffffff 1 R12 LDG.E.128.SYS 1 R2 16 1 0x7f580fae0a00 16 0 
16 0 0 3 00a0 ffffffff 1 R12 LDG.E.128.SYS 1 R2 16 1 0x7f580fadea00 16 0 
21 0 0 2 00a0 ffffffff 1 R12 LDG.E.128.SYS 1 R2 16 1 0x7f580fae3800 16 0 
48 0 0 3 0070 ffffffff 1 R9 MOV 0 0 4 
48 0 0 1 0070 ffffffff 1 R9 MOV 0 0 4 
34 0 0 0 00a0 ffffffff 1 R12 LDG.E.128.SYS 1 R2 16 1 0x7f580faf0400 16 0 
18 0 0 0 00a0 ffffffff 1 R12 LDG.E.128.SYS 1 R2 16 1 0x7f580fae0400 16 0 
22 0 0 3 00a0 ffffffff 1 R12 LDG.E.128.SYS 1 R2 16 1 0x7f580fae4a00 16 0 
22 0 0 1 00a0 ffffffff 1 R12 LDG.E.128.SYS 1 R2 16 1 0x7f580fae4600 16 0 
16 0 0 2 00a0 ffffffff 1 R12 LDG.E.128.SYS 1 R2 16 1 0x7f580fade800 16 0 
45 0 0 0 0070 ffffffff 1 R9 MOV 0 0 4 
43 0 0 3 0070 ffffffff 1 R9 MOV 0 0 4 
4 0 0 1 0070 ffffffff 1 R9 MOV 0 0 4 
29 0 0 2 00a0 ffffffff 1 R12 LDG.E.128.SYS 1 R2 16 1 0x7f580faeb800 16 0 
29 0 0 0 00a0 ffffffff 1 R12 LDG.E.128.SYS 1 R2 16 1 0x7f580faeb400 16 0 
4 0 0 3 0070 ffffffff 1 R9 MOV 0 0 4 
5 0 0 1 0070 ffffffff 1 R9 MOV 0 0 4 
30 0 0 0 00a0 ffffffff 1 R12 LDG.E.128.SYS 1 R2 16 1 0x7f580faec400 16 0 
24 0 0 0 00a0 ffffffff 1 R12 LDG.E.128.SYS 1 R2 16 1 0x7f580fae6400 16 0 
3 0 0 1 0070 ffffffff 1 R9 MOV 0 0 4 
4 0 0 2 0070 ffffffff 1 R9 MOV 0 0 4 
7 0 0 3 0070 ffffffff 1 R9 MOV 0 0 4 
20 0 0 1 00a0 ffffffff 1 R12 LDG.E.128.SYS 1 R2 16 1 0x7f580fae2600 16 0 
29 0 0 3 00a0 ffffffff 1 R12 LDG.E.128.SYS 1 R2 16 1 0x7f580faeba00 16 0 
29 0 0 1 00a0 ffffffff 1 R12 LDG.E.128.SYS 1 R2 16 1 0x7f580faeb600 16 0 
27 0 0 1 00b0 ffffffff 1 R4 LDG.E.128.SYS 1 R2 16 1 0x7f580fae9e00 16 0 
7 0 0 0 0070 ffffffff 1 R9 MOV 0 0 4 
10 0 0 3 0070 ffffffff 1 R9 MOV 0 0 4 
11 0 0 1 0070 ffffffff 1 R9 MOV 0 0 4 
51 0 0 1 0070 ffffffff 1 R9 MOV 0 0 4 
22 0 0 2 00a0 ffffffff 1 R12 LDG.E.128.SYS 1 R2 16 1 0x7f580fae4800 16 0 
45 0 0 1 0070 ffffffff 1 R9 MOV 0 0 4 
13 0 0 1 0070 ffffffff 1 R9 MOV 0 0 4 
36 0 0 0 00a0 ffffffff 1 R12 LDG.E.128.SYS 1 R2 16 1 0x7f580faf2400 16 0 
27 0 0 3 00b0 ffffffff 1 R4 LDG.E.128.SYS 1 R2 16 1 0x7f580faea200 16 0 
33 0 0 3 00b0 ffffffff 1 R4 LDG.E.128.SYS 1 R2 16 1 0x7f580faf0200 16 0 
46 0 0 3 0070 ffffffff 1 R9 MOV 0 0 4 
34 0 0 1 00a0 ffffffff 1 R12 LDG.E.128.SYS 1 R2 16 1 0x7f580faf0600 16 0 
35 0 0 1 00b0 ffffffff 1 R4 LDG.E.128.SYS 1 R2 16 1 0x7f580faf1e00 16 0 
10 0 0 0 0070 ffffffff 1 R9 MOV 0 0 4 
1 0 0 3 0070 ffffffff 1 R9 MOV 0 0 4 
53 0 0 3 0070 ffffffff 1 R9 MOV 0 0 4 
44 0 0 3 0070 ffffffff 1 R9 MOV 0 0 4 
50 0 0 0 0070 ffffffff 1 R9 MOV 0 0 4 
41 0 0 1 0070 ffffffff 1 R9 MOV 0 0 4 
13 0 0 2 0070 ffffffff 1 R9 MOV 0 0 4 
33 0 0 1 00b0 ffffffff 1 R4 LDG.E.128.SYS 1 R2 16 1 0x7f580faefe00 16 0 
34 0 0 3 00a0 ffffffff 1 R12 LDG.E.128.SYS 1 R2 16 1 0x7f580faf0a00 16 0 
50 0 0 2 0070 ffffffff 1 R9 MOV 0 0 4 
38 0 0 1 00a0 ffffffff 1 R12 LDG.E.128.SYS 1 R2 16 1 0x7f580faf4600 16 0 
35 0 0 2 00b0 ffffffff 1 R4 LDG.E.128.SYS 1 R2 16 1 0x7f580faf2000 16 0 
34 0 0 2 00a0 ffffffff 1 R12 LDG.E.128.SYS 1 R2 16 1 0x7f580faf0800 16 0 
26 0 0 1 00a0 ffffffff 1 R12 LDG.E.128.SYS 1 R2 16 1 0x7f580fae8600 16 0 
5 0 0 0 0070 ffffffff 1 R9 MOV 0 0 4 
50 0 0 1 0070 ffffffff 1 R9 MOV 0 0 4 
45 0 0 2 0070 ffffffff 1 R9 MOV 0 0 4 
11 0 0 3 0070 ffffffff 1 R9 MOV 0 0 4 
7 0 0 1 0070 ffffffff 1 R9 MOV 0 0 4 
47 0 0 2 0070 ffffffff 1 R9 MOV 0 0 4 
13 0 0 0 0070 ffffffff 1 R9 MOV 0 0 4 
53 0 0 0 0070 ffffffff 1 R9 MOV 0 0 4 
53 0 0 2 0070 ffffffff 1 R9 MOV 0 0 4 
38 0 0 2 00a0 ffffffff 1 R12 LDG.E.128.SYS 1 R2 16 1 0x7f580faf4800 16 0 
38 0 0 0 00a0 ffffffff 1 R12 LDG.E.128.SYS 1 R2 16 1 0x7f580faf4400 16 0 
8 0 0 0 0070 ffffffff 1 R9 MOV 0 0 4 
8 0 0 1 0070 ffffffff 1 R9 MOV 0 0 4 
26 0 0 0 00a0 ffffffff 1 R12 LDG.E.128.SYS 1 R2 16 1 0x7f580fae8400 16 0 
48 0 0 2 0070 ffffffff 1 R9 MOV 0 0 4 
8 0 0 3 0070 ffffffff 1 R9 MOV 0 0 4 
32 0 0 3 00a0 ffffffff 1 R12 LDG.E.128.SYS 1 R2 16 1 0x7f580faeea00 16 0 
38 0 0 3 00a0 ffffffff 1 R12 LDG.E.128.SYS 1 R2 16 1 0x7f580faf4a00 16 0 
13 0 0 3 0070 ffffffff 1 R9 MOV 0 0 4 
20 0 0 0 00a0 ffffffff 1 R12 LDG.E.128.SYS 1 R2 16 1 0x7f580fae2400 16 0 
26 0 0 2 00a0 ffffffff 1 R12 LDG.E.128.SYS 1 R2 16 1 0x7f580fae8800 16 0 
9 0 0 0 0070 ffffffff 1 R9 MOV 0 0 4 
9 0 0 1 0070 ffffffff 1 R9 MOV 0 0 4 
1 0 0 0 0070 ffffffff 1 R9 MOV 0 0 4 
5 0 0 2 0070 ffffffff 1 R9 MOV 0 0 4 
5 0 0 3 0070 ffffffff 1 R9 MOV 0 0 4 
48 0 0 0 0070 ffffffff 1 R9 MOV 0 0 4 
54 0 0 0 0070 ffffffff 1 R9 MOV 0 0 4 
37 0 0 1 00a0 ffffffff 1 R12 LDG.E.128.SYS 1 R2 16 1 0x7f580faf3600 16 0 
47 0 0 1 0070 ffffffff 1 R9 MOV 0 0 4 
3 0 0 0 0070 ffffffff 1 R9 MOV 0 0 4 
47 0 0 3 0070 ffffffff 1 R9 MOV 0 0 4 
9 0 0 2 0070 ffffffff 1 R9 MOV 0 0 4 
6 0 0 2 0070 ffffffff 1 R9 MOV 0 0 4 
40 0 0 1 0070 ffffffff 1 R9 MOV 0 0 4 
53 0 0 1 0070 ffffffff 1 R9 MOV 0 0 4 
14 0 0 2 0070 ffffffff 1 R9 MOV 0 0 4 
44 0 0 2 0070 ffffffff 1 R9 MOV 0 0 4 
44 0 0 0 0070 ffffffff 1 R9 MOV 0 0 4 
3 0 0 3 0070 ffffffff 1 R9 MOV 0 0 4 
43 0 0 2 0070 ffffffff 1 R9 MOV 0 0 4 
43 0 0 0 0070 ffffffff 1 R9 MOV 0 0 4 
42 0 0 2 0070 ffffffff 1 R9 MOV 0 0 4 
12 0 0 2 0070 ffffffff 1 R9 MOV 0 0 4 
44 0 0 1 0070 ffffffff 1 R9 MOV 0 0 4 
3 0 0 2 0070 ffffffff 1 R9 MOV 0 0 4 
43 0 0 1 0070 ffffffff 1 R9 MOV 0 0 4 
46 0 0 2 0070 ffffffff 1 R9 MOV 0 0 4 
54 0 0 2 0070 ffffffff 1 R9 MOV 0 0 4 
1 0 0 1 0070 ffffffff 1 R9 MOV 0 0 4 
47 0 0 0 0070 ffffffff 1 R9 MOV 0 0 4 
7 0 0 2 0070 ffffffff 1 R9 MOV 0 0 4 
41 0 0 3 0070 ffffffff 1 R9 MOV 0 0 4 
14 0 0 0 0070 ffffffff 1 R9 MOV 0 0 4 
52 0 0 3 0070 ffffffff 1 R9 MOV 0 0 4 
52 0 0 1 0070 ffffffff 1 R9 MOV 0 0 4 
45 0 0 3 0070 ffffffff 1 R9 MOV 0 0 4 
49 0 0 3 0070 ffffffff 1 R9 MOV 0 0 4 
49 0 0 0 0070 ffffffff 1 R9 MOV 0 0 4 
49 0 0 1 0070 ffffffff 1 R9 MOV 0 0 4 
49 0 0 2 0070 ffffffff 1 R9 MOV 0 0 4 
46 0 0 1 0070 ffffffff 1 R9 MOV 0 0 4 
2 0 0 1 0070 ffffffff 1 R9 MOV 0 0 4 
12 0 0 3 0070 ffffffff 1 R9 MOV 0 0 4 
2 0 0 0 0070 ffffffff 1 R9 MOV 0 0 4 
2 0 0 2 0070 ffffffff 1 R9 MOV 0 0 4 
42 0 0 1 0070 ffffffff 1 R9 MOV 0 0 4 
6 0 0 1 0070 ffffffff 1 R9 MOV 0 0 4 
8 0 0 2 0070 ffffffff 1 R9 MOV 0 0 4 
40 0 0 3 0070 ffffffff 1 R9 MOV 0 0 4 
26 0 0 3 00a0 ffffffff 1 R12 LDG.E.128.SYS 1 R2 16 1 0x7f580fae8a00 16 0 
4 0 0 0 0070 ffffffff 1 R9 MOV 0 0 4 
32 0 0 2 00a0 ffffffff 1 R12 LDG.E.128.SYS 1 R2 16 1 0x7f580faee800 16 0 
9 0 0 3 0070 ffffffff 1 R9 MOV 0 0 4 
22 0 0 0 00a0 ffffffff 1 R12 LDG.E.128.SYS 1 R2 16 1 0x7f580fae4400 16 0 
42 0 0 3 0070 ffffffff 1 R9 MOV 0 0 4 
1 0 0 2 0070 ffffffff 1 R9 MOV 0 0 4 
33 0 0 0 00b0 ffffffff 1 R4 LDG.E.128.SYS 1 R2 16 1 0x7f580faefc00 16 0 
46 0 0 0 0070 ffffffff 1 R9 MOV 0 0 4 
2 0 0 3 0070 ffffffff 1 R9 MOV 0 0 4 
51 0 0 2 0070 ffffffff 1 R9 MOV 0 0 4 
39 0 0 2 00b0 ffffffff 1 R4 LDG.E.128.SYS 1 R2 16 1 0x7f580faf6000 16 0 
42 0 0 0 0070 ffffffff 1 R9 MOV 0 0 4 
11 0 0 2 0070 ffffffff 1 R9 MOV 0 0 4 
0 0 0 1 0070 ffffffff 1 R9 MOV 0 0 4 
0 0 0 3 0070 ffffffff 1 R9 MOV 0 0 4 
41 0 0 0 0070 ffffffff 1 R9 MOV 0 0 4 
41 0 0 2 0070 ffffffff 1 R9 MOV 0 0 4 
14 0 0 3 0070 ffffffff 1 R9 MOV 0 0 4 
6 0 0 0 0070 ffffffff 1 R9 MOV 0 0 4 
6 0 0 3 0070 ffffffff 1 R9 MOV 0 0 4 
0 0 0 0 0070 ffffffff 1 R9 MOV 0 0 4 
40 0 0 2 0070 ffffffff 1 R9 MOV 0 0 4 
52 0 0 0 0070 ffffffff 1 R9 MOV 0 0 4 
12 0 0 0 0070 ffffffff 1 R9 MOV 0 0 4 
39 0 0 0 00b0 ffffffff 1 R4 LDG.E.128.SYS 1 R2 16 1 0x7f580faf5c00 16 0 
40 0 0 0 0070 ffffffff 1 R9 MOV 0 0 4 
51 0 0 0 0070 ffffffff 1 R9 MOV 0 0 4 
0 0 0 2 0070 ffffffff 1 R9 MOV 0 0 4 
19 0 0 3 00b0 ffffffff 1 R4 LDG.E.128.SYS 1 R2 16 1 0x7f580fae2200 16 0 
39 0 0 3 00b0 ffffffff 1 R4 LDG.E.128.SYS 1 R2 16 1 0x7f580faf6200 16 0 
19 0 0 2 00b0 ffffffff 1 R4 LDG.E.128.SYS 1 R2 16 1 0x7f580fae2000 16 0 
25 0 0 3 00b0 ffffffff 1 R4 LDG.E.128.SYS 1 R2 16 1 0x7f580fae8200 16 0 
19 0 0 1 00b0 ffffffff 1 R4 LDG.E.128.SYS 1 R2 16 1 0x7f580fae1e00 16 0 
19 0 0 0 00b0 ffffffff 1 R4 LDG.E.128.SYS 1 R2 16 1 0x7f580fae1c00 16 0 
33 0 0 2 00c0 ffffffff 1 R8 IMAD.WIDE.U32 2 R0 R9 0 0 
11 0 0 0 0070 ffffffff 1 R9 MOV 0 0 4 
31 0 0 0 00b0 ffffffff 1 R4 LDG.E.128.SYS 1 R2 16 1 0x7f580faedc00 16 0 
31 0 0 2 00b0 ffffffff 1 R4 LDG.E.128.SYS 1 R2 16 1 0x7f580faee000 16 0 
35 0 0 0 00c0 ffffffff 1 R8 IMAD.WIDE.U32 2 R0 R9 0 0 
25 0 0 1 00b0 ffffffff 1 R4 LDG.E.128.SYS 1 R2 16 1 0x7f580fae7e00 16 0 
25 0 0 0 00b0 ffffffff 1 R4 LDG.E.128.SYS 1 R2 16 1 0x7f580fae7c00 16 0 
31 0 0 1 00b0 ffffffff 1 R4 LDG.E.128.SYS 1 R2 16 1 0x7f580faede00 16 0 
28 0 0 1 00b0 ffffffff 1 R4 LDG.E.128.SYS 1 R2 16 1 0x7f580faeae00 16 0 
25 0 0 2 00b0 ffffffff 1 R4 LDG.E.128.SYS 1 R2 16 1 0x7f580fae8000 16 0 
37 0 0 3 00b0 ffffffff 1 R4 LDG.E.128.SYS 1 R2 16 1 0x7f580faf4200 16 0 
31 0 0 3 00b0 ffffffff 1 R4 LDG.E.128.SYS 1 R2 16 1 0x7f580faee200 16 0 
28 0 0 0 00b0 ffffffff 1 R4 LDG.E.128.SYS 1 R2 16 1 0x7f580faeac00 16 0 
17 0 0 0 00b0 ffffffff 1 R4 LDG.E.128.SYS 1 R2 16 1 0x7f580fadfc00 16 0 
12 0 0 1 0080 ffffffff 1 R2 IMAD.WIDE 2 R0 R9 0 0 
15 0 0 3 00b0 ffffffff 1 R4 LDG.E.128.SYS 1 R2 16 1 0x7f580fade200 16 0 
23 0 0 2 00b0 ffffffff 1 R4 LDG.E.128.SYS 1 R2 16 1 0x7f580fae6000 16 0 
23 0 0 0 00b0 ffffffff 1 R4 LDG.E.128.SYS 1 R2 16 1 0x7f580fae5c00 16 0 
28 0 0 2 00b0 ffffffff 1 R4 LDG.E.128.SYS 1 R2 16 1 0x7f580faeb000 16 0 
27 0 0 0 00c0 ffffffff 1 R8 IMAD.WIDE.U32 2 R0 R9 0 0 
27 0 0 2 00c0 ffffffff 1 R8 IMAD.WIDE.U32 2 R0 R9 0 0 
15 0 0 2 00b0 ffffffff 1 R4 LDG.E.128.SYS 1 R2 16 1 0x7f580fade000 16 0 
33 0 0 3 00c0 ffffffff 1 R8 IMAD.WIDE.U32 2 R0 R9 0 0 
39 0 0 1 00b0 ffffffff 1 R4 LDG.E.128.SYS 1 R2 16 1 0x7f580faf5e00 16 0 
15 0 0 0 00b0 ffffffff 1 R4 LDG.E.128.SYS 1 R2 16 1 0x7f580faddc00 16 0 
15 0 0 1 00b0 ffffffff 1 R4 LDG.E.128.SYS 1 R2 16 1 0x7f580fadde00 16 0 
24 0 0 1 00b0 ffffffff 1 R4 LDG.E.128.SYS 1 R2 16 1 0x7f580fae6e00 16 0 
24 0 0 2 00b0 ffffffff 1 R4 LDG.E.128.SYS 1 R2 16 1 0x7f580fae7000 16 0 
28 0 0 3 00b0 ffffffff 1 R4 LDG.E.128.SYS 1 R2 16 1 0x7f580faeb200 16 0 
35 0 0 1 00c0 ffffffff 1 R8 IMAD.WIDE.U32 2 R0 R9 0 0 
33 0 0 1 00c0 ffffffff 1 R8 IMAD.WIDE.U32 2 R0 R9 0 0 
35 0 0 2 00c0 ffffffff 1 R8 IMAD.WIDE.U32 2 R0 R9 0 0 
54 0 0 1 0080 ffffffff 1 R2 IMAD.WIDE 2 R0 R9 0 0 
36 0 0 2 00b0 ffffffff 1 R4 LDG.E.128.SYS 1 R2 16 1 0x7f580faf3000 16 0 
23 0 0 3 00b0 ffffffff 1 R4 LDG.E.128.SYS 1 R2 16 1 0x7f580fae6200 16 0 
54 0 0 3 0090 ffffffff 1 R2 IMAD.WIDE.U32 2 R11 R2 0 16 
27 0 0 1 00c0 ffffffff 1 R8 IMAD.WIDE.U32 2 R0 R9 0 0 
36 0 0 1 00b0 ffffffff 1 R4 LDG.E.128.SYS 1 R2 16 1 0x7f580faf2e00 16 0 
30 0 0 1 00b0 ffffffff 1 R4 LDG.E.128.SYS 1 R2 16 1 0x7f580faece00 16 0 
30 0 0 0 00b0 ffffffff 1 R4 LDG.E.128.SYS 1 R2 16 1 0x7f580faecc00 16 0 
37 0 0 2 00b0 ffffffff 1 R4 LDG.E.128.SYS 1 R2 16 1 0x7f580faf4000 16 0 
18 0 0 3 00b0 ffffffff 1 R4 LDG.E.128.SYS 1 R2 16 1 0x7f580fae1200 16 0 
38 0 0 3 00b0 ffffffff 1 R4 LDG.E.128.SYS 1 R2 16 1 0x7f580faf5200 16 0 
20 0 0 2 00b0 ffffffff 1 R4 LDG.E.128.SYS 1 R2 16 1 0x7f580fae3000 16 0 
33 0 0 0 00c0 ffffffff 1 R8 IMAD.WIDE.U32 2 R0 R9 0 0 
21 0 0 0 00b0 ffffffff 1 R4 LDG.E.128.SYS 1 R2 16 1 0x7f580fae3c00 16 0 
18 0 0 0 00b0 ffffffff 1 R4 LDG.E.128.SYS 1 R2 16 1 0x7f580fae0c00 16 0 
21 0 0 3 00b0 ffffffff 1 R4 LDG.E.128.SYS 1 R2 16 1 0x7f580fae4200 16 0 
17 0 0 2 00b0 ffffffff 1 R4 LDG.E.128.SYS 1 R2 16 1 0x7f580fae0000 16 0 
21 0 0 1 00b0 ffffffff 1 R4 LDG.E.128.SYS 1 R2 16 1 0x7f580fae3e00 16 0 
17 0 0 1 00b0 ffffffff 1 R4 LDG.E.128.SYS 1 R2 16 1 0x7f580fadfe00 16 0 
21 0 0 2 00b0 ffffffff 1 R4 LDG.E.128.SYS 1 R2 16 1 0x7f580fae4000 16 0 
18 0 0 1 00b0 ffffffff 1 R4 LDG.E.128.SYS 1 R2 16 1 0x7f580fae0e00 16 0 
30 0 0 2 00b0 ffffffff 1 R4 LDG.E.128.SYS 1 R2 16 1 0x7f580faed000 16 0 
16 0 0 1 00b0 ffffffff 1 R4 LDG.E.128.SYS 1 R2 16 1 0x7f580fadee00 16 0 
36 0 0 3 00b0 ffffffff 1 R4 LDG.E.128.SYS 1 R2 16 1 0x7f580faf3200 16 0 
24 0 0 0 00b0 ffffffff 1 R4 LDG.E.128.SYS 1 R2 16 1 0x7f580fae6c00 16 0 
22 0 0 1 00b0 ffffffff 1 R4 LDG.E.128.SYS 1 R2 16 1 0x7f580fae4e00 16 0 
51 0 0 3 0080 ffffffff 1 R2 IMAD.WIDE 2 R0 R9 0 0 
24 0 0 3 00b0 ffffffff 1 R4 LDG.E.128.SYS 1 R2 16 1 0x7f580fae7200 16 0 
36 0 0 0 00b0 ffffffff 1 R4 LDG.E.128.SYS 1 R2 16 1 0x7f580faf2c00 16 0 
23 0 0 1 00b0 ffffffff 1 R4 LDG.E.128.SYS 1 R2 16 1 0x7f580fae5e00 16 0 
17 0 0 3 00b0 ffffffff 1 R4 LDG.E.128.SYS 1 R2 16 1 0x7f580fae0200 16 0 
29 0 0 1 00b0 ffffffff 1 R4 LDG.E.128.SYS 1 R2 16 1 0x7f580faebe00 16 0 
29 0 0 2 00b0 ffffffff 1 R4 LDG.E.128.SYS 1 R2 16 1 0x7f580faec000 16 0 
52 0 0 2 0080 ffffffff 1 R2 IMAD.WIDE 2 R0 R9 0 0 
22 0 0 3 00b0 ffffffff 1 R4 LDG.E.128.SYS 1 R2 16 1 0x7f580fae5200 16 0 
34 0 0 0 00b0 ffffffff 1 R4 LDG.E.128.SYS 1 R2 16 1 0x7f580faf0c00 16 0 
34 0 0 1 00b0 ffffffff 1 R4 LDG.E.128.SYS 1 R2 16 1 0x7f580faf0e00 16 0 
27 0 0 3 00c0 ffffffff 1 R8 IMAD.WIDE.U32 2 R0 R9 0 0 
19 0 0 2 00c0 ffffffff 1 R8 IMAD.WIDE.U32 2 R0 R9 0 0 
37 0 0 0 00b0 ffffffff 1 R4 LDG.E.128.SYS 1 R2 16 1 0x7f580faf3c00 16 0 
16 0 0 0 00b0 ffffffff 1 R4 LDG.E.128.SYS 1 R2 16 1 0x7f580fadec00 16 0 
37 0 0 1 00b0 ffffffff 1 R4 LDG.E.128.SYS 1 R2 16 1 0x7f580faf3e00 16 0 
20 0 0 1 00b0 ffffffff 1 R4 LDG.E.128.SYS 1 R2 16 1 0x7f580fae2e00 16 0 
20 0 0 3 00b0 ffffffff 1 R4 LDG.E.128.SYS 1 R2 16 1 0x7f580fae3200 16 0 
20 0 0 0 00b0 ffffffff 1 R4 LDG.E.128.SYS 1 R2 16 1 0x7f580fae2c00 16 0 
30 0 0 3 00b0 ffffffff 1 R4 LDG.E.128.SYS 1 R2 16 1 0x7f580faed200 16 0 
39 0 0 2 00c0 ffffffff 1 R8 IMAD.WIDE.U32 2 R0 R9 0 0 
19 0 0 3 00c0 ffffffff 1 R8 IMAD.WIDE.U32 2 R0 R9 0 0 
19 0 0 1 00c0 ffffffff 1 R8 IMAD.WIDE.U32 2 R0 R9 0 0 
14 0 0 1 0080 ffffffff 1 R2 IMAD.WIDE 2 R0 R9 0 0 
26 0 0 0 00b0 ffffffff 1 R4 LDG.E.128.SYS 1 R2 16 1 0x7f580fae8c00 16 0 
22 0 0 2 00b0 ffffffff 1 R4 LDG.E.128.SYS 1 R2 16 1 0x7f580fae5000 16 0 
22 0 0 0 00b0 ffffffff 1 R4 LDG.E.128.SYS 1 R2 16 1 0x7f580fae4c00 16 0 
32 0 0 1 00b0 ffffffff 1 R4 LDG.E.128.SYS 1 R2 16 1 0x7f580faeee00 16 0 
35 0 0 3 00b0 ffffffff 1 R4 LDG.E.128.SYS 1 R2 16 1 0x7f580faf2200 16 0 
26 0 0 1 00b0 ffffffff 1 R4 LDG.E.128.SYS 1 R2 16 1 0x7f580fae8e00 16 0 
38 0 0 1 00b0 ffffffff 1 R4 LDG.E.128.SYS 1 R2 16 1 0x7f580faf4e00 16 0 
10 0 0 1 0080 ffffffff 1 R2 IMAD.WIDE 2 R0 R9 0 0 
32 0 0 2 00b0 ffffffff 1 R4 LDG.E.128.SYS 1 R2 16 1 0x7f580faef000 16 0 
26 0 0 3 00b0 ffffffff 1 R4 LDG.E.128.SYS 1 R2 16 1 0x7f580fae9200 16 0 
18 0 0 2 00b0 ffffffff 1 R4 LDG.E.128.SYS 1 R2 16 1 0x7f580fae1000 16 0 
34 0 0 3 00b0 ffffffff 1 R4 LDG.E.128.SYS 1 R2 16 1 0x7f580faf1200 16 0 
16 0 0 2 00b0 ffffffff 1 R4 LDG.E.128.SYS 1 R2 16 1 0x7f580fadf000 16 0 
50 0 0 3 0080 ffffffff 1 R2 IMAD.WIDE 2 R0 R9 0 0 
10 0 0 2 0080 ffffffff 1 R2 IMAD.WIDE 2 R0 R9 0 0 
19 0 0 0 00c0 ffffffff 1 R8 IMAD.WIDE.U32 2 R0 R9 0 0 
39 0 0 3 00c0 ffffffff 1 R8 IMAD.WIDE.U32 2 R0 R9 0 0 
39 0 0 0 00c0 ffffffff 1 R8 IMAD.WIDE.U32 2 R0 R9 0 0 
48 0 0 1 0080 ffffffff 1 R2 IMAD.WIDE 2 R0 R9 0 0 
51 0 0 1 0080 ffffffff 1 R2 IMAD.WIDE 2 R0 R9 0 0 
34 0 0 2 00b0 ffffffff 1 R4 LDG.E.128.SYS 1 R2 16 1 0x7f580faf1000 16 0 
16 0 0 3 00b0 ffffffff 1 R4 LDG.E.128.SYS 1 R2 16 1 0x7f580fadf200 16 0 
32 0 0 0 00b0 ffffffff 1 R4 LDG.E.128.SYS 1 R2 16 1 0x7f580faeec00 16 0 
38 0 0 2 00b0 ffffffff 1 R4 LDG.E.128.SYS 1 R2 16 1 0x7f580faf5000 16 0 
48 0 0 3 0080 ffffffff 1 R2 IMAD.WIDE 2 R0 R9 0 0 
38 0 0 0 00b0 ffffffff 1 R4 LDG.E.128.SYS 1 R2 16 1 0x7f580faf4c00 16 0 
29 0 0 0 00b0 ffffffff 1 R4 LDG.E.128.SYS 1 R2 16 1 0x7f580faebc00 16 0 
29 0 0 3 00b0 ffffffff 1 R4 LDG.E.128.SYS 1 R2 16 1 0x7f580faec200 16 0 
25 0 0 3 00c0 ffffffff 1 R8 IMAD.WIDE.U32 2 R0 R9 0 0 
39 0 0 1 00c0 ffffffff 1 R8 IMAD.WIDE.U32 2 R0 R9 0 0 
7 0 0 3 0080 ffffffff 1 R2 IMAD.WIDE 2 R0 R9 0 0 
11 0 0 1 0080 ffffffff 1 R2 IMAD.WIDE 2 R0 R9 0 0 
3 0 0 1 0080 ffffffff 1 R2 IMAD.WIDE 2 R0 R9 0 0 
5 0 0 1 0080 ffffffff 1 R2 IMAD.WIDE 2 R0 R9 0 0 
26 0 0 2 00b0 ffffffff 1 R4 LDG.E.128.SYS 1 R2 16 1 0x7f580fae9000 16 0 
4 0 0 2 0080 ffffffff 1 R2 IMAD.WIDE 2 R0 R9 0 0 
4 0 0 1 0080 ffffffff 1 R2 IMAD.WIDE 2 R0 R9 0 0 
53 0 0 3 0080 ffffffff 1 R2 IMAD.WIDE 2 R0 R9 0 0 
13 0 0 1 0080 ffffffff 1 R2 IMAD.WIDE 2 R0 R9 0 0 
45 0 0 1 0080 ffffffff 1 R2 IMAD.WIDE 2 R0 R9 0 0 
4 0 0 3 0080 ffffffff 1 R2 IMAD.WIDE 2 R0 R9 0 0 
32 0 0 3 00b0 ffffffff 1 R4 LDG.E.128.SYS 1 R2 16 1 0x7f580faef200 16 0 
53 0 0 2 0080 ffffffff 1 R2 IMAD.WIDE 2 R0 R9 0 0 
33 0 0 2 00d0 ffffffff 1 R8 IMAD.WIDE 2 R11 R8 0 16 
8 0 0 0 0080 ffffffff 1 R2 IMAD.WIDE 2 R0 R9 0 0 
1 0 0 3 0080 ffffffff 1 R2 IMAD.WIDE 2 R0 R9 0 0 
25 0 0 1 00c0 ffffffff 1 R8 IMAD.WIDE.U32 2 R0 R9 0 0 
7 0 0 1 0080 ffffffff 1 R2 IMAD.WIDE 2 R0 R9 0 0 
7 0 0 0 0080 ffffffff 1 R2 IMAD.WIDE 2 R0 R9 0 0 
13 0 0 0 0080 ffffffff 1 R2 IMAD.WIDE 2 R0 R9 0 0 
8 0 0 3 0080 ffffffff 1 R2 IMAD.WIDE 2 R0 R9 0 0 
25 0 0 0 00c0 ffffffff 1 R8 IMAD.WIDE.U32 2 R0 R9 0 0 
53 0 0 1 0080 ffffffff 1 R2 IMAD.WIDE 2 R0 R9 0 0 
8 0 0 1 0080 ffffffff 1 R2 IMAD.WIDE 2 R0 R9 0 0 
31 0 0 2 00c0 ffffffff 1 R8 IMAD.WIDE.U32 2 R0 R9 0 0 
47 0 0 3 0080 ffffffff 1 R2 IMAD.WIDE 2 R0 R9 0 0 
46 0 0 2 0080 ffffffff 1 R2 IMAD.WIDE 2 R0 R9 0 0 
31 0 0 0 00c0 ffffffff 1 R8 IMAD.WIDE.U32 2 R0 R9 0 0 
44 0 0 3 0080 ffffffff 1 R2 IMAD.WIDE 2 R0 R9 0 0 
41 0 0 1 0080 ffffffff 1 R2 IMAD.WIDE 2 R0 R9 0 0 
31 0 0 3 00c0 ffffffff 1 R8 IMAD.WIDE.U32 2 R0 R9 0 0 
11 0 0 3 0080 ffffffff 1 R2 IMAD.WIDE 2 R0 R9 0 0 
31 0 0 1 00c0 ffffffff 1 R8 IMAD.WIDE.U32 2 R0 R9 0 0 
43 0 0 3 0080 ffffffff 1 R2 IMAD.WIDE 2 R0 R9 0 0 
25 0 0 2 00c0 ffffffff 1 R8 IMAD.WIDE.U32 2 R0 R9 0 0 
54 0 0 2 0080 ffffffff 1 R2 IMAD.WIDE 2 R0 R9 0 0 
12 0 0 3 0080 ffffffff 1 R2 IMAD.WIDE 2 R0 R9 0 0 
44 0 0 1 0080 ffffffff 1 R2 IMAD.WIDE 2 R0 R9 0 0 
5 0 0 3 0080 ffffffff 1 R2 IMAD.WIDE 2 R0 R9 0 0 
50 0 0 2 0080 ffffffff 1 R2 IMAD.WIDE 2 R0 R9 0 0 
14 0 0 3 0080 ffffffff 1 R2 IMAD.WIDE 2 R0 R9 0 0 
2 0 0 1 0080 ffffffff 1 R2 IMAD.WIDE 2 R0 R9 0 0 
13 0 0 3 0080 ffffffff 1 R2 IMAD.WIDE 2 R0 R9 0 0 
6 0 0 1 0080 ffffffff 1 R2 IMAD.WIDE 2 R0 R9 0 0 
3 0 0 3 0080 ffffffff 1 R2 IMAD.WIDE 2 R0 R9 0 0 
10 0 0 3 0080 ffffffff 1 R2 IMAD.WIDE 2 R0 R9 0 0 
54 0 0 0 0080 ffffffff 1 R2 IMAD.WIDE 2 R0 R9 0 0 
3 0 0 0 0080 ffffffff 1 R2 IMAD.WIDE 2 R0 R9 0 0 
28 0 0 1 00c0 ffffffff 1 R8 IMAD.WIDE.U32 2 R0 R9 0 0 
46 0 0 1 0080 ffffffff 1 R2 IMAD.WIDE 2 R0 R9 0 0 
52 0 0 3 0080 ffffffff 1 R2 IMAD.WIDE 2 R0 R9 0 0 
10 0 0 0 0080 ffffffff 1 R2 IMAD.WIDE 2 R0 R9 0 0 
5 0 0 0 0080 ffffffff 1 R2 IMAD.WIDE 2 R0 R9 0 0 
42 0 0 1 0080 ffffffff 1 R2 IMAD.WIDE 2 R0 R9 0 0 
1 0 0 1 0080 ffffffff 1 R2 IMAD.WIDE 2 R0 R9 0 0 
45 0 0 2 0080 ffffffff 1 R2 IMAD.WIDE 2 R0 R9 0 0 
48 0 0 2 0080 ffffffff 1 R2 IMAD.WIDE 2 R0 R9 0 0 
35 0 0 0 00d0 ffffffff 1 R8 IMAD.WIDE 2 R11 R8 0 16 
50 0 0 0 0080 ffffffff 1 R2 IMAD.WIDE 2 R0 R9 0 0 
14 0 0 0 0080 ffffffff 1 R2 IMAD.WIDE 2 R0 R9 0 0 
50 0 0 1 0080 ffffffff 1 R2 IMAD.WIDE 2 R0 R9 0 0 
47 0 0 0 0080 ffffffff 1 R2 IMAD.WIDE 2 R0 R9 0 0 
14 0 0 2 0080 ffffffff 1 R2 IMAD.WIDE 2 R0 R9 0 0 
48 0 0 0 0080 ffffffff 1 R2 IMAD.WIDE 2 R0 R9 0 0 
37 0 0 3 00c0 ffffffff 1 R8 IMAD.WIDE.U32 2 R0 R9 0 0 
1 0 0 0 0080 ffffffff 1 R2 IMAD.WIDE 2 R0 R9 0 0 
47 0 0 1 0080 ffffffff 1 R2 IMAD.WIDE 2 R0 R9 0 0 
47 0 0 2 0080 ffffffff 1 R2 IMAD.WIDE 2 R0 R9 0 0 
40 0 0 1 0080 ffffffff 1 R2 IMAD.WIDE 2 R0 R9 0 0 
46 0 0 3 0080 ffffffff 1 R2 IMAD.WIDE 2 R0 R9 0 0 
43 0 0 2 0080 ffffffff 1 R2 IMAD.WIDE 2 R0 R9 0 0 
12 0 0 2 0080 ffffffff 1 R2 IMAD.WIDE 2 R0 R9 0 0 
45 0 0 0 0080 ffffffff 1 R2 IMAD.WIDE 2 R0 R9 0 0 
52 0 0 1 0080 ffffffff 1 R2 IMAD.WIDE 2 R0 R9 0 0 
44 0 0 0 0080 ffffffff 1 R2 IMAD.WIDE 2 R0 R9 0 0 
5 0 0 2 0080 ffffffff 1 R2 IMAD.WIDE 2 R0 R9 0 0 
13 0 0 2 0080 ffffffff 1 R2 IMAD.WIDE 2 R0 R9 0 0 
2 0 0 2 0080 ffffffff 1 R2 IMAD.WIDE 2 R0 R9 0 0 
17 0 0 0 00c0 ffffffff 1 R8 IMAD.WIDE.U32 2 R0 R9 0 0 
53 0 0 0 0080 ffffffff 1 R2 IMAD.WIDE 2 R0 R9 0 0 
43 0 0 0 0080 ffffffff 1 R2 IMAD.WIDE 2 R0 R9 0 0 
1 0 0 2 0080 ffffffff 1 R2 IMAD.WIDE 2 R0 R9 0 0 
4 0 0 0 0080 ffffffff 1 R2 IMAD.WIDE 2 R0 R9 0 0 
41 0 0 3 0080 ffffffff 1 R2 IMAD.WIDE 2 R0 R9 0 0 
42 0 0 2 0080 ffffffff 1 R2 IMAD.WIDE 2 R0 R9 0 0 
24 0 0 1 00c0 ffffffff 1 R8 IMAD.WIDE.U32 2 R0 R9 0 0 
8 0 0 2 0080 ffffffff 1 R2 IMAD.WIDE 2 R0 R9 0 0 
33 0 0 3 00d0 ffffffff 1 R8 IMAD.WIDE 2 R11 R8 0 16 
43 0 0 1 0080 ffffffff 1 R2 IMAD.WIDE 2 R0 R9 0 0 
9 0 0 2 0080 ffffffff 1 R2 IMAD.WIDE 2 R0 R9 0 0 
27 0 0 0 00d0 ffffffff 1 R8 IMAD.WIDE 2 R11 R8 0 16 
46 0 0 0 0080 ffffffff 1 R2 IMAD.WIDE 2 R0 R9 0 0 
40 0 0 3 0080 ffffffff 1 R2 IMAD.WIDE 2 R0 R9 0 0 
37 0 0 2 00c0 ffffffff 1 R8 IMAD.WIDE.U32 2 R0 R9 0 0 
33 0 0 0 00d0 ffffffff 1 R8 IMAD.WIDE 2 R11 R8 0 16 
23 0 0 0 00c0 ffffffff 1 R8 IMAD.WIDE.U32 2 R0 R9 0 0 
23 0 0 2 00c0 ffffffff 1 R8 IMAD.WIDE.U32 2 R0 R9 0 0 
9 0 0 3 0080 ffffffff 1 R2 IMAD.WIDE 2 R0 R9 0 0 
28 0 0 3 00c0 ffffffff 1 R8 IMAD.WIDE.U32 2 R0 R9 0 0 
28 0 0 0 00c0 ffffffff 1 R8 IMAD.WIDE.U32 2 R0 R9 0 0 
44 0 0 2 0080 ffffffff 1 R2 IMAD.WIDE 2 R0 R9 0 0 
2 0 0 0 0080 ffffffff 1 R2 IMAD.WIDE 2 R0 R9 0 0 
41 0 0 2 0080 ffffffff 1 R2 IMAD.WIDE 2 R0 R9 0 0 
6 0 0 2 0080 ffffffff 1 R2 IMAD.WIDE 2 R0 R9 0 0 
6 0 0 3 0080 ffffffff 1 R2 IMAD.WIDE 2 R0 R9 0 0 
12 0 0 0 0080 ffffffff 1 R2 IMAD.WIDE 2 R0 R9 0 0 
41 0 0 0 0080 ffffffff 1 R2 IMAD.WIDE 2 R0 R9 0 0 
15 0 0 3 00c0 ffffffff 1 R8 IMAD.WIDE.U32 2 R0 R9 0 0 
11 0 0 2 0080 ffffffff 1 R2 IMAD.WIDE 2 R0 R9 0 0 
49 0 0 0 0080 ffffffff 1 R2 IMAD.WIDE 2 R0 R9 0 0 
28 0 0 2 00c0 ffffffff 1 R8 IMAD.WIDE.U32 2 R0 R9 0 0 
30 0 0 0 00c0 ffffffff 1 R8 IMAD.WIDE.U32 2 R0 R9 0 0 
9 0 0 1 0080 ffffffff 1 R2 IMAD.WIDE 2 R0 R9 0 0 
49 0 0 1 0080 ffffffff 1 R2 IMAD.WIDE 2 R0 R9 0 0 
42 0 0 3 0080 ffffffff 1 R2 IMAD.WIDE 2 R0 R9 0 0 
51 0 0 2 0080 ffffffff 1 R2 IMAD.WIDE 2 R0 R9 0 0 
0 0 0 1 0080 ffffffff 1 R2 IMAD.WIDE 2 R0 R9 0 0 
15 0 0 0 00c0 ffffffff 1 R8 IMAD.WIDE.U32 2 R0 R9 0 0 
0 0 0 3 0080 ffffffff 1 R2 IMAD.WIDE 2 R0 R9 0 0 
23 0 0 3 00c0 ffffffff 1 R8 IMAD.WIDE.U32 2 R0 R9 0 0 
3 0 0 2 0080 ffffffff 1 R2 IMAD.WIDE 2 R0 R9 0 0 
49 0 0 3 0080 ffffffff 1 R2 IMAD.WIDE 2 R0 R9 0 0 
49 0 0 2 0080 ffffffff 1 R2 IMAD.WIDE 2 R0 R9 0 0 
7 0 0 2 0080 ffffffff 1 R2 IMAD.WIDE 2 R0 R9 0 0 
27 0 0 1 00d0 ffffffff 1 R8 IMAD.WIDE 2 R11 R8 0 16 
27 0 0 2 00d0 ffffffff 1 R8 IMAD.WIDE 2 R11 R8 0 16 
30 0 0 1 00c0 ffffffff 1 R8 IMAD.WIDE.U32 2 R0 R9 0 0 
17 0 0 2 00c0 ffffffff 1 R8 IMAD.WIDE.U32 2 R0 R9 0 0 
15 0 0 1 00c0 ffffffff 1 R8 IMAD.WIDE.U32 2 R0 R9 0 0 
33 0 0 1 00d0 ffffffff 1 R8 IMAD.WIDE 2 R11 R8 0 16 
40 0 0 0 0080 ffffffff 1 R2 IMAD.WIDE 2 R0 R9 0 0 
51 0 0 0 0080 ffffffff 1 R2 IMAD.WIDE 2 R0 R9 0 0 
42 0 0 0 0080 ffffffff 1 R2 IMAD.WIDE 2 R0 R9 0 0 
9 0 0 0 0080 ffffffff 1 R2 IMAD.WIDE 2 R0 R9 0 0 
38 0 0 3 00c0 ffffffff 1 R8 IMAD.WIDE.U32 2 R0 R9 0 0 
35 0 0 2 00d0 ffffffff 1 R8 IMAD.WIDE 2 R11 R8 0 16 
15 0 0 2 00c0 ffffffff 1 R8 IMAD.WIDE.U32 2 R0 R9 0 0 
52 0 0 0 0080 ffffffff 1 R2 IMAD.WIDE 2 R0 R9 0 0 
2 0 0 3 0080 ffffffff 1 R2 IMAD.WIDE 2 R0 R9 0 0 
6 0 0 0 0080 ffffffff 1 R2 IMAD.WIDE 2 R0 R9 0 0 
40 0 0 2 0080 ffffffff 1 R2 IMAD.WIDE 2 R0 R9 0 0 
0 0 0 0 0080 ffffffff 1 R2 IMAD.WIDE 2 R0 R9 0 0 
12 0 0 1 0090 ffffffff 1 R2 IMAD.WIDE.U32 2 R11 R2 0 16 
45 0 0 3 0080 ffffffff 1 R2 IMAD.WIDE 2 R0 R9 0 0 
30 0 0 2 00c0 ffffffff 1 R8 IMAD.WIDE.U32 2 R0 R9 0 0 
35 0 0 3 00c0 ffffffff 1 R8 IMAD.WIDE.U32 2 R0 R9 0 0 
24 0 0 2 00c0 ffffffff 1 R8 IMAD.WIDE.U32 2 R0 R9 0 0 
54 0 0 1 0090 ffffffff 1 R2 IMAD.WIDE.U32 2 R11 R2 0 16 
37 0 0 1 00c0 ffffffff 1 R8 IMAD.WIDE.U32 2 R0 R9 0 0 
17 0 0 3 00c0 ffffffff 1 R8 IMAD.WIDE.U32 2 R0 R9 0 0 
21 0 0 3 00c0 ffffffff 1 R8 IMAD.WIDE.U32 2 R0 R9 0 0 
21 0 0 2 00c0 ffffffff 1 R8 IMAD.WIDE.U32 2 R0 R9 0 0 
36 0 0 1 00c0 ffffffff 1 R8 IMAD.WIDE.U32 2 R0 R9 0 0 
36 0 0 2 00c0 ffffffff 1 R8 IMAD.WIDE.U32 2 R0 R9 0 0 
21 0 0 0 00c0 ffffffff 1 R8 IMAD.WIDE.U32 2 R0 R9 0 0 
21 0 0 1 00c0 ffffffff 1 R8 IMAD.WIDE.U32 2 R0 R9 0 0 
11 0 0 0 0080 ffffffff 1 R2 IMAD.WIDE 2 R0 R9 0 0 
24 0 0 0 00c0 ffffffff 1 R8 IMAD.WIDE.U32 2 R0 R9 0 0 
17 0 0 1 00c0 ffffffff 1 R8 IMAD.WIDE.U32 2 R0 R9 0 0 
30 0 0 3 00c0 ffffffff 1 R8 IMAD.WIDE.U32 2 R0 R9 0 0 
35 0 0 1 00d0 ffffffff 1 R8 IMAD.WIDE 2 R11 R8 0 16 
37 0 0 0 00c0 ffffffff 1 R8 IMAD.WIDE.U32 2 R0 R9 0 0 
18 0 0 0 00c0 ffffffff 1 R8 IMAD.WIDE.U32 2 R0 R9 0 0 
18 0 0 1 00c0 ffffffff 1 R8 IMAD.WIDE.U32 2 R0 R9 0 0 
18 0 0 3 00c0 ffffffff 1 R8 IMAD.WIDE.U32 2 R0 R9 0 0 
0 0 0 2 0080 ffffffff 1 R2 IMAD.WIDE 2 R0 R9 0 0 
20 0 0 2 00c0 ffffffff 1 R8 IMAD.WIDE.U32 2 R0 R9 0 0 
20 0 0 0 00c0 ffffffff 1 R8 IMAD.WIDE.U32 2 R0 R9 0 0 
27 0 0 3 00d0 ffffffff 1 R8 IMAD.WIDE 2 R11 R8 0 16 
34 0 0 0 00c0 ffffffff 1 R8 IMAD.WIDE.U32 2 R0 R9 0 0 
18 0 0 2 00c0 ffffffff 1 R8 IMAD.WIDE.U32 2 R0 R9 0 0 
19 0 0 0 00d0 ffffffff 1 R8 IMAD.WIDE 2 R11 R8 0 16 
22 0 0 1 00c0 ffffffff 1 R8 IMAD.WIDE.U32 2 R0 R9 0 0 
23 0 0 1 00c0 ffffffff 1 R8 IMAD.WIDE.U32 2 R0 R9 0 0 
26 0 0 3 00c0 ffffffff 1 R8 IMAD.WIDE.U32 2 R0 R9 0 0 
16 0 0 1 00c0 ffffffff 1 R8 IMAD.WIDE.U32 2 R0 R9 0 0 
16 0 0 3 00c0 ffffffff 1 R8 IMAD.WIDE.U32 2 R0 R9 0 0 
36 0 0 0 00c0 ffffffff 1 R8 IMAD.WIDE.U32 2 R0 R9 0 0 
22 0 0 3 00c0 ffffffff 1 R8 IMAD.WIDE.U32 2 R0 R9 0 0 
34 0 0 1 00c0 ffffffff 1 R8 IMAD.WIDE.U32 2 R0 R9 0 0 
26 0 0 1 00c0 ffffffff 1 R8 IMAD.WIDE.U32 2 R0 R9 0 0 
24 0 0 3 00c0 ffffffff 1 R8 IMAD.WIDE.U32 2 R0 R9 0 0 
19 0 0 3 00d0 ffffffff 1 R8 IMAD.WIDE 2 R11 R8 0 16 
36 0 0 3 00c0 ffffffff 1 R8 IMAD.WIDE.U32 2 R0 R9 0 0 
22 0 0 0 00c0 ffffffff 1 R8 IMAD.WIDE.U32 2 R0 R9 0 0 
22 0 0 2 00c0 ffffffff 1 R8 IMAD.WIDE.U32 2 R0 R9 0 0 
38 0 0 1 00c0 ffffffff 1 R8 IMAD.WIDE.U32 2 R0 R9 0 0 
20 0 0 3 00c0 ffffffff 1 R8 IMAD.WIDE.U32 2 R0 R9 0 0 
34 0 0 3 00c0 ffffffff 1 R8 IMAD.WIDE.U32 2 R0 R9 0 0 
20 0 0 1 00c0 ffffffff 1 R8 IMAD.WIDE.U32 2 R0 R9 0 0 
39 0 0 1 00d0 ffffffff 1 R8 IMAD.WIDE 2 R11 R8 0 16 
39 0 0 0 00d0 ffffffff 1 R8 IMAD.WIDE 2 R11 R8 0 16 
32 0 0 1 00c0 ffffffff 1 R8 IMAD.WIDE.U32 2 R0 R9 0 0 
26 0 0 0 00c0 ffffffff 1 R8 IMAD.WIDE.U32 2 R0 R9 0 0 
39 0 0 2 00d0 ffffffff 1 R8 IMAD.WIDE 2 R11 R8 0 16 
19 0 0 2 00d0 ffffffff 1 R8 IMAD.WIDE 2 R11 R8 0 16 
29 0 0 1 00c0 ffffffff 1 R8 IMAD.WIDE.U32 2 R0 R9 0 0 
29 0 0 2 00c0 ffffffff 1 R8 IMAD.WIDE.U32 2 R0 R9 0 0 
32 0 0 2 00c0 ffffffff 1 R8 IMAD.WIDE.U32 2 R0 R9 0 0 
38 0 0 2 00c0 ffffffff 1 R8 IMAD.WIDE.U32 2 R0 R9 0 0 
19 0 0 1 00d0 ffffffff 1 R8 IMAD.WIDE 2 R11 R8 0 16 
16 0 0 0 00c0 ffffffff 1 R8 IMAD.WIDE.U32 2 R0 R9 0 0 
34 0 0 2 00c0 ffffffff 1 R8 IMAD.WIDE.U32 2 R0 R9 0 0 
39 0 0 3 00d0 ffffffff 1 R8 IMAD.WIDE 2 R11 R8 0 16 
29 0 0 0 00c0 ffffffff 1 R8 IMAD.WIDE.U32 2 R0 R9 0 0 
32 0 0 0 00c0 ffffffff 1 R8 IMAD.WIDE.U32 2 R0 R9 0 0 
26 0 0 2 00c0 ffffffff 1 R8 IMAD.WIDE.U32 2 R0 R9 0 0 
16 0 0 2 00c0 ffffffff 1 R8 IMAD.WIDE.U32 2 R0 R9 0 0 
52 0 0 2 0090 ffffffff 1 R2 IMAD.WIDE.U32 2 R11 R2 0 16 
38 0 0 0 00c0 ffffffff 1 R8 IMAD.WIDE.U32 2 R0 R9 0 0 
32 0 0 3 00c0 ffffffff 1 R8 IMAD.WIDE.U32 2 R0 R9 0 0 
54 0 0 3 00a0 ffffffff 1 R12 LDG.E.128.SYS 1 R2 16 1 0x7f580fb04a00 16 0 
31 0 0 2 00d0 ffffffff 1 R8 IMAD.WIDE 2 R11 R8 0 16 
29 0 0 3 00c0 ffffffff 1 R8 IMAD.WIDE.U32 2 R0 R9 0 0 
51 0 0 3 0090 ffffffff 1 R2 IMAD.WIDE.U32 2 R11 R2 0 16 
31 0 0 0 00d0 ffffffff 1 R8 IMAD.WIDE 2 R11 R8 0 16 
31 0 0 3 00d0 ffffffff 1 R8 IMAD.WIDE 2 R11 R8 0 16 
25 0 0 0 00d0 ffffffff 1 R8 IMAD.WIDE 2 R11 R8 0 16 
25 0 0 2 00d0 ffffffff 1 R8 IMAD.WIDE 2 R11 R8 0 16 
25 0 0 1 00d0 ffffffff 1 R8 IMAD.WIDE 2 R11 R8 0 16 
28 0 0 3 00d0 ffffffff 1 R8 IMAD.WIDE 2 R11 R8 0 16 
35 0 0 0 00e0 ffffffff 1 R11 FMUL 2 R12 R12 0 0 
35 0 0 2 00e0 ffffffff 1 R11 FMUL 2 R12 R12 0 0 
28 0 0 2 00d0 ffffffff 1 R8 IMAD.WIDE 2 R11 R8 0 16 
33 0 0 2 00e0 ffffffff 1 R11 FMUL 2 R12 R12 0 0 
27 0 0 0 00e0 ffffffff 1 R11 FMUL 2 R12 R12 0 0 
37 0 0 3 00d0 ffffffff 1 R8 IMAD.WIDE 2 R11 R8 0 16 
28 0 0 0 00d0 ffffffff 1 R8 IMAD.WIDE 2 R11 R8 0 16 
14 0 0 1 0090 ffffffff 1 R2 IMAD.WIDE.U32 2 R11 R2 0 16 
25 0 0 3 00d0 ffffffff 1 R8 IMAD.WIDE 2 R11 R8 0 16 
33 0 0 3 00e0 ffffffff 1 R11 FMUL 2 R12 R12 0 0 
28 0 0 1 00d0 ffffffff 1 R8 IMAD.WIDE 2 R11 R8 0 16 
37 0 0 2 00d0 ffffffff 1 R8 IMAD.WIDE 2 R11 R8 0 16 
15 0 0 1 00d0 ffffffff 1 R8 IMAD.WIDE 2 R11 R8 0 16 
23 0 0 3 00d0 ffffffff 1 R8 IMAD.WIDE 2 R11 R8 0 16 
24 0 0 2 00d0 ffffffff 1 R8 IMAD.WIDE 2 R11 R8 0 16 
24 0 0 1 00d0 ffffffff 1 R8 IMAD.WIDE 2 R11 R8 0 16 
31 0 0 1 00d0 ffffffff 1 R8 IMAD.WIDE 2 R11 R8 0 16 
50 0 0 3 0090 ffffffff 1 R2 IMAD.WIDE.U32 2 R11 R2 0 16 
15 0 0 0 00d0 ffffffff 1 R8 IMAD.WIDE 2 R11 R8 0 16 
37 0 0 0 00d0 ffffffff 1 R8 IMAD.WIDE 2 R11 R8 0 16 
15 0 0 2 00d0 ffffffff 1 R8 IMAD.WIDE 2 R11 R8 0 16 
17 0 0 1 00d0 ffffffff 1 R8 IMAD.WIDE 2 R11 R8 0 16 
17 0 0 2 00d0 ffffffff 1 R8 IMAD.WIDE 2 R11 R8 0 16 
17 0 0 0 00d0 ffffffff 1 R8 IMAD.WIDE 2 R11 R8 0 16 
17 0 0 3 00d0 ffffffff 1 R8 IMAD.WIDE 2 R11 R8 0 16 
10 0 0 2 0090 ffffffff 1 R2 IMAD.WIDE.U32 2 R11 R2 0 16 
15 0 0 3 00d0 ffffffff 1 R8 IMAD.WIDE 2 R11 R8 0 16 
33 0 0 0 00e0 ffffffff 1 R11 FMUL 2 R12 R12 0 0 
27 0 0 2 00e0 ffffffff 1 R11 FMUL 2 R12 R12 0 0 
35 0 0 1 00e0 ffffffff 1 R11 FMUL 2 R12 R12 0 0 
35 0 0 3 00d0 ffffffff 1 R8 IMAD.WIDE 2 R11 R8 0 16 
24 0 0 0 00d0 ffffffff 1 R8 IMAD.WIDE 2 R11 R8 0 16 
37 0 0 1 00d0 ffffffff 1 R8 IMAD.WIDE 2 R11 R8 0 16 
27 0 0 3 00e0 ffffffff 1 R11 FMUL 2 R12 R12 0 0 
33 0 0 1 00e0 ffffffff 1 R11 FMUL 2 R12 R12 0 0 
30 0 0 0 00d0 ffffffff 1 R8 IMAD.WIDE 2 R11 R8 0 16 
23 0 0 2 00d0 ffffffff 1 R8 IMAD.WIDE 2 R11 R8 0 16 
10 0 0 1 0090 ffffffff 1 R2 IMAD.WIDE.U32 2 R11 R2 0 16 
23 0 0 1 00d0 ffffffff 1 R8 IMAD.WIDE 2 R11 R8 0 16 
23 0 0 0 00d0 ffffffff 1 R8 IMAD.WIDE 2 R11 R8 0 16 
20 0 0 0 00d0 ffffffff 1 R8 IMAD.WIDE 2 R11 R8 0 16 
27 0 0 1 00e0 ffffffff 1 R11 FMUL 2 R12 R12 0 0 
30 0 0 1 00d0 ffffffff 1 R8 IMAD.WIDE 2 R11 R8 0 16 
30 0 0 2 00d0 ffffffff 1 R8 IMAD.WIDE 2 R11 R8 0 16 
51 0 0 1 0090 ffffffff 1 R2 IMAD.WIDE.U32 2 R11 R2 0 16 
30 0 0 3 00d0 ffffffff 1 R8 IMAD.WIDE 2 R11 R8 0 16 
48 0 0 1 0090 ffffffff 1 R2 IMAD.WIDE.U32 2 R11 R2 0 16 
3 0 0 1 0090 ffffffff 1 R2 IMAD.WIDE.U32 2 R11 R2 0 16 
21 0 0 3 00d0 ffffffff 1 R8 IMAD.WIDE 2 R11 R8 0 16 
21 0 0 2 00d0 ffffffff 1 R8 IMAD.WIDE 2 R11 R8 0 16 
20 0 0 3 00d0 ffffffff 1 R8 IMAD.WIDE 2 R11 R8 0 16 
1 0 0 3 0090 ffffffff 1 R2 IMAD.WIDE.U32 2 R11 R2 0 16 
44 0 0 3 0090 ffffffff 1 R2 IMAD.WIDE.U32 2 R11 R2 0 16 
19 0 0 0 00e0 ffffffff 1 R11 FMUL 2 R12 R12 0 0 
4 0 0 2 0090 ffffffff 1 R2 IMAD.WIDE.U32 2 R11 R2 0 16 
36 0 0 0 00d0 ffffffff 1 R8 IMAD.WIDE 2 R11 R8 0 16 
36 0 0 1 00d0 ffffffff 1 R8 IMAD.WIDE 2 R11 R8 0 16 
36 0 0 3 00d0 ffffffff 1 R8 IMAD.WIDE 2 R11 R8 0 16 
38 0 0 3 00d0 ffffffff 1 R8 IMAD.WIDE 2 R11 R8 0 16 
24 0 0 3 00d0 ffffffff 1 R8 IMAD.WIDE 2 R11 R8 0 16 
18 0 0 3 00d0 ffffffff 1 R8 IMAD.WIDE 2 R11 R8 0 16 
18 0 0 2 00d0 ffffffff 1 R8 IMAD.WIDE 2 R11 R8 0 16 
16 0 0 3 00d0 ffffffff 1 R8 IMAD.WIDE 2 R11 R8 0 16 
34 0 0 3 00d0 ffffffff 1 R8 IMAD.WIDE 2 R11 R8 0 16 
48 0 0 3 0090 ffffffff 1 R2 IMAD.WIDE.U32 2 R11 R2 0 16 
11 0 0 1 0090 ffffffff 1 R2 IMAD.WIDE.U32 2 R11 R2 0 16 
13 0 0 1 0090 ffffffff 1 R2 IMAD.WIDE.U32 2 R11 R2 0 16 
36 0 0 2 00d0 ffffffff 1 R8 IMAD.WIDE 2 R11 R8 0 16 
18 0 0 0 00d0 ffffffff 1 R8 IMAD.WIDE 2 R11 R8 0 16 
18 0 0 1 00d0 ffffffff 1 R8 IMAD.WIDE 2 R11 R8 0 16 
21 0 0 1 00d0 ffffffff 1 R8 IMAD.WIDE 2 R11 R8 0 16 
13 0 0 0 0090 ffffffff 1 R2 IMAD.WIDE.U32 2 R11 R2 0 16 
21 0 0 0 00d0 ffffffff 1 R8 IMAD.WIDE 2 R11 R8 0 16 
20 0 0 2 00d0 ffffffff 1 R8 IMAD.WIDE 2 R11 R8 0 16 
34 0 0 0 00d0 ffffffff 1 R8 IMAD.WIDE 2 R11 R8 0 16 
39 0 0 2 00e0 ffffffff 1 R11 FMUL 2 R12 R12 0 0 
20 0 0 1 00d0 ffffffff 1 R8 IMAD.WIDE 2 R11 R8 0 16 
22 0 0 0 00d0 ffffffff 1 R8 IMAD.WIDE 2 R11 R8 0 16 
26 0 0 0 00d0 ffffffff 1 R8 IMAD.WIDE 2 R11 R8 0 16 
22 0 0 3 00d0 ffffffff 1 R8 IMAD.WIDE 2 R11 R8 0 16 
13 0 0 3 0090 ffffffff 1 R2 IMAD.WIDE.U32 2 R11 R2 0 16 
16 0 0 0 00d0 ffffffff 1 R8 IMAD.WIDE 2 R11 R8 0 16 
45 0 0 1 0090 ffffffff 1 R2 IMAD.WIDE.U32 2 R11 R2 0 16 
5 0 0 1 0090 ffffffff 1 R2 IMAD.WIDE.U32 2 R11 R2 0 16 
53 0 0 3 0090 ffffffff 1 R2 IMAD.WIDE.U32 2 R11 R2 0 16 
19 0 0 3 00e0 ffffffff 1 R11 FMUL 2 R12 R12 0 0 
19 0 0 1 00e0 ffffffff 1 R11 FMUL 2 R12 R12 0 0 
22 0 0 2 00d0 ffffffff 1 R8 IMAD.WIDE 2 R11 R8 0 16 
19 0 0 2 00e0 ffffffff 1 R11 FMUL 2 R12 R12 0 0 
26 0 0 1 00d0 ffffffff 1 R8 IMAD.WIDE 2 R11 R8 0 16 
46 0 0 0 0090 ffffffff 1 R2 IMAD.WIDE.U32 2 R11 R2 0 16 
8 0 0 0 0090 ffffffff 1 R2 IMAD.WIDE.U32 2 R11 R2 0 16 
8 0 0 3 0090 ffffffff 1 R2 IMAD.WIDE.U32 2 R11 R2 0 16 
8 0 0 1 0090 ffffffff 1 R2 IMAD.WIDE.U32 2 R11 R2 0 16 
4 0 0 3 0090 ffffffff 1 R2 IMAD.WIDE.U32 2 R11 R2 0 16 
34 0 0 2 00d0 ffffffff 1 R8 IMAD.WIDE 2 R11 R8 0 16 
53 0 0 1 0090 ffffffff 1 R2 IMAD.WIDE.U32 2 R11 R2 0 16 
16 0 0 1 00d0 ffffffff 1 R8 IMAD.WIDE 2 R11 R8 0 16 
26 0 0 3 00d0 ffffffff 1 R8 IMAD.WIDE 2 R11 R8 0 16 
50 0 0 0 0090 ffffffff 1 R2 IMAD.WIDE.U32 2 R11 R2 0 16 
39 0 0 0 00e0 ffffffff 1 R11 FMUL 2 R12 R12 0 0 
13 0 0 2 0090 ffffffff 1 R2 IMAD.WIDE.U32 2 R11 R2 0 16 
7 0 0 3 0090 ffffffff 1 R2 IMAD.WIDE.U32 2 R11 R2 0 16 
6 0 0 1 0090 ffffffff 1 R2 IMAD.WIDE.U32 2 R11 R2 0 16 
7 0 0 0 0090 ffffffff 1 R2 IMAD.WIDE.U32 2 R11 R2 0 16 
43 0 0 3 0090 ffffffff 1 R2 IMAD.WIDE.U32 2 R11 R2 0 16 
46 0 0 1 0090 ffffffff 1 R2 IMAD.WIDE.U32 2 R11 R2 0 16 
50 0 0 2 0090 ffffffff 1 R2 IMAD.WIDE.U32 2 R11 R2 0 16 
10 0 0 0 0090 ffffffff 1 R2 IMAD.WIDE.U32 2 R11 R2 0 16 
11 0 0 3 0090 ffffffff 1 R2 IMAD.WIDE.U32 2 R11 R2 0 16 
39 0 0 1 00e0 ffffffff 1 R11 FMUL 2 R12 R12 0 0 
22 0 0 1 00d0 ffffffff 1 R8 IMAD.WIDE 2 R11 R8 0 16 
26 0 0 2 00d0 ffffffff 1 R8 IMAD.WIDE 2 R11 R8 0 16 
39 0 0 3 00e0 ffffffff 1 R11 FMUL 2 R12 R12 0 0 
46 0 0 2 0090 ffffffff 1 R2 IMAD.WIDE.U32 2 R11 R2 0 16 
43 0 0 1 0090 ffffffff 1 R2 IMAD.WIDE.U32 2 R11 R2 0 16 
1 0 0 0 0090 ffffffff 1 R2 IMAD.WIDE.U32 2 R11 R2 0 16 
34 0 0 1 00d0 ffffffff 1 R8 IMAD.WIDE 2 R11 R8 0 16 
53 0 0 2 0090 ffffffff 1 R2 IMAD.WIDE.U32 2 R11 R2 0 16 
48 0 0 2 0090 ffffffff 1 R2 IMAD.WIDE.U32 2 R11 R2 0 16 
48 0 0 0 0090 ffffffff 1 R2 IMAD.WIDE.U32 2 R11 R2 0 16 
1 0 0 1 0090 ffffffff 1 R2 IMAD.WIDE.U32 2 R11 R2 0 16 
29 0 0 1 00d0 ffffffff 1 R8 IMAD.WIDE 2 R11 R8 0 16 
29 0 0 0 00d0 ffffffff 1 R8 IMAD.WIDE 2 R11 R8 0 16 
44 0 0 0 0090 ffffffff 1 R2 IMAD.WIDE.U32 2 R11 R2 0 16 
44 0 0 1 0090 ffffffff 1 R2 IMAD.WIDE.U32 2 R11 R2 0 16 
16 0 0 2 00d0 ffffffff 1 R8 IMAD.WIDE 2 R11 R8 0 16 
47 0 0 3 0090 ffffffff 1 R2 IMAD.WIDE.U32 2 R11 R2 0 16 
7 0 0 1 0090 ffffffff 1 R2 IMAD.WIDE.U32 2 R11 R2 0 16 
41 0 0 3 0090 ffffffff 1 R2 IMAD.WIDE.U32 2 R11 R2 0 16 
6 0 0 2 0090 ffffffff 1 R2 IMAD.WIDE.U32 2 R11 R2 0 16 
52 0 0 3 0090 ffffffff 1 R2 IMAD.WIDE.U32 2 R11 R2 0 16 
12 0 0 3 0090 ffffffff 1 R2 IMAD.WIDE.U32 2 R11 R2 0 16 
10 0 0 3 0090 ffffffff 1 R2 IMAD.WIDE.U32 2 R11 R2 0 16 
41 0 0 2 0090 ffffffff 1 R2 IMAD.WIDE.U32 2 R11 R2 0 16 
32 0 0 0 00d0 ffffffff 1 R8 IMAD.WIDE 2 R11 R8 0 16 
4 0 0 0 0090 ffffffff 1 R2 IMAD.WIDE.U32 2 R11 R2 0 16 
5 0 0 3 0090 ffffffff 1 R2 IMAD.WIDE.U32 2 R11 R2 0 16 
4 0 0 1 0090 ffffffff 1 R2 IMAD.WIDE.U32 2 R11 R2 0 16 
43 0 0 2 0090 ffffffff 1 R2 IMAD.WIDE.U32 2 R11 R2 0 16 
54 0 0 0 0090 ffffffff 1 R2 IMAD.WIDE.U32 2 R11 R2 0 16 
29 0 0 2 00d0 ffffffff 1 R8 IMAD.WIDE 2 R11 R8 0 16 
32 0 0 2 00d0 ffffffff 1 R8 IMAD.WIDE 2 R11 R8 0 16 
2 0 0 1 0090 ffffffff 1 R2 IMAD.WIDE.U32 2 R11 R2 0 16 
2 0 0 2 0090 ffffffff 1 R2 IMAD.WIDE.U32 2 R11 R2 0 16 
12 0 0 0 0090 ffffffff 1 R2 IMAD.WIDE.U32 2 R11 R2 0 16 
38 0 0 0 00d0 ffffffff 1 R8 IMAD.WIDE 2 R11 R8 0 16 
52 0 0 1 0090 ffffffff 1 R2 IMAD.WIDE.U32 2 R11 R2 0 16 
46 0 0 3 0090 ffffffff 1 R2 IMAD.WIDE.U32 2 R11 R2 0 16 
38 0 0 2 00d0 ffffffff 1 R8 IMAD.WIDE 2 R11 R8 0 16 
38 0 0 1 00d0 ffffffff 1 R8 IMAD.WIDE 2 R11 R8 0 16 
47 0 0 0 0090 ffffffff 1 R2 IMAD.WIDE.U32 2 R11 R2 0 16 
41 0 0 1 0090 ffffffff 1 R2 IMAD.WIDE.U32 2 R11 R2 0 16 
43 0 0 0 0090 ffffffff 1 R2 IMAD.WIDE.U32 2 R11 R2 0 16 
53 0 0 0 0090 ffffffff 1 R2 IMAD.WIDE.U32 2 R11 R2 0 16 
50 0 0 1 0090 ffffffff 1 R2 IMAD.WIDE.U32 2 R11 R2 0 16 
32 0 0 3 00d0 ffffffff 1 R8 IMAD.WIDE 2 R11 R8 0 16 
40 0 0 1 0090 ffffffff 1 R2 IMAD.WIDE.U32 2 R11 R2 0 16 
1 0 0 2 0090 ffffffff 1 R2 IMAD.WIDE.U32 2 R11 R2 0 16 
8 0 0 2 0090 ffffffff 1 R2 IMAD.WIDE.U32 2 R11 R2 0 16 
6 0 0 3 0090 ffffffff 1 R2 IMAD.WIDE.U32 2 R11 R2 0 16 
47 0 0 1 0090 ffffffff 1 R2 IMAD.WIDE.U32 2 R11 R2 0 16 
44 0 0 2 0090 ffffffff 1 R2 IMAD.WIDE.U32 2 R11 R2 0 16 
3 0 0 0 0090 ffffffff 1 R2 IMAD.WIDE.U32 2 R11 R2 0 16 
3 0 0 3 0090 ffffffff 1 R2 IMAD.WIDE.U32 2 R11 R2 0 16 
45 0 0 2 0090 ffffffff 1 R2 IMAD.WIDE.U32 2 R11 R2 0 16 
5 0 0 0 0090 ffffffff 1 R2 IMAD.WIDE.U32 2 R11 R2 0 16 
45 0 0 0 0090 ffffffff 1 R2 IMAD.WIDE.U32 2 R11 R2 0 16 
14 0 0 3 0090 ffffffff 1 R2 IMAD.WIDE.U32 2 R11 R2 0 16 
5 0 0 2 0090 ffffffff 1 R2 IMAD.WIDE.U32 2 R11 R2 0 16 
32 0 0 1 00d0 ffffffff 1 R8 IMAD.WIDE 2 R11 R8 0 16 
9 0 0 3 0090 ffffffff 1 R2 IMAD.WIDE.U32 2 R11 R2 0 16 
0 0 0 3 0090 ffffffff 1 R2 IMAD.WIDE.U32 2 R11 R2 0 16 
3 0 0 2 0090 ffffffff 1 R2 IMAD.WIDE.U32 2 R11 R2 0 16 
54 0 0 2 0090 ffffffff 1 R2 IMAD.WIDE.U32 2 R11 R2 0 16 
14 0 0 0 0090 ffffffff 1 R2 IMAD.WIDE.U32 2 R11 R2 0 16 
47 0 0 2 0090 ffffffff 1 R2 IMAD.WIDE.U32 2 R11 R2 0 16 
45 0 0 3 0090 ffffffff 1 R2 IMAD.WIDE.U32 2 R11 R2 0 16 
42 0 0 1 0090 ffffffff 1 R2 IMAD.WIDE.U32 2 R11 R2 0 16 
42 0 0 2 0090 ffffffff 1 R2 IMAD.WIDE.U32 2 R11 R2 0 16 
42 0 0 0 0090 ffffffff 1 R2 IMAD.WIDE.U32 2 R11 R2 0 16 
2 0 0 0 0090 ffffffff 1 R2 IMAD.WIDE.U32 2 R11 R2 0 16 
40 0 0 3 0090 ffffffff 1 R2 IMAD.WIDE.U32 2 R11 R2 0 16 
2 0 0 3 0090 ffffffff 1 R2 IMAD.WIDE.U32 2 R11 R2 0 16 
0 0 0 0 0090 ffffffff 1 R2 IMAD.WIDE.U32 2 R11 R2 0 16 
0 0 0 1 0090 ffffffff 1 R2 IMAD.WIDE.U32 2 R11 R2 0 16 
7 0 0 2 0090 ffffffff 1 R2 IMAD.WIDE.U32 2 R11 R2 0 16 
14 0 0 2 0090 ffffffff 1 R2 IMAD.WIDE.U32 2 R11 R2 0 16 
40 0 0 2 0090 ffffffff 1 R2 IMAD.WIDE.U32 2 R11 R2 0 16 
42 0 0 3 0090 ffffffff 1 R2 IMAD.WIDE.U32 2 R11 R2 0 16 
49 0 0 3 0090 ffffffff 1 R2 IMAD.WIDE.U32 2 R11 R2 0 16 
12 0 0 2 0090 ffffffff 1 R2 IMAD.WIDE.U32 2 R11 R2 0 16 
40 0 0 0 0090 ffffffff 1 R2 IMAD.WIDE.U32 2 R11 R2 0 16 
49 0 0 2 0090 ffffffff 1 R2 IMAD.WIDE.U32 2 R11 R2 0 16 
11 0 0 2 0090 ffffffff 1 R2 IMAD.WIDE.U32 2 R11 R2 0 16 
9 0 0 1 0090 ffffffff 1 R2 IMAD.WIDE.U32 2 R11 R2 0 16 
9 0 0 2 0090 ffffffff 1 R2 IMAD.WIDE.U32 2 R11 R2 0 16 
52 0 0 0 0090 ffffffff 1 R2 IMAD.WIDE.U32 2 R11 R2 0 16 
31 0 0 0 00e0 ffffffff 1 R11 FMUL 2 R12 R12 0 0 
11 0 0 0 0090 ffffffff 1 R2 IMAD.WIDE.U32 2 R11 R2 0 16 
41 0 0 0 0090 ffffffff 1 R2 IMAD.WIDE.U32 2 R11 R2 0 16 
6 0 0 0 0090 ffffffff 1 R2 IMAD.WIDE.U32 2 R11 R2 0 16 
0 0 0 2 0090 ffffffff 1 R2 IMAD.WIDE.U32 2 R11 R2 0 16 
49 0 0 1 0090 ffffffff 1 R2 IMAD.WIDE.U32 2 R11 R2 0 16 
49 0 0 0 0090 ffffffff 1 R2 IMAD.WIDE.U32 2 R11 R2 0 16 
51 0 0 2 0090 ffffffff 1 R2 IMAD.WIDE.U32 2 R11 R2 0 16 
9 0 0 0 0090 ffffffff 1 R2 IMAD.WIDE.U32 2 R11 R2 0 16 
31 0 0 3 00e0 ffffffff 1 R11 FMUL 2 R12 R12 0 0 
31 0 0 2 00e0 ffffffff 1 R11 FMUL 2 R12 R12 0 0 
51 0 0 0 0090 ffffffff 1 R2 IMAD.WIDE.U32 2 R11 R2 0 16 
29 0 0 3 00d0 ffffffff 1 R8 IMAD.WIDE 2 R11 R8 0 16 
28 0 0 0 00e0 ffffffff 1 R11 FMUL 2 R12 R12 0 0 
35 0 0 0 00f0 ffffffff 1 R0 FMUL 2 R13 R13 0 0 
25 0 0 3 00e0 ffffffff 1 R11 FMUL 2 R12 R12 0 0 
54 0 0 1 00a0 ffffffff 1 R12 LDG.E.128.SYS 1 R2 16 1 0x7f580fb04600 16 0 
33 0 0 2 00f0 ffffffff 1 R0 FMUL 2 R13 R13 0 0 
28 0 0 2 00e0 ffffffff 1 R11 FMUL 2 R12 R12 0 0 
31 0 0 1 00e0 ffffffff 1 R11 FMUL 2 R12 R12 0 0 
27 0 0 0 00f0 ffffffff 1 R0 FMUL 2 R13 R13 0 0 
12 0 0 1 00a0 ffffffff 1 R12 LDG.E.128.SYS 1 R2 16 1 0x7f580fada600 16 0 
27 0 0 2 00f0 ffffffff 1 R0 FMUL 2 R13 R13 0 0 
28 0 0 3 00e0 ffffffff 1 R11 FMUL 2 R12 R12 0 0 
35 0 0 3 00e0 ffffffff 1 R11 FMUL 2 R12 R12 0 0 
33 0 0 1 00f0 ffffffff 1 R0 FMUL 2 R13 R13 0 0 
25 0 0 0 00e0 ffffffff 1 R11 FMUL 2 R12 R12 0 0 
25 0 0 1 00e0 ffffffff 1 R11 FMUL 2 R12 R12 0 0 
28 0 0 1 00e0 ffffffff 1 R11 FMUL 2 R12 R12 0 0 
37 0 0 1 00e0 ffffffff 1 R11 FMUL 2 R12 R12 0 0 
35 0 0 2 00f0 ffffffff 1 R0 FMUL 2 R13 R13 0 0 
25 0 0 2 00e0 ffffffff 1 R11 FMUL 2 R12 R12 0 0 
33 0 0 3 00f0 ffffffff 1 R0 FMUL 2 R13 R13 0 0 
15 0 0 0 00e0 ffffffff 1 R11 FMUL 2 R12 R12 0 0 
35 0 0 1 00f0 ffffffff 1 R0 FMUL 2 R13 R13 0 0 
24 0 0 0 00e0 ffffffff 1 R11 FMUL 2 R12 R12 0 0 
24 0 0 2 00e0 ffffffff 1 R11 FMUL 2 R12 R12 0 0 
33 0 0 0 00f0 ffffffff 1 R0 FMUL 2 R13 R13 0 0 
52 0 0 2 00a0 ffffffff 1 R12 LDG.E.128.SYS 1 R2 16 1 0x7f580fb02800 16 0 
54 0 0 3 00b0 ffffffff 1 R4 LDG.E.128.SYS 1 R2 16 1 0x7f580fb05200 16 0 
51 0 0 3 00a0 ffffffff 1 R12 LDG.E.128.SYS 1 R2 16 1 0x7f580fb01a00 16 0 
37 0 0 3 00e0 ffffffff 1 R11 FMUL 2 R12 R12 0 0 
17 0 0 2 00e0 ffffffff 1 R11 FMUL 2 R12 R12 0 0 
17 0 0 1 00e0 ffffffff 1 R11 FMUL 2 R12 R12 0 0 
30 0 0 3 00e0 ffffffff 1 R11 FMUL 2 R12 R12 0 0 
17 0 0 3 00e0 ffffffff 1 R11 FMUL 2 R12 R12 0 0 
15 0 0 3 00e0 ffffffff 1 R11 FMUL 2 R12 R12 0 0 
37 0 0 2 00e0 ffffffff 1 R11 FMUL 2 R12 R12 0 0 
37 0 0 0 00e0 ffffffff 1 R11 FMUL 2 R12 R12 0 0 
23 0 0 1 00e0 ffffffff 1 R11 FMUL 2 R12 R12 0 0 
15 0 0 1 00e0 ffffffff 1 R11 FMUL 2 R12 R12 0 0 
15 0 0 2 00e0 ffffffff 1 R11 FMUL 2 R12 R12 0 0 
36 0 0 2 00e0 ffffffff 1 R11 FMUL 2 R12 R12 0 0 
21 0 0 0 00e0 ffffffff 1 R11 FMUL 2 R12 R12 0 0 
27 0 0 1 00f0 ffffffff 1 R0 FMUL 2 R13 R13 0 0 
17 0 0 0 00e0 ffffffff 1 R11 FMUL 2 R12 R12 0 0 
23 0 0 0 00e0 ffffffff 1 R11 FMUL 2 R12 R12 0 0 
27 0 0 3 00f0 ffffffff 1 R0 FMUL 2 R13 R13 0 0 
24 0 0 3 00e0 ffffffff 1 R11 FMUL 2 R12 R12 0 0 
21 0 0 1 00e0 ffffffff 1 R11 FMUL 2 R12 R12 0 0 
34 0 0 1 00e0 ffffffff 1 R11 FMUL 2 R12 R12 0 0 
30 0 0 1 00e0 ffffffff 1 R11 FMUL 2 R12 R12 0 0 
30 0 0 2 00e0 ffffffff 1 R11 FMUL 2 R12 R12 0 0 
30 0 0 0 00e0 ffffffff 1 R11 FMUL 2 R12 R12 0 0 
34 0 0 0 00e0 ffffffff 1 R11 FMUL 2 R12 R12 0 0 
23 0 0 3 00e0 ffffffff 1 R11 FMUL 2 R12 R12 0 0 
19 0 0 0 00f0 ffffffff 1 R0 FMUL 2 R13 R13 0 0 
24 0 0 1 00e0 ffffffff 1 R11 FMUL 2 R12 R12 0 0 
21 0 0 3 00e0 ffffffff 1 R11 FMUL 2 R12 R12 0 0 
39 0 0 0 00f0 ffffffff 1 R0 FMUL 2 R13 R13 0 0 
23 0 0 2 00e0 ffffffff 1 R11 FMUL 2 R12 R12 0 0 
19 0 0 1 00f0 ffffffff 1 R0 FMUL 2 R13 R13 0 0 
19 0 0 3 00f0 ffffffff 1 R0 FMUL 2 R13 R13 0 0 
36 0 0 3 00e0 ffffffff 1 R11 FMUL 2 R12 R12 0 0 
21 0 0 2 00e0 ffffffff 1 R11 FMUL 2 R12 R12 0 0 
19 0 0 2 00f0 ffffffff 1 R0 FMUL 2 R13 R13 0 0 
20 0 0 2 00e0 ffffffff 1 R11 FMUL 2 R12 R12 0 0 
16 0 0 0 00e0 ffffffff 1 R11 FMUL 2 R12 R12 0 0 
20 0 0 3 00e0 ffffffff 1 R11 FMUL 2 R12 R12 0 0 
20 0 0 0 00e0 ffffffff 1 R11 FMUL 2 R12 R12 0 0 
34 0 0 2 00e0 ffffffff 1 R11 FMUL 2 R12 R12 0 0 
18 0 0 0 00e0 ffffffff 1 R11 FMUL 2 R12 R12 0 0 
29 0 0 0 00e0 ffffffff 1 R11 FMUL 2 R12 R12 0 0 
29 0 0 2 00e0 ffffffff 1 R11 FMUL 2 R12 R12 0 0 
20 0 0 1 00e0 ffffffff 1 R11 FMUL 2 R12 R12 0 0 
39 0 0 2 00f0 ffffffff 1 R0 FMUL 2 R13 R13 0 0 
39 0 0 3 00f0 ffffffff 1 R0 FMUL 2 R13 R13 0 0 
16 0 0 2 00e0 ffffffff 1 R11 FMUL 2 R12 R12 0 0 
38 0 0 3 00e0 ffffffff 1 R11 FMUL 2 R12 R12 0 0 
38 0 0 0 00e0 ffffffff 1 R11 FMUL 2 R12 R12 0 0 
36 0 0 0 00e0 ffffffff 1 R11 FMUL 2 R12 R12 0 0 
36 0 0 1 00e0 ffffffff 1 R11 FMUL 2 R12 R12 0 0 
26 0 0 0 00e0 ffffffff 1 R11 FMUL 2 R12 R12 0 0 
31 0 0 0 00f0 ffffffff 1 R0 FMUL 2 R13 R13 0 0 
29 0 0 1 00e0 ffffffff 1 R11 FMUL 2 R12 R12 0 0 
38 0 0 2 00e0 ffffffff 1 R11 FMUL 2 R12 R12 0 0 
26 0 0 2 00e0 ffffffff 1 R11 FMUL 2 R12 R12 0 0 
38 0 0 1 00e0 ffffffff 1 R11 FMUL 2 R12 R12 0 0 
32 0 0 0 00e0 ffffffff 1 R11 FMUL 2 R12 R12 0 0 
18 0 0 1 00e0 ffffffff 1 R11 FMUL 2 R12 R12 0 0 
16 0 0 3 00e0 ffffffff 1 R11 FMUL 2 R12 R12 0 0 
18 0 0 2 00e0 ffffffff 1 R11 FMUL 2 R12 R12 0 0 
39 0 0 1 00f0 ffffffff 1 R0 FMUL 2 R13 R13 0 0 
26 0 0 3 00e0 ffffffff 1 R11 FMUL 2 R12 R12 0 0 
16 0 0 1 00e0 ffffffff 1 R11 FMUL 2 R12 R12 0 0 
22 0 0 2 00e0 ffffffff 1 R11 FMUL 2 R12 R12 0 0 
31 0 0 2 00f0 ffffffff 1 R0 FMUL 2 R13 R13 0 0 
31 0 0 3 00f0 ffffffff 1 R0 FMUL 2 R13 R13 0 0 
34 0 0 3 00e0 ffffffff 1 R11 FMUL 2 R12 R12 0 0 
29 0 0 3 00e0 ffffffff 1 R11 FMUL 2 R12 R12 0 0 
22 0 0 1 00e0 ffffffff 1 R11 FMUL 2 R12 R12 0 0 
22 0 0 0 00e0 ffffffff 1 R11 FMUL 2 R12 R12 0 0 
22 0 0 3 00e0 ffffffff 1 R11 FMUL 2 R12 R12 0 0 
18 0 0 3 00e0 ffffffff 1 R11 FMUL 2 R12 R12 0 0 
32 0 0 2 00e0 ffffffff 1 R11 FMUL 2 R12 R12 0 0 
32 0 0 1 00e0 ffffffff 1 R11 FMUL 2 R12 R12 0 0 
32 0 0 3 00e0 ffffffff 1 R11 FMUL 2 R12 R12 0 0 
35 0 0 0 0100 ffffffff 1 R12 FMUL 2 R12 R11 0 0 
26 0 0 1 00e0 ffffffff 1 R11 FMUL 2 R12 R12 0 0 
31 0 0 1 00f0 ffffffff 1 R0 FMUL 2 R13 R13 0 0 
14 0 0 1 00a0 ffffffff 1 R12 LDG.E.128.SYS 1 R2 16 1 0x7f580fadc600 16 0 
28 0 0 0 00f0 ffffffff 1 R0 FMUL 2 R13 R13 0 0 
25 0 0 3 00f0 ffffffff 1 R0 FMUL 2 R13 R13 0 0 
27 0 0 0 0100 ffffffff 1 R12 FMUL 2 R12 R11 0 0 
35 0 0 2 0100 ffffffff 1 R12 FMUL 2 R12 R11 0 0 
10 0 0 2 00a0 ffffffff 1 R12 LDG.E.128.SYS 1 R2 16 1 0x7f580fad8800 16 0 
10 0 0 1 00a0 ffffffff 1 R12 LDG.E.128.SYS 1 R2 16 1 0x7f580fad8600 16 0 
50 0 0 3 00a0 ffffffff 1 R12 LDG.E.128.SYS 1 R2 16 1 0x7f580fb00a00 16 0 
28 0 0 1 00f0 ffffffff 1 R0 FMUL 2 R13 R13 0 0 
28 0 0 2 00f0 ffffffff 1 R0 FMUL 2 R13 R13 0 0 
48 0 0 1 00a0 ffffffff 1 R12 LDG.E.128.SYS 1 R2 16 1 0x7f580fafe600 16 0 
28 0 0 3 00f0 ffffffff 1 R0 FMUL 2 R13 R13 0 0 
25 0 0 1 00f0 ffffffff 1 R0 FMUL 2 R13 R13 0 0 
25 0 0 0 00f0 ffffffff 1 R0 FMUL 2 R13 R13 0 0 
25 0 0 2 00f0 ffffffff 1 R0 FMUL 2 R13 R13 0 0 
33 0 0 2 0100 ffffffff 1 R12 FMUL 2 R12 R11 0 0 
35 0 0 3 00f0 ffffffff 1 R0 FMUL 2 R13 R13 0 0 
35 0 0 1 0100 ffffffff 1 R12 FMUL 2 R12 R11 0 0 
27 0 0 2 0100 ffffffff 1 R12 FMUL 2 R12 R11 0 0 
24 0 0 2 00f0 ffffffff 1 R0 FMUL 2 R13 R13 0 0 
33 0 0 0 0100 ffffffff 1 R12 FMUL 2 R12 R11 0 0 
24 0 0 0 00f0 ffffffff 1 R0 FMUL 2 R13 R13 0 0 
33 0 0 3 0100 ffffffff 1 R12 FMUL 2 R12 R11 0 0 
1 0 0 3 00a0 ffffffff 1 R12 LDG.E.128.SYS 1 R2 16 1 0x7f580facfa00 16 0 
33 0 0 1 0100 ffffffff 1 R12 FMUL 2 R12 R11 0 0 
15 0 0 0 00f0 ffffffff 1 R0 FMUL 2 R13 R13 0 0 
37 0 0 2 00f0 ffffffff 1 R0 FMUL 2 R13 R13 0 0 
37 0 0 3 00f0 ffffffff 1 R0 FMUL 2 R13 R13 0 0 
37 0 0 1 00f0 ffffffff 1 R0 FMUL 2 R13 R13 0 0 
4 0 0 2 00a0 ffffffff 1 R12 LDG.E.128.SYS 1 R2 16 1 0x7f580fad2800 16 0 
17 0 0 2 00f0 ffffffff 1 R0 FMUL 2 R13 R13 0 0 
17 0 0 3 00f0 ffffffff 1 R0 FMUL 2 R13 R13 0 0 
27 0 0 1 0100 ffffffff 1 R12 FMUL 2 R12 R11 0 0 
37 0 0 0 00f0 ffffffff 1 R0 FMUL 2 R13 R13 0 0 
27 0 0 3 0100 ffffffff 1 R12 FMUL 2 R12 R11 0 0 
30 0 0 3 00f0 ffffffff 1 R0 FMUL 2 R13 R13 0 0 
15 0 0 2 00f0 ffffffff 1 R0 FMUL 2 R13 R13 0 0 
17 0 0 0 00f0 ffffffff 1 R0 FMUL 2 R13 R13 0 0 
36 0 0 3 00f0 ffffffff 1 R0 FMUL 2 R13 R13 0 0 
17 0 0 1 00f0 ffffffff 1 R0 FMUL 2 R13 R13 0 0 
24 0 0 3 00f0 ffffffff 1 R0 FMUL 2 R13 R13 0 0 
15 0 0 3 00f0 ffffffff 1 R0 FMUL 2 R13 R13 0 0 
15 0 0 1 00f0 ffffffff 1 R0 FMUL 2 R13 R13 0 0 
19 0 0 0 0100 ffffffff 1 R12 FMUL 2 R12 R11 0 0 
30 0 0 1 00f0 ffffffff 1 R0 FMUL 2 R13 R13 0 0 
30 0 0 0 00f0 ffffffff 1 R0 FMUL 2 R13 R13 0 0 
30 0 0 2 00f0 ffffffff 1 R0 FMUL 2 R13 R13 0 0 
54 0 0 3 00c0 ffffffff 1 R8 IMAD.WIDE.U32 2 R0 R9 0 0 
5 0 0 1 00a0 ffffffff 1 R12 LDG.E.128.SYS 1 R2 16 1 0x7f580fad3600 16 0 
34 0 0 0 00f0 ffffffff 1 R0 FMUL 2 R13 R13 0 0 
24 0 0 1 00f0 ffffffff 1 R0 FMUL 2 R13 R13 0 0 
19 0 0 3 0100 ffffffff 1 R12 FMUL 2 R12 R11 0 0 
21 0 0 2 00f0 ffffffff 1 R0 FMUL 2 R13 R13 0 0 
19 0 0 1 0100 ffffffff 1 R12 FMUL 2 R12 R11 0 0 
19 0 0 2 0100 ffffffff 1 R12 FMUL 2 R12 R11 0 0 
36 0 0 2 00f0 ffffffff 1 R0 FMUL 2 R13 R13 0 0 
34 0 0 2 00f0 ffffffff 1 R0 FMUL 2 R13 R13 0 0 
21 0 0 3 00f0 ffffffff 1 R0 FMUL 2 R13 R13 0 0 
23 0 0 2 00f0 ffffffff 1 R0 FMUL 2 R13 R13 0 0 
23 0 0 0 00f0 ffffffff 1 R0 FMUL 2 R13 R13 0 0 
21 0 0 0 00f0 ffffffff 1 R0 FMUL 2 R13 R13 0 0 
21 0 0 1 00f0 ffffffff 1 R0 FMUL 2 R13 R13 0 0 
41 0 0 1 00a0 ffffffff 1 R12 LDG.E.128.SYS 1 R2 16 1 0x7f580faf7600 16 0 
23 0 0 1 00f0 ffffffff 1 R0 FMUL 2 R13 R13 0 0 
23 0 0 3 00f0 ffffffff 1 R0 FMUL 2 R13 R13 0 0 
3 0 0 1 00a0 ffffffff 1 R12 LDG.E.128.SYS 1 R2 16 1 0x7f580fad1600 16 0 
41 0 0 2 00a0 ffffffff 1 R12 LDG.E.128.SYS 1 R2 16 1 0x7f580faf7800 16 0 
45 0 0 0 00a0 ffffffff 1 R12 LDG.E.128.SYS 1 R2 16 1 0x7f580fafb400 16 0 
34 0 0 1 00f0 ffffffff 1 R0 FMUL 2 R13 R13 0 0 
36 0 0 1 00f0 ffffffff 1 R0 FMUL 2 R13 R13 0 0 
7 0 0 2 00a0 ffffffff 1 R12 LDG.E.128.SYS 1 R2 16 1 0x7f580fad5800 16 0 
39 0 0 2 0100 ffffffff 1 R12 FMUL 2 R12 R11 0 0 
8 0 0 1 00a0 ffffffff 1 R12 LDG.E.128.SYS 1 R2 16 1 0x7f580fad6600 16 0 
10 0 0 3 00a0 ffffffff 1 R12 LDG.E.128.SYS 1 R2 16 1 0x7f580fad8a00 16 0 
20 0 0 1 00f0 ffffffff 1 R0 FMUL 2 R13 R13 0 0 
51 0 0 1 00a0 ffffffff 1 R12 LDG.E.128.SYS 1 R2 16 1 0x7f580fb01600 16 0 
11 0 0 1 00a0 ffffffff 1 R12 LDG.E.128.SYS 1 R2 16 1 0x7f580fad9600 16 0 
5 0 0 3 00a0 ffffffff 1 R12 LDG.E.128.SYS 1 R2 16 1 0x7f580fad3a00 16 0 
39 0 0 0 0100 ffffffff 1 R12 FMUL 2 R12 R11 0 0 
20 0 0 3 00f0 ffffffff 1 R0 FMUL 2 R13 R13 0 0 
39 0 0 3 0100 ffffffff 1 R12 FMUL 2 R12 R11 0 0 
44 0 0 2 00a0 ffffffff 1 R12 LDG.E.128.SYS 1 R2 16 1 0x7f580fafa800 16 0 
26 0 0 3 00f0 ffffffff 1 R0 FMUL 2 R13 R13 0 0 
36 0 0 0 00f0 ffffffff 1 R0 FMUL 2 R13 R13 0 0 
29 0 0 0 00f0 ffffffff 1 R0 FMUL 2 R13 R13 0 0 
11 0 0 3 00a0 ffffffff 1 R12 LDG.E.128.SYS 1 R2 16 1 0x7f580fad9a00 16 0 
29 0 0 3 00f0 ffffffff 1 R0 FMUL 2 R13 R13 0 0 
42 0 0 3 00a0 ffffffff 1 R12 LDG.E.128.SYS 1 R2 16 1 0x7f580faf8a00 16 0 
6 0 0 0 00a0 ffffffff 1 R12 LDG.E.128.SYS 1 R2 16 1 0x7f580fad4400 16 0 
2 0 0 2 00a0 ffffffff 1 R12 LDG.E.128.SYS 1 R2 16 1 0x7f580fad0800 16 0 
12 0 0 0 00a0 ffffffff 1 R12 LDG.E.128.SYS 1 R2 16 1 0x7f580fada400 16 0 
3 0 0 3 00a0 ffffffff 1 R12 LDG.E.128.SYS 1 R2 16 1 0x7f580fad1a00 16 0 
46 0 0 1 00a0 ffffffff 1 R12 LDG.E.128.SYS 1 R2 16 1 0x7f580fafc600 16 0 
29 0 0 1 00f0 ffffffff 1 R0 FMUL 2 R13 R13 0 0 
3 0 0 2 00a0 ffffffff 1 R12 LDG.E.128.SYS 1 R2 16 1 0x7f580fad1800 16 0 
26 0 0 2 00f0 ffffffff 1 R0 FMUL 2 R13 R13 0 0 
50 0 0 2 00a0 ffffffff 1 R12 LDG.E.128.SYS 1 R2 16 1 0x7f580fb00800 16 0 
31 0 0 2 0100 ffffffff 1 R12 FMUL 2 R12 R11 0 0 
52 0 0 3 00a0 ffffffff 1 R12 LDG.E.128.SYS 1 R2 16 1 0x7f580fb02a00 16 0 
9 0 0 0 00a0 ffffffff 1 R12 LDG.E.128.SYS 1 R2 16 1 0x7f580fad7400 16 0 
43 0 0 0 00a0 ffffffff 1 R12 LDG.E.128.SYS 1 R2 16 1 0x7f580faf9400 16 0 
50 0 0 0 00a0 ffffffff 1 R12 LDG.E.128.SYS 1 R2 16 1 0x7f580fb00400 16 0 
2 0 0 0 00a0 ffffffff 1 R12 LDG.E.128.SYS 1 R2 16 1 0x7f580fad0400 16 0 
42 0 0 1 00a0 ffffffff 1 R12 LDG.E.128.SYS 1 R2 16 1 0x7f580faf8600 16 0 
51 0 0 3 00b0 ffffffff 1 R4 LDG.E.128.SYS 1 R2 16 1 0x7f580fb02200 16 0 
16 0 0 0 00f0 ffffffff 1 R0 FMUL 2 R13 R13 0 0 
16 0 0 2 00f0 ffffffff 1 R0 FMUL 2 R13 R13 0 0 
1 0 0 1 00a0 ffffffff 1 R12 LDG.E.128.SYS 1 R2 16 1 0x7f580facf600 16 0 
48 0 0 3 00a0 ffffffff 1 R12 LDG.E.128.SYS 1 R2 16 1 0x7f580fafea00 16 0 
14 0 0 2 00a0 ffffffff 1 R12 LDG.E.128.SYS 1 R2 16 1 0x7f580fadc800 16 0 
10 0 0 0 00a0 ffffffff 1 R12 LDG.E.128.SYS 1 R2 16 1 0x7f580fad8400 16 0 
8 0 0 0 00a0 ffffffff 1 R12 LDG.E.128.SYS 1 R2 16 1 0x7f580fad6400 16 0 
4 0 0 0 00a0 ffffffff 1 R12 LDG.E.128.SYS 1 R2 16 1 0x7f580fad2400 16 0 
54 0 0 2 00a0 ffffffff 1 R12 LDG.E.128.SYS 1 R2 16 1 0x7f580fb04800 16 0 
14 0 0 3 00a0 ffffffff 1 R12 LDG.E.128.SYS 1 R2 16 1 0x7f580fadca00 16 0 
45 0 0 3 00a0 ffffffff 1 R12 LDG.E.128.SYS 1 R2 16 1 0x7f580fafba00 16 0 
9 0 0 2 00a0 ffffffff 1 R12 LDG.E.128.SYS 1 R2 16 1 0x7f580fad7800 16 0 
16 0 0 1 00f0 ffffffff 1 R0 FMUL 2 R13 R13 0 0 
26 0 0 1 00f0 ffffffff 1 R0 FMUL 2 R13 R13 0 0 
20 0 0 0 00f0 ffffffff 1 R0 FMUL 2 R13 R13 0 0 
0 0 0 2 00a0 ffffffff 1 R12 LDG.E.128.SYS 1 R2 16 1 0x7f580face800 16 0 
12 0 0 3 00a0 ffffffff 1 R12 LDG.E.128.SYS 1 R2 16 1 0x7f580fadaa00 16 0 
43 0 0 3 00a0 ffffffff 1 R12 LDG.E.128.SYS 1 R2 16 1 0x7f580faf9a00 16 0 
50 0 0 1 00a0 ffffffff 1 R12 LDG.E.128.SYS 1 R2 16 1 0x7f580fb00600 16 0 
18 0 0 0 00f0 ffffffff 1 R0 FMUL 2 R13 R13 0 0 
53 0 0 0 00a0 ffffffff 1 R12 LDG.E.128.SYS 1 R2 16 1 0x7f580fb03400 16 0 
32 0 0 0 00f0 ffffffff 1 R0 FMUL 2 R13 R13 0 0 
13 0 0 2 00a0 ffffffff 1 R12 LDG.E.128.SYS 1 R2 16 1 0x7f580fadb800 16 0 
44 0 0 0 00a0 ffffffff 1 R12 LDG.E.128.SYS 1 R2 16 1 0x7f580fafa400 16 0 
4 0 0 1 00a0 ffffffff 1 R12 LDG.E.128.SYS 1 R2 16 1 0x7f580fad2600 16 0 
6 0 0 3 00a0 ffffffff 1 R12 LDG.E.128.SYS 1 R2 16 1 0x7f580fad4a00 16 0 
46 0 0 2 00a0 ffffffff 1 R12 LDG.E.128.SYS 1 R2 16 1 0x7f580fafc800 16 0 
44 0 0 1 00a0 ffffffff 1 R12 LDG.E.128.SYS 1 R2 16 1 0x7f580fafa600 16 0 
18 0 0 2 00f0 ffffffff 1 R0 FMUL 2 R13 R13 0 0 
12 0 0 1 00b0 ffffffff 1 R4 LDG.E.128.SYS 1 R2 16 1 0x7f580fadae00 16 0 
41 0 0 3 00a0 ffffffff 1 R12 LDG.E.128.SYS 1 R2 16 1 0x7f580faf7a00 16 0 
14 0 0 0 00a0 ffffffff 1 R12 LDG.E.128.SYS 1 R2 16 1 0x7f580fadc400 16 0 
7 0 0 3 00a0 ffffffff 1 R12 LDG.E.128.SYS 1 R2 16 1 0x7f580fad5a00 16 0 
49 0 0 1 00a0 ffffffff 1 R12 LDG.E.128.SYS 1 R2 16 1 0x7f580faff600 16 0 
44 0 0 3 00a0 ffffffff 1 R12 LDG.E.128.SYS 1 R2 16 1 0x7f580fafaa00 16 0 
4 0 0 3 00a0 ffffffff 1 R12 LDG.E.128.SYS 1 R2 16 1 0x7f580fad2a00 16 0 
18 0 0 3 00f0 ffffffff 1 R0 FMUL 2 R13 R13 0 0 
54 0 0 0 00a0 ffffffff 1 R12 LDG.E.128.SYS 1 R2 16 1 0x7f580fb04400 16 0 
16 0 0 3 00f0 ffffffff 1 R0 FMUL 2 R13 R13 0 0 
39 0 0 1 0100 ffffffff 1 R12 FMUL 2 R12 R11 0 0 
49 0 0 3 00a0 ffffffff 1 R12 LDG.E.128.SYS 1 R2 16 1 0x7f580faffa00 16 0 
54 0 0 1 00b0 ffffffff 1 R4 LDG.E.128.SYS 1 R2 16 1 0x7f580fb04e00 16 0 
8 0 0 3 00a0 ffffffff 1 R12 LDG.E.128.SYS 1 R2 16 1 0x7f580fad6a00 16 0 
48 0 0 2 00a0 ffffffff 1 R12 LDG.E.128.SYS 1 R2 16 1 0x7f580fafe800 16 0 
52 0 0 1 00a0 ffffffff 1 R12 LDG.E.128.SYS 1 R2 16 1 0x7f580fb02600 16 0 
6 0 0 2 00a0 ffffffff 1 R12 LDG.E.128.SYS 1 R2 16 1 0x7f580fad4800 16 0 
46 0 0 3 00a0 ffffffff 1 R12 LDG.E.128.SYS 1 R2 16 1 0x7f580fafca00 16 0 
53 0 0 1 00a0 ffffffff 1 R12 LDG.E.128.SYS 1 R2 16 1 0x7f580fb03600 16 0 
2 0 0 3 00a0 ffffffff 1 R12 LDG.E.128.SYS 1 R2 16 1 0x7f580fad0a00 16 0 
42 0 0 2 00a0 ffffffff 1 R12 LDG.E.128.SYS 1 R2 16 1 0x7f580faf8800 16 0 
49 0 0 2 00a0 ffffffff 1 R12 LDG.E.128.SYS 1 R2 16 1 0x7f580faff800 16 0 
45 0 0 2 00a0 ffffffff 1 R12 LDG.E.128.SYS 1 R2 16 1 0x7f580fafb800 16 0 
48 0 0 0 00a0 ffffffff 1 R12 LDG.E.128.SYS 1 R2 16 1 0x7f580fafe400 16 0 
8 0 0 2 00a0 ffffffff 1 R12 LDG.E.128.SYS 1 R2 16 1 0x7f580fad6800 16 0 
47 0 0 3 00a0 ffffffff 1 R12 LDG.E.128.SYS 1 R2 16 1 0x7f580fafda00 16 0 
7 0 0 1 00a0 ffffffff 1 R12 LDG.E.128.SYS 1 R2 16 1 0x7f580fad5600 16 0 
6 0 0 1 00a0 ffffffff 1 R12 LDG.E.128.SYS 1 R2 16 1 0x7f580fad4600 16 0 
0 0 0 3 00a0 ffffffff 1 R12 LDG.E.128.SYS 1 R2 16 1 0x7f580facea00 16 0 
46 0 0 0 00a0 ffffffff 1 R12 LDG.E.128.SYS 1 R2 16 1 0x7f580fafc400 16 0 
43 0 0 2 00a0 ffffffff 1 R12 LDG.E.128.SYS 1 R2 16 1 0x7f580faf9800 16 0 
31 0 0 0 0100 ffffffff 1 R12 FMUL 2 R12 R11 0 0 
20 0 0 2 00f0 ffffffff 1 R0 FMUL 2 R13 R13 0 0 
13 0 0 3 00a0 ffffffff 1 R12 LDG.E.128.SYS 1 R2 16 1 0x7f580fadba00 16 0 
9 0 0 1 00a0 ffffffff 1 R12 LDG.E.128.SYS 1 R2 16 1 0x7f580fad7600 16 0 
53 0 0 3 00a0 ffffffff 1 R12 LDG.E.128.SYS 1 R2 16 1 0x7f580fb03a00 16 0 
3 0 0 0 00a0 ffffffff 1 R12 LDG.E.128.SYS 1 R2 16 1 0x7f580fad1400 16 0 
47 0 0 2 00a0 ffffffff 1 R12 LDG.E.128.SYS 1 R2 16 1 0x7f580fafd800 16 0 
2 0 0 1 00a0 ffffffff 1 R12 LDG.E.128.SYS 1 R2 16 1 0x7f580fad0600 16 0 
41 0 0 0 00a0 ffffffff 1 R12 LDG.E.128.SYS 1 R2 16 1 0x7f580faf7400 16 0 
38 0 0 1 00f0 ffffffff 1 R0 FMUL 2 R13 R13 0 0 
32 0 0 2 00f0 ffffffff 1 R0 FMUL 2 R13 R13 0 0 
1 0 0 0 00a0 ffffffff 1 R12 LDG.E.128.SYS 1 R2 16 1 0x7f580facf400 16 0 
42 0 0 0 00a0 ffffffff 1 R12 LDG.E.128.SYS 1 R2 16 1 0x7f580faf8400 16 0 
0 0 0 1 00a0 ffffffff 1 R12 LDG.E.128.SYS 1 R2 16 1 0x7f580face600 16 0 
47 0 0 0 00a0 ffffffff 1 R12 LDG.E.128.SYS 1 R2 16 1 0x7f580fafd400 16 0 
7 0 0 0 00a0 ffffffff 1 R12 LDG.E.128.SYS 1 R2 16 1 0x7f580fad5400 16 0 
47 0 0 1 00a0 ffffffff 1 R12 LDG.E.128.SYS 1 R2 16 1 0x7f580fafd600 16 0 
9 0 0 3 00a0 ffffffff 1 R12 LDG.E.128.SYS 1 R2 16 1 0x7f580fad7a00 16 0 
5 0 0 0 00a0 ffffffff 1 R12 LDG.E.128.SYS 1 R2 16 1 0x7f580fad3400 16 0 
45 0 0 1 00a0 ffffffff 1 R12 LDG.E.128.SYS 1 R2 16 1 0x7f580fafb600 16 0 
1 0 0 2 00a0 ffffffff 1 R12 LDG.E.128.SYS 1 R2 16 1 0x7f580facf800 16 0 
43 0 0 1 00a0 ffffffff 1 R12 LDG.E.128.SYS 1 R2 16 1 0x7f580faf9600 16 0 
49 0 0 0 00a0 ffffffff 1 R12 LDG.E.128.SYS 1 R2 16 1 0x7f580faff400 16 0 
11 0 0 0 00a0 ffffffff 1 R12 LDG.E.128.SYS 1 R2 16 1 0x7f580fad9400 16 0 
18 0 0 1 00f0 ffffffff 1 R0 FMUL 2 R13 R13 0 0 
29 0 0 2 00f0 ffffffff 1 R0 FMUL 2 R13 R13 0 0 
52 0 0 2 00b0 ffffffff 1 R4 LDG.E.128.SYS 1 R2 16 1 0x7f580fb03000 16 0 
13 0 0 0 00a0 ffffffff 1 R12 LDG.E.128.SYS 1 R2 16 1 0x7f580fadb400 16 0 
31 0 0 3 0100 ffffffff 1 R12 FMUL 2 R12 R11 0 0 
34 0 0 3 00f0 ffffffff 1 R0 FMUL 2 R13 R13 0 0 
26 0 0 0 00f0 ffffffff 1 R0 FMUL 2 R13 R13 0 0 
35 0 0 0 0110 ffffffff 1 R13 FMUL 2 R13 R0 0 0 
5 0 0 2 00a0 ffffffff 1 R12 LDG.E.128.SYS 1 R2 16 1 0x7f580fad3800 16 0 
53 0 0 2 00a0 ffffffff 1 R12 LDG.E.128.SYS 1 R2 16 1 0x7f580fb03800 16 0 
13 0 0 1 00a0 ffffffff 1 R12 LDG.E.128.SYS 1 R2 16 1 0x7f580fadb600 16 0 
40 0 0 1 00a0 ffffffff 1 R12 LDG.E.128.SYS 1 R2 16 1 0x7f580faf6600 16 0 
0 0 0 0 00a0 ffffffff 1 R12 LDG.E.128.SYS 1 R2 16 1 0x7f580face400 16 0 
40 0 0 3 00a0 ffffffff 1 R12 LDG.E.128.SYS 1 R2 16 1 0x7f580faf6a00 16 0 
11 0 0 2 00a0 ffffffff 1 R12 LDG.E.128.SYS 1 R2 16 1 0x7f580fad9800 16 0 
32 0 0 1 00f0 ffffffff 1 R0 FMUL 2 R13 R13 0 0 
38 0 0 0 00f0 ffffffff 1 R0 FMUL 2 R13 R13 0 0 
40 0 0 0 00a0 ffffffff 1 R12 LDG.E.128.SYS 1 R2 16 1 0x7f580faf6400 16 0 
31 0 0 1 0100 ffffffff 1 R12 FMUL 2 R12 R11 0 0 
22 0 0 3 00f0 ffffffff 1 R0 FMUL 2 R13 R13 0 0 
12 0 0 2 00a0 ffffffff 1 R12 LDG.E.128.SYS 1 R2 16 1 0x7f580fada800 16 0 
38 0 0 2 00f0 ffffffff 1 R0 FMUL 2 R13 R13 0 0 
52 0 0 0 00a0 ffffffff 1 R12 LDG.E.128.SYS 1 R2 16 1 0x7f580fb02400 16 0 
32 0 0 3 00f0 ffffffff 1 R0 FMUL 2 R13 R13 0 0 
40 0 0 2 00a0 ffffffff 1 R12 LDG.E.128.SYS 1 R2 16 1 0x7f580faf6800 16 0 
51 0 0 2 00a0 ffffffff 1 R12 LDG.E.128.SYS 1 R2 16 1 0x7f580fb01800 16 0 
22 0 0 0 00f0 ffffffff 1 R0 FMUL 2 R13 R13 0 0 
35 0 0 2 0110 ffffffff 1 R13 FMUL 2 R13 R0 0 0 
22 0 0 2 00f0 ffffffff 1 R0 FMUL 2 R13 R13 0 0 
28 0 0 0 0100 ffffffff 1 R12 FMUL 2 R12 R11 0 0 
51 0 0 0 00a0 ffffffff 1 R12 LDG.E.128.SYS 1 R2 16 1 0x7f580fb01400 16 0 
27 0 0 0 0110 ffffffff 1 R13 FMUL 2 R13 R0 0 0 
28 0 0 2 0100 ffffffff 1 R12 FMUL 2 R12 R11 0 0 
28 0 0 3 0100 ffffffff 1 R12 FMUL 2 R12 R11 0 0 
27 0 0 2 0110 ffffffff 1 R13 FMUL 2 R13 R0 0 0 
35 0 0 1 0110 ffffffff 1 R13 FMUL 2 R13 R0 0 0 
33 0 0 2 0110 ffffffff 1 R13 FMUL 2 R13 R0 0 0 
25 0 0 1 0100 ffffffff 1 R12 FMUL 2 R12 R11 0 0 
25 0 0 0 0100 ffffffff 1 R12 FMUL 2 R12 R11 0 0 
34 0 0 2 0100 ffffffff 1 R12 FMUL 2 R12 R11 0 0 
35 0 0 3 0100 ffffffff 1 R12 FMUL 2 R12 R11 0 0 
28 0 0 1 0100 ffffffff 1 R12 FMUL 2 R12 R11 0 0 
38 0 0 3 00f0 ffffffff 1 R0 FMUL 2 R13 R13 0 0 
33 0 0 0 0110 ffffffff 1 R13 FMUL 2 R13 R0 0 0 
33 0 0 3 0110 ffffffff 1 R13 FMUL 2 R13 R0 0 0 
22 0 0 1 00f0 ffffffff 1 R0 FMUL 2 R13 R13 0 0 
30 0 0 1 0100 ffffffff 1 R12 FMUL 2 R12 R11 0 0 
30 0 0 0 0100 ffffffff 1 R12 FMUL 2 R12 R11 0 0 
30 0 0 2 0100 ffffffff 1 R12 FMUL 2 R12 R11 0 0 
33 0 0 1 0110 ffffffff 1 R13 FMUL 2 R13 R0 0 0 
30 0 0 3 0100 ffffffff 1 R12 FMUL 2 R12 R11 0 0 
25 0 0 2 0100 ffffffff 1 R12 FMUL 2 R12 R11 0 0 
23 0 0 2 0100 ffffffff 1 R12 FMUL 2 R12 R11 0 0 
34 0 0 0 0100 ffffffff 1 R12 FMUL 2 R12 R11 0 0 
25 0 0 3 0100 ffffffff 1 R12 FMUL 2 R12 R11 0 0 
19 0 0 0 0110 ffffffff 1 R13 FMUL 2 R13 R0 0 0 
14 0 0 1 00b0 ffffffff 1 R4 LDG.E.128.SYS 1 R2 16 1 0x7f580fadce00 16 0 
27 0 0 3 0110 ffffffff 1 R13 FMUL 2 R13 R0 0 0 
24 0 0 2 0100 ffffffff 1 R12 FMUL 2 R12 R11 0 0 
15 0 0 2 0100 ffffffff 1 R12 FMUL 2 R12 R11 0 0 
10 0 0 0 00b0 ffffffff 1 R4 LDG.E.128.SYS 1 R2 16 1 0x7f580fad8c00 16 0 
16 0 0 3 0100 ffffffff 1 R12 FMUL 2 R12 R11 0 0 
36 0 0 0 0100 ffffffff 1 R12 FMUL 2 R12 R11 0 0 
24 0 0 3 0100 ffffffff 1 R12 FMUL 2 R12 R11 0 0 
14 0 0 2 00b0 ffffffff 1 R4 LDG.E.128.SYS 1 R2 16 1 0x7f580fadd000 16 0 
16 0 0 0 0100 ffffffff 1 R12 FMUL 2 R12 R11 0 0 
2 0 0 1 00b0 ffffffff 1 R4 LDG.E.128.SYS 1 R2 16 1 0x7f580fad0e00 16 0 
24 0 0 0 0100 ffffffff 1 R12 FMUL 2 R12 R11 0 0 
1 0 0 1 00b0 ffffffff 1 R4 LDG.E.128.SYS 1 R2 16 1 0x7f580facfe00 16 0 
36 0 0 1 0100 ffffffff 1 R12 FMUL 2 R12 R11 0 0 
13 0 0 1 00b0 ffffffff 1 R4 LDG.E.128.SYS 1 R2 16 1 0x7f580fadbe00 16 0 
44 0 0 1 00b0 ffffffff 1 R4 LDG.E.128.SYS 1 R2 16 1 0x7f580fafae00 16 0 
10 0 0 2 00b0 ffffffff 1 R4 LDG.E.128.SYS 1 R2 16 1 0x7f580fad9000 16 0 
12 0 0 1 00c0 ffffffff 1 R8 IMAD.WIDE.U32 2 R0 R9 0 0 
29 0 0 1 0100 ffffffff 1 R12 FMUL 2 R12 R11 0 0 
47 0 0 1 00b0 ffffffff 1 R4 LDG.E.128.SYS 1 R2 16 1 0x7f580fafde00 16 0 
40 0 0 0 00b0 ffffffff 1 R4 LDG.E.128.SYS 1 R2 16 1 0x7f580faf6c00 16 0 
51 0 0 1 00b0 ffffffff 1 R4 LDG.E.128.SYS 1 R2 16 1 0x7f580fb01e00 16 0 
2 0 0 2 00b0 ffffffff 1 R4 LDG.E.128.SYS 1 R2 16 1 0x7f580fad1000 16 0 
29 0 0 2 0100 ffffffff 1 R12 FMUL 2 R12 R11 0 0 
36 0 0 2 0100 ffffffff 1 R12 FMUL 2 R12 R11 0 0 
32 0 0 1 0100 ffffffff 1 R12 FMUL 2 R12 R11 0 0 
37 0 0 3 0100 ffffffff 1 R12 FMUL 2 R12 R11 0 0 
28 0 0 3 0110 ffffffff 1 R13 FMUL 2 R13 R0 0 0 
41 0 0 3 00b0 ffffffff 1 R4 LDG.E.128.SYS 1 R2 16 1 0x7f580faf8200 16 0 
43 0 0 0 00b0 ffffffff 1 R4 LDG.E.128.SYS 1 R2 16 1 0x7f580faf9c00 16 0 
30 0 0 3 0110 ffffffff 1 R13 FMUL 2 R13 R0 0 0 
26 0 0 1 0100 ffffffff 1 R12 FMUL 2 R12 R11 0 0 
17 0 0 2 0100 ffffffff 1 R12 FMUL 2 R12 R11 0 0 
34 0 0 3 0100 ffffffff 1 R12 FMUL 2 R12 R11 0 0 
41 0 0 2 00b0 ffffffff 1 R4 LDG.E.128.SYS 1 R2 16 1 0x7f580faf8000 16 0 
31 0 0 0 0110 ffffffff 1 R13 FMUL 2 R13 R0 0 0 
52 0 0 2 00c0 ffffffff 1 R8 IMAD.WIDE.U32 2 R0 R9 0 0 
48 0 0 2 00b0 ffffffff 1 R4 LDG.E.128.SYS 1 R2 16 1 0x7f580faff000 16 0 
51 0 0 0 00b0 ffffffff 1 R4 LDG.E.128.SYS 1 R2 16 1 0x7f580fb01c00 16 0 
48 0 0 3 00b0 ffffffff 1 R4 LDG.E.128.SYS 1 R2 16 1 0x7f580faff200 16 0 
13 0 0 0 00b0 ffffffff 1 R4 LDG.E.128.SYS 1 R2 16 1 0x7f580fadbc00 16 0 
3 0 0 2 00b0 ffffffff 1 R4 LDG.E.128.SYS 1 R2 16 1 0x7f580fad2000 16 0 
37 0 0 2 0100 ffffffff 1 R12 FMUL 2 R12 R11 0 0 
50 0 0 1 00b0 ffffffff 1 R4 LDG.E.128.SYS 1 R2 16 1 0x7f580fb00e00 16 0 
28 0 0 1 0110 ffffffff 1 R13 FMUL 2 R13 R0 0 0 
25 0 0 3 0110 ffffffff 1 R13 FMUL 2 R13 R0 0 0 
0 0 0 1 00b0 ffffffff 1 R4 LDG.E.128.SYS 1 R2 16 1 0x7f580facee00 16 0 
53 0 0 1 00b0 ffffffff 1 R4 LDG.E.128.SYS 1 R2 16 1 0x7f580fb03e00 16 0 
50 0 0 3 00b0 ffffffff 1 R4 LDG.E.128.SYS 1 R2 16 1 0x7f580fb01200 16 0 
8 0 0 3 00b0 ffffffff 1 R4 LDG.E.128.SYS 1 R2 16 1 0x7f580fad7200 16 0 
25 0 0 0 0110 ffffffff 1 R13 FMUL 2 R13 R0 0 0 
21 0 0 0 0100 ffffffff 1 R12 FMUL 2 R12 R11 0 0 
9 0 0 2 00b0 ffffffff 1 R4 LDG.E.128.SYS 1 R2 16 1 0x7f580fad8000 16 0 
44 0 0 3 00b0 ffffffff 1 R4 LDG.E.128.SYS 1 R2 16 1 0x7f580fafb200 16 0 
48 0 0 1 00b0 ffffffff 1 R4 LDG.E.128.SYS 1 R2 16 1 0x7f580fafee00 16 0 
31 0 0 1 0110 ffffffff 1 R13 FMUL 2 R13 R0 0 0 
27 0 0 1 0110 ffffffff 1 R13 FMUL 2 R13 R0 0 0 
43 0 0 3 00b0 ffffffff 1 R4 LDG.E.128.SYS 1 R2 16 1 0x7f580fafa200 16 0 
50 0 0 0 00b0 ffffffff 1 R4 LDG.E.128.SYS 1 R2 16 1 0x7f580fb00c00 16 0 
18 0 0 3 0100 ffffffff 1 R12 FMUL 2 R12 R11 0 0 
42 0 0 0 00b0 ffffffff 1 R4 LDG.E.128.SYS 1 R2 16 1 0x7f580faf8c00 16 0 
37 0 0 0 0100 ffffffff 1 R12 FMUL 2 R12 R11 0 0 
21 0 0 1 0100 ffffffff 1 R12 FMUL 2 R12 R11 0 0 
38 0 0 1 0100 ffffffff 1 R12 FMUL 2 R12 R11 0 0 
42 0 0 1 00b0 ffffffff 1 R4 LDG.E.128.SYS 1 R2 16 1 0x7f580faf8e00 16 0 
11 0 0 3 00b0 ffffffff 1 R4 LDG.E.128.SYS 1 R2 16 1 0x7f580fada200 16 0 
53 0 0 0 00b0 ffffffff 1 R4 LDG.E.128.SYS 1 R2 16 1 0x7f580fb03c00 16 0 
42 0 0 2 00b0 ffffffff 1 R4 LDG.E.128.SYS 1 R2 16 1 0x7f580faf9000 16 0 
5 0 0 3 00b0 ffffffff 1 R4 LDG.E.128.SYS 1 R2 16 1 0x7f580fad4200 16 0 
1 0 0 3 00b0 ffffffff 1 R4 LDG.E.128.SYS 1 R2 16 1 0x7f580fad0200 16 0 
39 0 0 0 0110 ffffffff 1 R13 FMUL 2 R13 R0 0 0 
38 0 0 3 0100 ffffffff 1 R12 FMUL 2 R12 R11 0 0 
13 0 0 2 00b0 ffffffff 1 R4 LDG.E.128.SYS 1 R2 16 1 0x7f580fadc000 16 0 
45 0 0 0 00b0 ffffffff 1 R4 LDG.E.128.SYS 1 R2 16 1 0x7f580fafbc00 16 0 
4 0 0 0 00b0 ffffffff 1 R4 LDG.E.128.SYS 1 R2 16 1 0x7f580fad2c00 16 0 
17 0 0 0 0100 ffffffff 1 R12 FMUL 2 R12 R11 0 0 
8 0 0 0 00b0 ffffffff 1 R4 LDG.E.128.SYS 1 R2 16 1 0x7f580fad6c00 16 0 
40 0 0 1 00b0 ffffffff 1 R4 LDG.E.128.SYS 1 R2 16 1 0x7f580faf6e00 16 0 
15 0 0 0 0100 ffffffff 1 R12 FMUL 2 R12 R11 0 0 
10 0 0 1 00b0 ffffffff 1 R4 LDG.E.128.SYS 1 R2 16 1 0x7f580fad8e00 16 0 
23 0 0 3 0100 ffffffff 1 R12 FMUL 2 R12 R11 0 0 
13 0 0 3 00b0 ffffffff 1 R4 LDG.E.128.SYS 1 R2 16 1 0x7f580fadc200 16 0 
12 0 0 0 00b0 ffffffff 1 R4 LDG.E.128.SYS 1 R2 16 1 0x7f580fadac00 16 0 
15 0 0 3 0100 ffffffff 1 R12 FMUL 2 R12 R11 0 0 
18 0 0 0 0100 ffffffff 1 R12 FMUL 2 R12 R11 0 0 
23 0 0 2 0110 ffffffff 1 R13 FMUL 2 R13 R0 0 0 
22 0 0 1 0100 ffffffff 1 R12 FMUL 2 R12 R11 0 0 
49 0 0 0 00b0 ffffffff 1 R4 LDG.E.128.SYS 1 R2 16 1 0x7f580faffc00 16 0 
31 0 0 3 0110 ffffffff 1 R13 FMUL 2 R13 R0 0 0 
54 0 0 1 00c0 ffffffff 1 R8 IMAD.WIDE.U32 2 R0 R9 0 0 
29 0 0 0 0100 ffffffff 1 R12 FMUL 2 R12 R11 0 0 
50 0 0 2 00b0 ffffffff 1 R4 LDG.E.128.SYS 1 R2 16 1 0x7f580fb01000 16 0 
28 0 0 0 0110 ffffffff 1 R13 FMUL 2 R13 R0 0 0 
3 0 0 3 00b0 ffffffff 1 R4 LDG.E.128.SYS 1 R2 16 1 0x7f580fad2200 16 0 
14 0 0 1 00c0 ffffffff 1 R8 IMAD.WIDE.U32 2 R0 R9 0 0 
23 0 0 0 0100 ffffffff 1 R12 FMUL 2 R12 R11 0 0 
35 0 0 1 0120 ffffffff 1 R17 FMUL 2 R14 R14 0 0 
15 0 0 1 0100 ffffffff 1 R12 FMUL 2 R12 R11 0 0 
23 0 0 1 0100 ffffffff 1 R12 FMUL 2 R12 R11 0 0 
2 0 0 3 00b0 ffffffff 1 R4 LDG.E.128.SYS 1 R2 16 1 0x7f580fad1200 16 0 
40 0 0 3 00b0 ffffffff 1 R4 LDG.E.128.SYS 1 R2 16 1 0x7f580faf7200 16 0 
5 0 0 0 00b0 ffffffff 1 R4 LDG.E.128.SYS 1 R2 16 1 0x7f580fad3c00 16 0 
22 0 0 0 0100 ffffffff 1 R12 FMUL 2 R12 R11 0 0 
17 0 0 1 0100 ffffffff 1 R12 FMUL 2 R12 R11 0 0 
5 0 0 2 00b0 ffffffff 1 R4 LDG.E.128.SYS 1 R2 16 1 0x7f580fad4000 16 0 
14 0 0 0 00b0 ffffffff 1 R4 LDG.E.128.SYS 1 R2 16 1 0x7f580fadcc00 16 0 
22 0 0 2 0100 ffffffff 1 R12 FMUL 2 R12 R11 0 0 
41 0 0 1 00b0 ffffffff 1 R4 LDG.E.128.SYS 1 R2 16 1 0x7f580faf7e00 16 0 
29 0 0 3 0100 ffffffff 1 R12 FMUL 2 R12 R11 0 0 
21 0 0 2 0100 ffffffff 1 R12 FMUL 2 R12 R11 0 0 
4 0 0 2 00b0 ffffffff 1 R4 LDG.E.128.SYS 1 R2 16 1 0x7f580fad3000 16 0 
1 0 0 0 00b0 ffffffff 1 R4 LDG.E.128.SYS 1 R2 16 1 0x7f580facfc00 16 0 
9 0 0 1 00b0 ffffffff 1 R4 LDG.E.128.SYS 1 R2 16 1 0x7f580fad7e00 16 0 
6 0 0 1 00b0 ffffffff 1 R4 LDG.E.128.SYS 1 R2 16 1 0x7f580fad4e00 16 0 
3 0 0 1 00b0 ffffffff 1 R4 LDG.E.128.SYS 1 R2 16 1 0x7f580fad1e00 16 0 
5 0 0 1 00b0 ffffffff 1 R4 LDG.E.128.SYS 1 R2 16 1 0x7f580fad3e00 16 0 
39 0 0 3 0110 ffffffff 1 R13 FMUL 2 R13 R0 0 0 
1 0 0 2 00b0 ffffffff 1 R4 LDG.E.128.SYS 1 R2 16 1 0x7f580fad0000 16 0 
47 0 0 3 00b0 ffffffff 1 R4 LDG.E.128.SYS 1 R2 16 1 0x7f580fafe200 16 0 
39 0 0 1 0110 ffffffff 1 R13 FMUL 2 R13 R0 0 0 
16 0 0 1 0100 ffffffff 1 R12 FMUL 2 R12 R11 0 0 
16 0 0 2 0100 ffffffff 1 R12 FMUL 2 R12 R11 0 0 
31 0 0 2 0110 ffffffff 1 R13 FMUL 2 R13 R0 0 0 
26 0 0 3 0100 ffffffff 1 R12 FMUL 2 R12 R11 0 0 
33 0 0 1 0120 ffffffff 1 R17 FMUL 2 R14 R14 0 0 
10 0 0 3 00b0 ffffffff 1 R4 LDG.E.128.SYS 1 R2 16 1 0x7f580fad9200 16 0 
20 0 0 0 0100 ffffffff 1 R12 FMUL 2 R12 R11 0 0 
9 0 0 0 00b0 ffffffff 1 R4 LDG.E.128.SYS 1 R2 16 1 0x7f580fad7c00 16 0 
19 0 0 1 0110 ffffffff 1 R13 FMUL 2 R13 R0 0 0 
46 0 0 0 00b0 ffffffff 1 R4 LDG.E.128.SYS 1 R2 16 1 0x7f580fafcc00 16 0 
33 0 0 2 0120 ffffffff 1 R17 FMUL 2 R14 R14 0 0 
20 0 0 1 0100 ffffffff 1 R12 FMUL 2 R12 R11 0 0 
19 0 0 2 0110 ffffffff 1 R13 FMUL 2 R13 R0 0 0 
53 0 0 2 00b0 ffffffff 1 R4 LDG.E.128.SYS 1 R2 16 1 0x7f580fb04000 16 0 
49 0 0 2 00b0 ffffffff 1 R4 LDG.E.128.SYS 1 R2 16 1 0x7f580fb00000 16 0 
30 0 0 0 0110 ffffffff 1 R13 FMUL 2 R13 R0 0 0 
53 0 0 3 00b0 ffffffff 1 R4 LDG.E.128.SYS 1 R2 16 1 0x7f580fb04200 16 0 
19 0 0 3 0110 ffffffff 1 R13 FMUL 2 R13 R0 0 0 
19 0 0 0 0120 ffffffff 1 R17 FMUL 2 R14 R14 0 0 
34 0 0 1 0100 ffffffff 1 R12 FMUL 2 R12 R11 0 0 
27 0 0 0 0120 ffffffff 1 R17 FMUL 2 R14 R14 0 0 
22 0 0 3 0100 ffffffff 1 R12 FMUL 2 R12 R11 0 0 
41 0 0 0 00b0 ffffffff 1 R4 LDG.E.128.SYS 1 R2 16 1 0x7f580faf7c00 16 0 
21 0 0 3 0100 ffffffff 1 R12 FMUL 2 R12 R11 0 0 
30 0 0 1 0110 ffffffff 1 R13 FMUL 2 R13 R0 0 0 
18 0 0 2 0100 ffffffff 1 R12 FMUL 2 R12 R11 0 0 
27 0 0 2 0120 ffffffff 1 R17 FMUL 2 R14 R14 0 0 
11 0 0 1 00b0 ffffffff 1 R4 LDG.E.128.SYS 1 R2 16 1 0x7f580fad9e00 16 0 
34 0 0 2 0110 ffffffff 1 R13 FMUL 2 R13 R0 0 0 
46 0 0 2 00b0 ffffffff 1 R4 LDG.E.128.SYS 1 R2 16 1 0x7f580fafd000 16 0 
45 0 0 2 00b0 ffffffff 1 R4 LDG.E.128.SYS 1 R2 16 1 0x7f580fafc000 16 0 
12 0 0 3 00b0 ffffffff 1 R4 LDG.E.128.SYS 1 R2 16 1 0x7f580fadb200 16 0 
7 0 0 2 00b0 ffffffff 1 R4 LDG.E.128.SYS 1 R2 16 1 0x7f580fad6000 16 0 
6 0 0 2 00b0 ffffffff 1 R4 LDG.E.128.SYS 1 R2 16 1 0x7f580fad5000 16 0 
8 0 0 2 00b0 ffffffff 1 R4 LDG.E.128.SYS 1 R2 16 1 0x7f580fad7000 16 0 
51 0 0 2 00b0 ffffffff 1 R4 LDG.E.128.SYS 1 R2 16 1 0x7f580fb02000 16 0 
44 0 0 0 00b0 ffffffff 1 R4 LDG.E.128.SYS 1 R2 16 1 0x7f580fafac00 16 0 
46 0 0 3 00b0 ffffffff 1 R4 LDG.E.128.SYS 1 R2 16 1 0x7f580fafd200 16 0 
47 0 0 2 00b0 ffffffff 1 R4 LDG.E.128.SYS 1 R2 16 1 0x7f580fafe000 16 0 
34 0 0 0 0110 ffffffff 1 R13 FMUL 2 R13 R0 0 0 
7 0 0 0 00b0 ffffffff 1 R4 LDG.E.128.SYS 1 R2 16 1 0x7f580fad5c00 16 0 
43 0 0 1 00b0 ffffffff 1 R4 LDG.E.128.SYS 1 R2 16 1 0x7f580faf9e00 16 0 
48 0 0 0 00b0 ffffffff 1 R4 LDG.E.128.SYS 1 R2 16 1 0x7f580fafec00 16 0 
32 0 0 3 0100 ffffffff 1 R12 FMUL 2 R12 R11 0 0 
42 0 0 3 00b0 ffffffff 1 R4 LDG.E.128.SYS 1 R2 16 1 0x7f580faf9200 16 0 
26 0 0 2 0100 ffffffff 1 R12 FMUL 2 R12 R11 0 0 
43 0 0 2 00b0 ffffffff 1 R4 LDG.E.128.SYS 1 R2 16 1 0x7f580fafa000 16 0 
54 0 0 2 00b0 ffffffff 1 R4 LDG.E.128.SYS 1 R2 16 1 0x7f580fb05000 16 0 
44 0 0 2 00b0 ffffffff 1 R4 LDG.E.128.SYS 1 R2 16 1 0x7f580fafb000 16 0 
45 0 0 1 00b0 ffffffff 1 R4 LDG.E.128.SYS 1 R2 16 1 0x7f580fafbe00 16 0 
9 0 0 3 00b0 ffffffff 1 R4 LDG.E.128.SYS 1 R2 16 1 0x7f580fad8200 16 0 
30 0 0 2 0110 ffffffff 1 R13 FMUL 2 R13 R0 0 0 
7 0 0 1 00b0 ffffffff 1 R4 LDG.E.128.SYS 1 R2 16 1 0x7f580fad5e00 16 0 
6 0 0 3 00b0 ffffffff 1 R4 LDG.E.128.SYS 1 R2 16 1 0x7f580fad5200 16 0 
24 0 0 2 0110 ffffffff 1 R13 FMUL 2 R13 R0 0 0 
39 0 0 2 0110 ffffffff 1 R13 FMUL 2 R13 R0 0 0 
54 0 0 3 00d0 ffffffff 1 R8 IMAD.WIDE 2 R11 R8 0 16 
24 0 0 1 0100 ffffffff 1 R12 FMUL 2 R12 R11 0 0 
51 0 0 3 00c0 ffffffff 1 R8 IMAD.WIDE.U32 2 R0 R9 0 0 
33 0 0 3 0120 ffffffff 1 R17 FMUL 2 R14 R14 0 0 
35 0 0 0 0120 ffffffff 1 R17 FMUL 2 R14 R14 0 0 
12 0 0 2 00b0 ffffffff 1 R4 LDG.E.128.SYS 1 R2 16 1 0x7f580fadb000 16 0 
25 0 0 1 0110 ffffffff 1 R13 FMUL 2 R13 R0 0 0 
6 0 0 0 00b0 ffffffff 1 R4 LDG.E.128.SYS 1 R2 16 1 0x7f580fad4c00 16 0 
4 0 0 1 00b0 ffffffff 1 R4 LDG.E.128.SYS 1 R2 16 1 0x7f580fad2e00 16 0 
37 0 0 1 0100 ffffffff 1 R12 FMUL 2 R12 R11 0 0 
14 0 0 3 00b0 ffffffff 1 R4 LDG.E.128.SYS 1 R2 16 1 0x7f580fadd200 16 0 
35 0 0 2 0120 ffffffff 1 R17 FMUL 2 R14 R14 0 0 
0 0 0 2 00b0 ffffffff 1 R4 LDG.E.128.SYS 1 R2 16 1 0x7f580facf000 16 0 
36 0 0 3 0100 ffffffff 1 R12 FMUL 2 R12 R11 0 0 
25 0 0 2 0110 ffffffff 1 R13 FMUL 2 R13 R0 0 0 
33 0 0 0 0120 ffffffff 1 R17 FMUL 2 R14 R14 0 0 
2 0 0 0 00b0 ffffffff 1 R4 LDG.E.128.SYS 1 R2 16 1 0x7f580fad0c00 16 0 
49 0 0 3 00b0 ffffffff 1 R4 LDG.E.128.SYS 1 R2 16 1 0x7f580fb00200 16 0 
17 0 0 3 0100 ffffffff 1 R12 FMUL 2 R12 R11 0 0 
54 0 0 0 00b0 ffffffff 1 R4 LDG.E.128.SYS 1 R2 16 1 0x7f580fb04c00 16 0 
49 0 0 1 00b0 ffffffff 1 R4 LDG.E.128.SYS 1 R2 16 1 0x7f580faffe00 16 0 
4 0 0 3 00b0 ffffffff 1 R4 LDG.E.128.SYS 1 R2 16 1 0x7f580fad3200 16 0 
27 0 0 3 0120 ffffffff 1 R17 FMUL 2 R14 R14 0 0 
28 0 0 2 0110 ffffffff 1 R13 FMUL 2 R13 R0 0 0 
3 0 0 0 00b0 ffffffff 1 R4 LDG.E.128.SYS 1 R2 16 1 0x7f580fad1c00 16 0 
40 0 0 2 00b0 ffffffff 1 R4 LDG.E.128.SYS 1 R2 16 1 0x7f580faf7000 16 0 
7 0 0 3 00b0 ffffffff 1 R4 LDG.E.128.SYS 1 R2 16 1 0x7f580fad6200 16 0 
26 0 0 0 0100 ffffffff 1 R12 FMUL 2 R12 R11 0 0 
45 0 0 3 00b0 ffffffff 1 R4 LDG.E.128.SYS 1 R2 16 1 0x7f580fafc200 16 0 
35 0 0 3 0110 ffffffff 1 R13 FMUL 2 R13 R0 0 0 
47 0 0 0 00b0 ffffffff 1 R4 LDG.E.128.SYS 1 R2 16 1 0x7f580fafdc00 16 0 
8 0 0 1 00b0 ffffffff 1 R4 LDG.E.128.SYS 1 R2 16 1 0x7f580fad6e00 16 0 
52 0 0 3 00b0 ffffffff 1 R4 LDG.E.128.SYS 1 R2 16 1 0x7f580fb03200 16 0 
38 0 0 2 0100 ffffffff 1 R12 FMUL 2 R12 R11 0 0 
11 0 0 2 00b0 ffffffff 1 R4 LDG.E.128.SYS 1 R2 16 1 0x7f580fada000 16 0 
18 0 0 1 0100 ffffffff 1 R12 FMUL 2 R12 R11 0 0 
11 0 0 0 00b0 ffffffff 1 R4 LDG.E.128.SYS 1 R2 16 1 0x7f580fad9c00 16 0 
52 0 0 0 00b0 ffffffff 1 R4 LDG.E.128.SYS 1 R2 16 1 0x7f580fb02c00 16 0 
38 0 0 0 0100 ffffffff 1 R12 FMUL 2 R12 R11 0 0 
32 0 0 2 0100 ffffffff 1 R12 FMUL 2 R12 R11 0 0 
52 0 0 1 00b0 ffffffff 1 R4 LDG.E.128.SYS 1 R2 16 1 0x7f580fb02e00 16 0 
32 0 0 0 0100 ffffffff 1 R12 FMUL 2 R12 R11 0 0 
0 0 0 3 00b0 ffffffff 1 R4 LDG.E.128.SYS 1 R2 16 1 0x7f580facf200 16 0 
20 0 0 2 0100 ffffffff 1 R12 FMUL 2 R12 R11 0 0 
20 0 0 3 0100 ffffffff 1 R12 FMUL 2 R12 R11 0 0 
46 0 0 1 00b0 ffffffff 1 R4 LDG.E.128.SYS 1 R2 16 1 0x7f580fafce00 16 0 
0 0 0 0 00b0 ffffffff 1 R4 LDG.E.128.SYS 1 R2 16 1 0x7f580facec00 16 0 
24 0 0 2 0120 ffffffff 1 R17 FMUL 2 R14 R14 0 0 
36 0 0 1 0110 ffffffff 1 R13 FMUL 2 R13 R0 0 0 
38 0 0 3 0110 ffffffff 1 R13 FMUL 2 R13 R0 0 0 
35 0 0 0 0130 ffffffff 1 R10 FMUL 2 R15 R15 0 0 
34 0 0 0 0120 ffffffff 1 R17 FMUL 2 R14 R14 0 0 
36 0 0 2 0110 ffffffff 1 R13 FMUL 2 R13 R0 0 0 
25 0 0 1 0120 ffffffff 1 R17 FMUL 2 R14 R14 0 0 
29 0 0 2 0110 ffffffff 1 R13 FMUL 2 R13 R0 0 0 
17 0 0 3 0110 ffffffff 1 R13 FMUL 2 R13 R0 0 0 
23 0 0 2 0120 ffffffff 1 R17 FMUL 2 R14 R14 0 0 
18 0 0 0 0110 ffffffff 1 R13 FMUL 2 R13 R0 0 0 
19 0 0 0 0130 ffffffff 1 R10 FMUL 2 R15 R15 0 0 
39 0 0 0 0120 ffffffff 1 R17 FMUL 2 R14 R14 0 0 
25 0 0 2 0120 ffffffff 1 R17 FMUL 2 R14 R14 0 0 
29 0 0 3 0110 ffffffff 1 R13 FMUL 2 R13 R0 0 0 
17 0 0 2 0110 ffffffff 1 R13 FMUL 2 R13 R0 0 0 
35 0 0 3 0120 ffffffff 1 R17 FMUL 2 R14 R14 0 0 
23 0 0 1 0110 ffffffff 1 R13 FMUL 2 R13 R0 0 0 
18 0 0 3 0110 ffffffff 1 R13 FMUL 2 R13 R0 0 0 
30 0 0 2 0120 ffffffff 1 R17 FMUL 2 R14 R14 0 0 
22 0 0 1 0110 ffffffff 1 R13 FMUL 2 R13 R0 0 0 
26 0 0 0 0110 ffffffff 1 R13 FMUL 2 R13 R0 0 0 
33 0 0 3 0130 ffffffff 1 R10 FMUL 2 R15 R15 0 0 
27 0 0 0 0130 ffffffff 1 R10 FMUL 2 R15 R15 0 0 
27 0 0 3 0130 ffffffff 1 R10 FMUL 2 R15 R15 0 0 
28 0 0 2 0120 ffffffff 1 R17 FMUL 2 R14 R14 0 0 
37 0 0 0 0110 ffffffff 1 R13 FMUL 2 R13 R0 0 0 
17 0 0 1 0110 ffffffff 1 R13 FMUL 2 R13 R0 0 0 
39 0 0 3 0120 ffffffff 1 R17 FMUL 2 R14 R14 0 0 
31 0 0 1 0120 ffffffff 1 R17 FMUL 2 R14 R14 0 0 
31 0 0 0 0120 ffffffff 1 R17 FMUL 2 R14 R14 0 0 
31 0 0 2 0120 ffffffff 1 R17 FMUL 2 R14 R14 0 0 
15 0 0 0 0110 ffffffff 1 R13 FMUL 2 R13 R0 0 0 
15 0 0 1 0110 ffffffff 1 R13 FMUL 2 R13 R0 0 0 
15 0 0 3 0110 ffffffff 1 R13 FMUL 2 R13 R0 0 0 
16 0 0 1 0110 ffffffff 1 R13 FMUL 2 R13 R0 0 0 
20 0 0 2 0110 ffffffff 1 R13 FMUL 2 R13 R0 0 0 
32 0 0 0 0110 ffffffff 1 R13 FMUL 2 R13 R0 0 0 
25 0 0 0 0120 ffffffff 1 R17 FMUL 2 R14 R14 0 0 
33 0 0 1 0130 ffffffff 1 R10 FMUL 2 R15 R15 0 0 
30 0 0 1 0120 ffffffff 1 R17 FMUL 2 R14 R14 0 0 
37 0 0 2 0110 ffffffff 1 R13 FMUL 2 R13 R0 0 0 
28 0 0 0 0120 ffffffff 1 R17 FMUL 2 R14 R14 0 0 
30 0 0 0 0120 ffffffff 1 R17 FMUL 2 R14 R14 0 0 
33 0 0 0 0130 ffffffff 1 R10 FMUL 2 R15 R15 0 0 
37 0 0 1 0110 ffffffff 1 R13 FMUL 2 R13 R0 0 0 
33 0 0 2 0130 ffffffff 1 R10 FMUL 2 R15 R15 0 0 
39 0 0 2 0120 ffffffff 1 R17 FMUL 2 R14 R14 0 0 
27 0 0 2 0130 ffffffff 1 R10 FMUL 2 R15 R15 0 0 
39 0 0 1 0120 ffffffff 1 R17 FMUL 2 R14 R14 0 0 
28 0 0 1 0120 ffffffff 1 R17 FMUL 2 R14 R14 0 0 
22 0 0 2 0110 ffffffff 1 R13 FMUL 2 R13 R0 0 0 
31 0 0 3 0120 ffffffff 1 R17 FMUL 2 R14 R14 0 0 
25 0 0 3 0120 ffffffff 1 R17 FMUL 2 R14 R14 0 0 
37 0 0 3 0110 ffffffff 1 R13 FMUL 2 R13 R0 0 0 
17 0 0 0 0110 ffffffff 1 R13 FMUL 2 R13 R0 0 0 
26 0 0 2 0110 ffffffff 1 R13 FMUL 2 R13 R0 0 0 
20 0 0 3 0110 ffffffff 1 R13 FMUL 2 R13 R0 0 0 
38 0 0 2 0110 ffffffff 1 R13 FMUL 2 R13 R0 0 0 
18 0 0 1 0110 ffffffff 1 R13 FMUL 2 R13 R0 0 0 
15 0 0 2 0110 ffffffff 1 R13 FMUL 2 R13 R0 0 0 
36 0 0 0 0110 ffffffff 1 R13 FMUL 2 R13 R0 0 0 
19 0 0 1 0120 ffffffff 1 R17 FMUL 2 R14 R14 0 0 
23 0 0 3 0110 ffffffff 1 R13 FMUL 2 R13 R0 0 0 
19 0 0 2 0120 ffffffff 1 R17 FMUL 2 R14 R14 0 0 
21 0 0 2 0110 ffffffff 1 R13 FMUL 2 R13 R0 0 0 
21 0 0 3 0110 ffffffff 1 R13 FMUL 2 R13 R0 0 0 
21 0 0 0 0110 ffffffff 1 R13 FMUL 2 R13 R0 0 0 
24 0 0 3 0110 ffffffff 1 R13 FMUL 2 R13 R0 0 0 
16 0 0 2 0110 ffffffff 1 R13 FMUL 2 R13 R0 0 0 
29 0 0 0 0110 ffffffff 1 R13 FMUL 2 R13 R0 0 0 
35 0 0 2 0130 ffffffff 1 R10 FMUL 2 R15 R15 0 0 
22 0 0 3 0110 ffffffff 1 R13 FMUL 2 R13 R0 0 0 
35 0 0 1 0130 ffffffff 1 R10 FMUL 2 R15 R15 0 0 
32 0 0 1 0110 ffffffff 1 R13 FMUL 2 R13 R0 0 0 
20 0 0 0 0110 ffffffff 1 R13 FMUL 2 R13 R0 0 0 
16 0 0 0 0110 ffffffff 1 R13 FMUL 2 R13 R0 0 0 
23 0 0 0 0110 ffffffff 1 R13 FMUL 2 R13 R0 0 0 
26 0 0 3 0110 ffffffff 1 R13 FMUL 2 R13 R0 0 0 
36 0 0 3 0110 ffffffff 1 R13 FMUL 2 R13 R0 0 0 
19 0 0 3 0120 ffffffff 1 R17 FMUL 2 R14 R14 0 0 
30 0 0 3 0120 ffffffff 1 R17 FMUL 2 R14 R14 0 0 
32 0 0 3 0110 ffffffff 1 R13 FMUL 2 R13 R0 0 0 
24 0 0 0 0110 ffffffff 1 R13 FMUL 2 R13 R0 0 0 
38 0 0 0 0110 ffffffff 1 R13 FMUL 2 R13 R0 0 0 
18 0 0 2 0110 ffffffff 1 R13 FMUL 2 R13 R0 0 0 
24 0 0 1 0110 ffffffff 1 R13 FMUL 2 R13 R0 0 0 
34 0 0 2 0120 ffffffff 1 R17 FMUL 2 R14 R14 0 0 
29 0 0 1 0110 ffffffff 1 R13 FMUL 2 R13 R0 0 0 
34 0 0 3 0110 ffffffff 1 R13 FMUL 2 R13 R0 0 0 
20 0 0 1 0110 ffffffff 1 R13 FMUL 2 R13 R0 0 0 
34 0 0 1 0110 ffffffff 1 R13 FMUL 2 R13 R0 0 0 
38 0 0 1 0110 ffffffff 1 R13 FMUL 2 R13 R0 0 0 
22 0 0 0 0110 ffffffff 1 R13 FMUL 2 R13 R0 0 0 
21 0 0 1 0110 ffffffff 1 R13 FMUL 2 R13 R0 0 0 
32 0 0 2 0110 ffffffff 1 R13 FMUL 2 R13 R0 0 0 
27 0 0 1 0120 ffffffff 1 R17 FMUL 2 R14 R14 0 0 
28 0 0 3 0120 ffffffff 1 R17 FMUL 2 R14 R14 0 0 
26 0 0 1 0110 ffffffff 1 R13 FMUL 2 R13 R0 0 0 
3 0 0 1 00c0 ffffffff 1 R8 IMAD.WIDE.U32 2 R0 R9 0 0 
16 0 0 3 0110 ffffffff 1 R13 FMUL 2 R13 R0 0 0 
51 0 0 3 00d0 ffffffff 1 R8 IMAD.WIDE 2 R11 R8 0 16 
43 0 0 2 00c0 ffffffff 1 R8 IMAD.WIDE.U32 2 R0 R9 0 0 
53 0 0 2 00c0 ffffffff 1 R8 IMAD.WIDE.U32 2 R0 R9 0 0 
13 0 0 0 00c0 ffffffff 1 R8 IMAD.WIDE.U32 2 R0 R9 0 0 
3 0 0 3 00c0 ffffffff 1 R8 IMAD.WIDE.U32 2 R0 R9 0 0 
6 0 0 2 00c0 ffffffff 1 R8 IMAD.WIDE.U32 2 R0 R9 0 0 
0 0 0 1 00c0 ffffffff 1 R8 IMAD.WIDE.U32 2 R0 R9 0 0 
40 0 0 1 00c0 ffffffff 1 R8 IMAD.WIDE.U32 2 R0 R9 0 0 
42 0 0 0 00c0 ffffffff 1 R8 IMAD.WIDE.U32 2 R0 R9 0 0 
40 0 0 3 00c0 ffffffff 1 R8 IMAD.WIDE.U32 2 R0 R9 0 0 
2 0 0 2 00c0 ffffffff 1 R8 IMAD.WIDE.U32 2 R0 R9 0 0 
11 0 0 3 00c0 ffffffff 1 R8 IMAD.WIDE.U32 2 R0 R9 0 0 
2 0 0 3 00c0 ffffffff 1 R8 IMAD.WIDE.U32 2 R0 R9 0 0 
43 0 0 1 00c0 ffffffff 1 R8 IMAD.WIDE.U32 2 R0 R9 0 0 
43 0 0 0 00c0 ffffffff 1 R8 IMAD.WIDE.U32 2 R0 R9 0 0 
3 0 0 0 00c0 ffffffff 1 R8 IMAD.WIDE.U32 2 R0 R9 0 0 
54 0 0 3 00e0 ffffffff 1 R11 FMUL 2 R12 R12 0 0 
40 0 0 2 00c0 ffffffff 1 R8 IMAD.WIDE.U32 2 R0 R9 0 0 
14 0 0 1 00d0 ffffffff 1 R8 IMAD.WIDE 2 R11 R8 0 16 
13 0 0 3 00c0 ffffffff 1 R8 IMAD.WIDE.U32 2 R0 R9 0 0 
53 0 0 3 00c0 ffffffff 1 R8 IMAD.WIDE.U32 2 R0 R9 0 0 
46 0 0 0 00c0 ffffffff 1 R8 IMAD.WIDE.U32 2 R0 R9 0 0 
46 0 0 1 00c0 ffffffff 1 R8 IMAD.WIDE.U32 2 R0 R9 0 0 
14 0 0 0 00c0 ffffffff 1 R8 IMAD.WIDE.U32 2 R0 R9 0 0 
53 0 0 1 00c0 ffffffff 1 R8 IMAD.WIDE.U32 2 R0 R9 0 0 
53 0 0 0 00c0 ffffffff 1 R8 IMAD.WIDE.U32 2 R0 R9 0 0 
12 0 0 0 00c0 ffffffff 1 R8 IMAD.WIDE.U32 2 R0 R9 0 0 
54 0 0 1 00d0 ffffffff 1 R8 IMAD.WIDE 2 R11 R8 0 16 
13 0 0 2 00c0 ffffffff 1 R8 IMAD.WIDE.U32 2 R0 R9 0 0 
13 0 0 1 00c0 ffffffff 1 R8 IMAD.WIDE.U32 2 R0 R9 0 0 
2 0 0 1 00c0 ffffffff 1 R8 IMAD.WIDE.U32 2 R0 R9 0 0 
7 0 0 0 00c0 ffffffff 1 R8 IMAD.WIDE.U32 2 R0 R9 0 0 
44 0 0 1 00c0 ffffffff 1 R8 IMAD.WIDE.U32 2 R0 R9 0 0 
0 0 0 0 00c0 ffffffff 1 R8 IMAD.WIDE.U32 2 R0 R9 0 0 
4 0 0 2 00c0 ffffffff 1 R8 IMAD.WIDE.U32 2 R0 R9 0 0 
5 0 0 0 00c0 ffffffff 1 R8 IMAD.WIDE.U32 2 R0 R9 0 0 
11 0 0 1 00c0 ffffffff 1 R8 IMAD.WIDE.U32 2 R0 R9 0 0 
8 0 0 1 00c0 ffffffff 1 R8 IMAD.WIDE.U32 2 R0 R9 0 0 
50 0 0 2 00c0 ffffffff 1 R8 IMAD.WIDE.U32 2 R0 R9 0 0 
47 0 0 0 00c0 ffffffff 1 R8 IMAD.WIDE.U32 2 R0 R9 0 0 
0 0 0 2 00c0 ffffffff 1 R8 IMAD.WIDE.U32 2 R0 R9 0 0 
52 0 0 1 00c0 ffffffff 1 R8 IMAD.WIDE.U32 2 R0 R9 0 0 
43 0 0 3 00c0 ffffffff 1 R8 IMAD.WIDE.U32 2 R0 R9 0 0 
40 0 0 0 00c0 ffffffff 1 R8 IMAD.WIDE.U32 2 R0 R9 0 0 
0 0 0 3 00c0 ffffffff 1 R8 IMAD.WIDE.U32 2 R0 R9 0 0 
47 0 0 1 00c0 ffffffff 1 R8 IMAD.WIDE.U32 2 R0 R9 0 0 
51 0 0 1 00c0 ffffffff 1 R8 IMAD.WIDE.U32 2 R0 R9 0 0 
1 0 0 3 00c0 ffffffff 1 R8 IMAD.WIDE.U32 2 R0 R9 0 0 
51 0 0 2 00c0 ffffffff 1 R8 IMAD.WIDE.U32 2 R0 R9 0 0 
54 0 0 0 00c0 ffffffff 1 R8 IMAD.WIDE.U32 2 R0 R9 0 0 
14 0 0 3 00c0 ffffffff 1 R8 IMAD.WIDE.U32 2 R0 R9 0 0 
45 0 0 1 00c0 ffffffff 1 R8 IMAD.WIDE.U32 2 R0 R9 0 0 
42 0 0 2 00c0 ffffffff 1 R8 IMAD.WIDE.U32 2 R0 R9 0 0 
49 0 0 0 00c0 ffffffff 1 R8 IMAD.WIDE.U32 2 R0 R9 0 0 
4 0 0 1 00c0 ffffffff 1 R8 IMAD.WIDE.U32 2 R0 R9 0 0 
5 0 0 1 00c0 ffffffff 1 R8 IMAD.WIDE.U32 2 R0 R9 0 0 
44 0 0 3 00c0 ffffffff 1 R8 IMAD.WIDE.U32 2 R0 R9 0 0 
45 0 0 2 00c0 ffffffff 1 R8 IMAD.WIDE.U32 2 R0 R9 0 0 
44 0 0 2 00c0 ffffffff 1 R8 IMAD.WIDE.U32 2 R0 R9 0 0 
7 0 0 3 00c0 ffffffff 1 R8 IMAD.WIDE.U32 2 R0 R9 0 0 
5 0 0 3 00c0 ffffffff 1 R8 IMAD.WIDE.U32 2 R0 R9 0 0 
8 0 0 3 00c0 ffffffff 1 R8 IMAD.WIDE.U32 2 R0 R9 0 0 
4 0 0 0 00c0 ffffffff 1 R8 IMAD.WIDE.U32 2 R0 R9 0 0 
42 0 0 3 00c0 ffffffff 1 R8 IMAD.WIDE.U32 2 R0 R9 0 0 
48 0 0 0 00c0 ffffffff 1 R8 IMAD.WIDE.U32 2 R0 R9 0 0 
44 0 0 0 00c0 ffffffff 1 R8 IMAD.WIDE.U32 2 R0 R9 0 0 
2 0 0 0 00c0 ffffffff 1 R8 IMAD.WIDE.U32 2 R0 R9 0 0 
12 0 0 1 00d0 ffffffff 1 R8 IMAD.WIDE 2 R11 R8 0 16 
45 0 0 0 00c0 ffffffff 1 R8 IMAD.WIDE.U32 2 R0 R9 0 0 
6 0 0 1 00c0 ffffffff 1 R8 IMAD.WIDE.U32 2 R0 R9 0 0 
8 0 0 0 00c0 ffffffff 1 R8 IMAD.WIDE.U32 2 R0 R9 0 0 
6 0 0 3 00c0 ffffffff 1 R8 IMAD.WIDE.U32 2 R0 R9 0 0 
6 0 0 0 00c0 ffffffff 1 R8 IMAD.WIDE.U32 2 R0 R9 0 0 
46 0 0 2 00c0 ffffffff 1 R8 IMAD.WIDE.U32 2 R0 R9 0 0 
7 0 0 1 00c0 ffffffff 1 R8 IMAD.WIDE.U32 2 R0 R9 0 0 
50 0 0 1 00c0 ffffffff 1 R8 IMAD.WIDE.U32 2 R0 R9 0 0 
10 0 0 1 00c0 ffffffff 1 R8 IMAD.WIDE.U32 2 R0 R9 0 0 
11 0 0 0 00c0 ffffffff 1 R8 IMAD.WIDE.U32 2 R0 R9 0 0 
54 0 0 2 00c0 ffffffff 1 R8 IMAD.WIDE.U32 2 R0 R9 0 0 
41 0 0 0 00c0 ffffffff 1 R8 IMAD.WIDE.U32 2 R0 R9 0 0 
52 0 0 2 00d0 ffffffff 1 R8 IMAD.WIDE 2 R11 R8 0 16 
1 0 0 2 00c0 ffffffff 1 R8 IMAD.WIDE.U32 2 R0 R9 0 0 
1 0 0 0 00c0 ffffffff 1 R8 IMAD.WIDE.U32 2 R0 R9 0 0 
7 0 0 2 00c0 ffffffff 1 R8 IMAD.WIDE.U32 2 R0 R9 0 0 
42 0 0 1 00c0 ffffffff 1 R8 IMAD.WIDE.U32 2 R0 R9 0 0 
48 0 0 3 00c0 ffffffff 1 R8 IMAD.WIDE.U32 2 R0 R9 0 0 
14 0 0 2 00c0 ffffffff 1 R8 IMAD.WIDE.U32 2 R0 R9 0 0 
46 0 0 3 00c0 ffffffff 1 R8 IMAD.WIDE.U32 2 R0 R9 0 0 
47 0 0 3 00c0 ffffffff 1 R8 IMAD.WIDE.U32 2 R0 R9 0 0 
8 0 0 2 00c0 ffffffff 1 R8 IMAD.WIDE.U32 2 R0 R9 0 0 
10 0 0 3 00c0 ffffffff 1 R8 IMAD.WIDE.U32 2 R0 R9 0 0 
51 0 0 0 00c0 ffffffff 1 R8 IMAD.WIDE.U32 2 R0 R9 0 0 
48 0 0 1 00c0 ffffffff 1 R8 IMAD.WIDE.U32 2 R0 R9 0 0 
48 0 0 2 00c0 ffffffff 1 R8 IMAD.WIDE.U32 2 R0 R9 0 0 
11 0 0 2 00c0 ffffffff 1 R8 IMAD.WIDE.U32 2 R0 R9 0 0 
9 0 0 0 00c0 ffffffff 1 R8 IMAD.WIDE.U32 2 R0 R9 0 0 
9 0 0 3 00c0 ffffffff 1 R8 IMAD.WIDE.U32 2 R0 R9 0 0 
49 0 0 2 00c0 ffffffff 1 R8 IMAD.WIDE.U32 2 R0 R9 0 0 
10 0 0 0 00c0 ffffffff 1 R8 IMAD.WIDE.U32 2 R0 R9 0 0 
5 0 0 2 00c0 ffffffff 1 R8 IMAD.WIDE.U32 2 R0 R9 0 0 
4 0 0 3 00c0 ffffffff 1 R8 IMAD.WIDE.U32 2 R0 R9 0 0 
10 0 0 2 00c0 ffffffff 1 R8 IMAD.WIDE.U32 2 R0 R9 0 0 
47 0 0 2 00c0 ffffffff 1 R8 IMAD.WIDE.U32 2 R0 R9 0 0 
3 0 0 2 00c0 ffffffff 1 R8 IMAD.WIDE.U32 2 R0 R9 0 0 
52 0 0 0 00c0 ffffffff 1 R8 IMAD.WIDE.U32 2 R0 R9 0 0 
12 0 0 3 00c0 ffffffff 1 R8 IMAD.WIDE.U32 2 R0 R9 0 0 
52 0 0 3 00c0 ffffffff 1 R8 IMAD.WIDE.U32 2 R0 R9 0 0 
12 0 0 2 00c0 ffffffff 1 R8 IMAD.WIDE.U32 2 R0 R9 0 0 
50 0 0 3 00c0 ffffffff 1 R8 IMAD.WIDE.U32 2 R0 R9 0 0 
45 0 0 3 00c0 ffffffff 1 R8 IMAD.WIDE.U32 2 R0 R9 0 0 
49 0 0 3 00c0 ffffffff 1 R8 IMAD.WIDE.U32 2 R0 R9 0 0 
50 0 0 0 00c0 ffffffff 1 R8 IMAD.WIDE.U32 2 R0 R9 0 0 
1 0 0 1 00c0 ffffffff 1 R8 IMAD.WIDE.U32 2 R0 R9 0 0 
41 0 0 1 00c0 ffffffff 1 R8 IMAD.WIDE.U32 2 R0 R9 0 0 
41 0 0 2 00c0 ffffffff 1 R8 IMAD.WIDE.U32 2 R0 R9 0 0 
41 0 0 3 00c0 ffffffff 1 R8 IMAD.WIDE.U32 2 R0 R9 0 0 
49 0 0 1 00c0 ffffffff 1 R8 IMAD.WIDE.U32 2 R0 R9 0 0 
9 0 0 1 00c0 ffffffff 1 R8 IMAD.WIDE.U32 2 R0 R9 0 0 
9 0 0 2 00c0 ffffffff 1 R8 IMAD.WIDE.U32 2 R0 R9 0 0 
27 0 0 0 0140 ffffffff 1 R3 FMUL 2 R4 R4 0 0 
27 0 0 2 0140 ffffffff 1 R3 FMUL 2 R4 R4 0 0 
24 0 0 2 0130 ffffffff 1 R10 FMUL 2 R15 R15 0 0 
35 0 0 0 0140 ffffffff 1 R3 FMUL 2 R4 R4 0 0 
27 0 0 1 0130 ffffffff 1 R10 FMUL 2 R15 R15 0 0 
39 0 0 2 0130 ffffffff 1 R10 FMUL 2 R15 R15 0 0 
27 0 0 3 0140 ffffffff 1 R3 FMUL 2 R4 R4 0 0 
34 0 0 0 0130 ffffffff 1 R10 FMUL 2 R15 R15 0 0 
18 0 0 1 0120 ffffffff 1 R17 FMUL 2 R14 R14 0 0 
36 0 0 0 0120 ffffffff 1 R17 FMUL 2 R14 R14 0 0 
36 0 0 3 0120 ffffffff 1 R17 FMUL 2 R14 R14 0 0 
23 0 0 3 0120 ffffffff 1 R17 FMUL 2 R14 R14 0 0 
23 0 0 0 0120 ffffffff 1 R17 FMUL 2 R14 R14 0 0 
25 0 0 3 0130 ffffffff 1 R10 FMUL 2 R15 R15 0 0 
29 0 0 0 0120 ffffffff 1 R17 FMUL 2 R14 R14 0 0 
28 0 0 0 0130 ffffffff 1 R10 FMUL 2 R15 R15 0 0 
30 0 0 0 0130 ffffffff 1 R10 FMUL 2 R15 R15 0 0 
29 0 0 1 0120 ffffffff 1 R17 FMUL 2 R14 R14 0 0 
30 0 0 3 0130 ffffffff 1 R10 FMUL 2 R15 R15 0 0 
31 0 0 3 0130 ffffffff 1 R10 FMUL 2 R15 R15 0 0 
31 0 0 0 0130 ffffffff 1 R10 FMUL 2 R15 R15 0 0 
31 0 0 2 0130 ffffffff 1 R10 FMUL 2 R15 R15 0 0 
39 0 0 3 0130 ffffffff 1 R10 FMUL 2 R15 R15 0 0 
30 0 0 1 0130 ffffffff 1 R10 FMUL 2 R15 R15 0 0 
18 0 0 0 0120 ffffffff 1 R17 FMUL 2 R14 R14 0 0 
36 0 0 2 0120 ffffffff 1 R17 FMUL 2 R14 R14 0 0 
19 0 0 0 0140 ffffffff 1 R3 FMUL 2 R4 R4 0 0 
30 0 0 2 0130 ffffffff 1 R10 FMUL 2 R15 R15 0 0 
35 0 0 1 0140 ffffffff 1 R3 FMUL 2 R4 R4 0 0 
25 0 0 1 0130 ffffffff 1 R10 FMUL 2 R15 R15 0 0 
20 0 0 0 0120 ffffffff 1 R17 FMUL 2 R14 R14 0 0 
15 0 0 2 0120 ffffffff 1 R17 FMUL 2 R14 R14 0 0 
25 0 0 0 0130 ffffffff 1 R10 FMUL 2 R15 R15 0 0 
37 0 0 3 0120 ffffffff 1 R17 FMUL 2 R14 R14 0 0 
35 0 0 2 0140 ffffffff 1 R3 FMUL 2 R4 R4 0 0 
20 0 0 3 0120 ffffffff 1 R17 FMUL 2 R14 R14 0 0 
17 0 0 2 0120 ffffffff 1 R17 FMUL 2 R14 R14 0 0 
39 0 0 1 0130 ffffffff 1 R10 FMUL 2 R15 R15 0 0 
17 0 0 1 0120 ffffffff 1 R17 FMUL 2 R14 R14 0 0 
17 0 0 3 0120 ffffffff 1 R17 FMUL 2 R14 R14 0 0 
17 0 0 0 0120 ffffffff 1 R17 FMUL 2 R14 R14 0 0 
20 0 0 2 0120 ffffffff 1 R17 FMUL 2 R14 R14 0 0 
36 0 0 1 0120 ffffffff 1 R17 FMUL 2 R14 R14 0 0 
19 0 0 3 0130 ffffffff 1 R10 FMUL 2 R15 R15 0 0 
22 0 0 0 0120 ffffffff 1 R17 FMUL 2 R14 R14 0 0 
21 0 0 1 0120 ffffffff 1 R17 FMUL 2 R14 R14 0 0 
25 0 0 2 0130 ffffffff 1 R10 FMUL 2 R15 R15 0 0 
33 0 0 2 0140 ffffffff 1 R3 FMUL 2 R4 R4 0 0 
26 0 0 2 0120 ffffffff 1 R17 FMUL 2 R14 R14 0 0 
23 0 0 2 0130 ffffffff 1 R10 FMUL 2 R15 R15 0 0 
23 0 0 1 0120 ffffffff 1 R17 FMUL 2 R14 R14 0 0 
22 0 0 2 0120 ffffffff 1 R17 FMUL 2 R14 R14 0 0 
16 0 0 0 0120 ffffffff 1 R17 FMUL 2 R14 R14 0 0 
39 0 0 0 0130 ffffffff 1 R10 FMUL 2 R15 R15 0 0 
28 0 0 3 0130 ffffffff 1 R10 FMUL 2 R15 R15 0 0 
29 0 0 3 0120 ffffffff 1 R17 FMUL 2 R14 R14 0 0 
31 0 0 1 0130 ffffffff 1 R10 FMUL 2 R15 R15 0 0 
26 0 0 3 0120 ffffffff 1 R17 FMUL 2 R14 R14 0 0 
15 0 0 3 0120 ffffffff 1 R17 FMUL 2 R14 R14 0 0 
38 0 0 3 0120 ffffffff 1 R17 FMUL 2 R14 R14 0 0 
34 0 0 3 0120 ffffffff 1 R17 FMUL 2 R14 R14 0 0 
19 0 0 2 0130 ffffffff 1 R10 FMUL 2 R15 R15 0 0 
32 0 0 2 0120 ffffffff 1 R17 FMUL 2 R14 R14 0 0 
16 0 0 1 0120 ffffffff 1 R17 FMUL 2 R14 R14 0 0 
19 0 0 1 0130 ffffffff 1 R10 FMUL 2 R15 R15 0 0 
38 0 0 2 0120 ffffffff 1 R17 FMUL 2 R14 R14 0 0 
15 0 0 0 0120 ffffffff 1 R17 FMUL 2 R14 R14 0 0 
26 0 0 1 0120 ffffffff 1 R17 FMUL 2 R14 R14 0 0 
38 0 0 0 0120 ffffffff 1 R17 FMUL 2 R14 R14 0 0 
32 0 0 0 0120 ffffffff 1 R17 FMUL 2 R14 R14 0 0 
38 0 0 1 0120 ffffffff 1 R17 FMUL 2 R14 R14 0 0 
22 0 0 3 0120 ffffffff 1 R17 FMUL 2 R14 R14 0 0 
16 0 0 2 0120 ffffffff 1 R17 FMUL 2 R14 R14 0 0 
16 0 0 3 0120 ffffffff 1 R17 FMUL 2 R14 R14 0 0 
26 0 0 0 0120 ffffffff 1 R17 FMUL 2 R14 R14 0 0 
33 0 0 3 0140 ffffffff 1 R3 FMUL 2 R4 R4 0 0 
35 0 0 3 0130 ffffffff 1 R10 FMUL 2 R15 R15 0 0 
33 0 0 0 0140 ffffffff 1 R3 FMUL 2 R4 R4 0 0 
15 0 0 1 0120 ffffffff 1 R17 FMUL 2 R14 R14 0 0 
34 0 0 1 0120 ffffffff 1 R17 FMUL 2 R14 R14 0 0 
24 0 0 1 0120 ffffffff 1 R17 FMUL 2 R14 R14 0 0 
28 0 0 2 0130 ffffffff 1 R10 FMUL 2 R15 R15 0 0 
33 0 0 1 0140 ffffffff 1 R3 FMUL 2 R4 R4 0 0 
18 0 0 2 0120 ffffffff 1 R17 FMUL 2 R14 R14 0 0 
34 0 0 2 0130 ffffffff 1 R10 FMUL 2 R15 R15 0 0 
37 0 0 2 0120 ffffffff 1 R17 FMUL 2 R14 R14 0 0 
37 0 0 1 0120 ffffffff 1 R17 FMUL 2 R14 R14 0 0 
29 0 0 2 0120 ffffffff 1 R17 FMUL 2 R14 R14 0 0 
21 0 0 3 0120 ffffffff 1 R17 FMUL 2 R14 R14 0 0 
21 0 0 0 0120 ffffffff 1 R17 FMUL 2 R14 R14 0 0 
24 0 0 3 0120 ffffffff 1 R17 FMUL 2 R14 R14 0 0 
37 0 0 0 0120 ffffffff 1 R17 FMUL 2 R14 R14 0 0 
32 0 0 1 0120 ffffffff 1 R17 FMUL 2 R14 R14 0 0 
20 0 0 1 0120 ffffffff 1 R17 FMUL 2 R14 R14 0 0 
21 0 0 2 0120 ffffffff 1 R17 FMUL 2 R14 R14 0 0 
24 0 0 0 0120 ffffffff 1 R17 FMUL 2 R14 R14 0 0 
18 0 0 3 0120 ffffffff 1 R17 FMUL 2 R14 R14 0 0 
28 0 0 1 0130 ffffffff 1 R10 FMUL 2 R15 R15 0 0 
32 0 0 3 0120 ffffffff 1 R17 FMUL 2 R14 R14 0 0 
22 0 0 1 0120 ffffffff 1 R17 FMUL 2 R14 R14 0 0 
7 0 0 0 00d0 ffffffff 1 R8 IMAD.WIDE 2 R11 R8 0 16 
7 0 0 1 00d0 ffffffff 1 R8 IMAD.WIDE 2 R11 R8 0 16 
47 0 0 3 00d0 ffffffff 1 R8 IMAD.WIDE 2 R11 R8 0 16 
47 0 0 1 00d0 ffffffff 1 R8 IMAD.WIDE 2 R11 R8 0 16 
47 0 0 0 00d0 ffffffff 1 R8 IMAD.WIDE 2 R11 R8 0 16 
47 0 0 2 00d0 ffffffff 1 R8 IMAD.WIDE 2 R11 R8 0 16 
7 0 0 2 00d0 ffffffff 1 R8 IMAD.WIDE 2 R11 R8 0 16 
7 0 0 3 00d0 ffffffff 1 R8 IMAD.WIDE 2 R11 R8 0 16 
27 0 0 0 0150 ffffffff 1 R0 FMUL 2 R5 R5 0 0 
27 0 0 3 0150 ffffffff 1 R0 FMUL 2 R5 R5 0 0 
27 0 0 1 0140 ffffffff 1 R3 FMUL 2 R4 R4 0 0 
27 0 0 2 0150 ffffffff 1 R0 FMUL 2 R5 R5 0 0 
9 0 0 3 00d0 ffffffff 1 R8 IMAD.WIDE 2 R11 R8 0 16 
4 0 0 2 00d0 ffffffff 1 R8 IMAD.WIDE 2 R11 R8 0 16 
10 0 0 2 00d0 ffffffff 1 R8 IMAD.WIDE 2 R11 R8 0 16 
9 0 0 0 00d0 ffffffff 1 R8 IMAD.WIDE 2 R11 R8 0 16 
54 0 0 3 00f0 ffffffff 1 R0 FMUL 2 R13 R13 0 0 
14 0 0 1 00e0 ffffffff 1 R11 FMUL 2 R12 R12 0 0 
1 0 0 0 00d0 ffffffff 1 R8 IMAD.WIDE 2 R11 R8 0 16 
45 0 0 1 00d0 ffffffff 1 R8 IMAD.WIDE 2 R11 R8 0 16 
51 0 0 3 00e0 ffffffff 1 R11 FMUL 2 R12 R12 0 0 
1 0 0 3 00d0 ffffffff 1 R8 IMAD.WIDE 2 R11 R8 0 16 
2 0 0 1 00d0 ffffffff 1 R8 IMAD.WIDE 2 R11 R8 0 16 
54 0 0 1 00e0 ffffffff 1 R11 FMUL 2 R12 R12 0 0 
8 0 0 1 00d0 ffffffff 1 R8 IMAD.WIDE 2 R11 R8 0 16 
1 0 0 2 00d0 ffffffff 1 R8 IMAD.WIDE 2 R11 R8 0 16 
45 0 0 0 00d0 ffffffff 1 R8 IMAD.WIDE 2 R11 R8 0 16 
10 0 0 0 00d0 ffffffff 1 R8 IMAD.WIDE 2 R11 R8 0 16 
13 0 0 3 00d0 ffffffff 1 R8 IMAD.WIDE 2 R11 R8 0 16 
50 0 0 1 00d0 ffffffff 1 R8 IMAD.WIDE 2 R11 R8 0 16 
50 0 0 3 00d0 ffffffff 1 R8 IMAD.WIDE 2 R11 R8 0 16 
31 0 0 2 0140 ffffffff 1 R3 FMUL 2 R4 R4 0 0 
10 0 0 1 00d0 ffffffff 1 R8 IMAD.WIDE 2 R11 R8 0 16 
10 0 0 3 00d0 ffffffff 1 R8 IMAD.WIDE 2 R11 R8 0 16 
46 0 0 2 00d0 ffffffff 1 R8 IMAD.WIDE 2 R11 R8 0 16 
44 0 0 1 00d0 ffffffff 1 R8 IMAD.WIDE 2 R11 R8 0 16 
31 0 0 0 0140 ffffffff 1 R3 FMUL 2 R4 R4 0 0 
50 0 0 2 00d0 ffffffff 1 R8 IMAD.WIDE 2 R11 R8 0 16 
4 0 0 0 00d0 ffffffff 1 R8 IMAD.WIDE 2 R11 R8 0 16 
45 0 0 2 00d0 ffffffff 1 R8 IMAD.WIDE 2 R11 R8 0 16 
2 0 0 2 00d0 ffffffff 1 R8 IMAD.WIDE 2 R11 R8 0 16 
36 0 0 0 0130 ffffffff 1 R10 FMUL 2 R15 R15 0 0 
35 0 0 0 0150 ffffffff 1 R0 FMUL 2 R5 R5 0 0 
36 0 0 3 0130 ffffffff 1 R10 FMUL 2 R15 R15 0 0 
41 0 0 0 00d0 ffffffff 1 R8 IMAD.WIDE 2 R11 R8 0 16 
39 0 0 3 0140 ffffffff 1 R3 FMUL 2 R4 R4 0 0 
49 0 0 3 00d0 ffffffff 1 R8 IMAD.WIDE 2 R11 R8 0 16 
8 0 0 3 00d0 ffffffff 1 R8 IMAD.WIDE 2 R11 R8 0 16 
36 0 0 2 0130 ffffffff 1 R10 FMUL 2 R15 R15 0 0 
5 0 0 0 00d0 ffffffff 1 R8 IMAD.WIDE 2 R11 R8 0 16 
49 0 0 1 00d0 ffffffff 1 R8 IMAD.WIDE 2 R11 R8 0 16 
31 0 0 3 0140 ffffffff 1 R3 FMUL 2 R4 R4 0 0 
11 0 0 3 00d0 ffffffff 1 R8 IMAD.WIDE 2 R11 R8 0 16 
51 0 0 1 00d0 ffffffff 1 R8 IMAD.WIDE 2 R11 R8 0 16 
49 0 0 2 00d0 ffffffff 1 R8 IMAD.WIDE 2 R11 R8 0 16 
42 0 0 2 00d0 ffffffff 1 R8 IMAD.WIDE 2 R11 R8 0 16 
49 0 0 0 00d0 ffffffff 1 R8 IMAD.WIDE 2 R11 R8 0 16 
48 0 0 1 00d0 ffffffff 1 R8 IMAD.WIDE 2 R11 R8 0 16 
4 0 0 1 00d0 ffffffff 1 R8 IMAD.WIDE 2 R11 R8 0 16 
48 0 0 2 00d0 ffffffff 1 R8 IMAD.WIDE 2 R11 R8 0 16 
41 0 0 2 00d0 ffffffff 1 R8 IMAD.WIDE 2 R11 R8 0 16 
44 0 0 3 00d0 ffffffff 1 R8 IMAD.WIDE 2 R11 R8 0 16 
50 0 0 0 00d0 ffffffff 1 R8 IMAD.WIDE 2 R11 R8 0 16 
41 0 0 1 00d0 ffffffff 1 R8 IMAD.WIDE 2 R11 R8 0 16 
46 0 0 1 00d0 ffffffff 1 R8 IMAD.WIDE 2 R11 R8 0 16 
25 0 0 2 0140 ffffffff 1 R3 FMUL 2 R4 R4 0 0 
39 0 0 2 0140 ffffffff 1 R3 FMUL 2 R4 R4 0 0 
48 0 0 3 00d0 ffffffff 1 R8 IMAD.WIDE 2 R11 R8 0 16 
5 0 0 3 00d0 ffffffff 1 R8 IMAD.WIDE 2 R11 R8 0 16 
43 0 0 2 00d0 ffffffff 1 R8 IMAD.WIDE 2 R11 R8 0 16 
41 0 0 3 00d0 ffffffff 1 R8 IMAD.WIDE 2 R11 R8 0 16 
52 0 0 2 00e0 ffffffff 1 R11 FMUL 2 R12 R12 0 0 
42 0 0 3 00d0 ffffffff 1 R8 IMAD.WIDE 2 R11 R8 0 16 
12 0 0 3 00d0 ffffffff 1 R8 IMAD.WIDE 2 R11 R8 0 16 
25 0 0 1 0140 ffffffff 1 R3 FMUL 2 R4 R4 0 0 
39 0 0 1 0140 ffffffff 1 R3 FMUL 2 R4 R4 0 0 
31 0 0 1 0140 ffffffff 1 R3 FMUL 2 R4 R4 0 0 
5 0 0 2 00d0 ffffffff 1 R8 IMAD.WIDE 2 R11 R8 0 16 
29 0 0 1 0130 ffffffff 1 R10 FMUL 2 R15 R15 0 0 
36 0 0 1 0130 ffffffff 1 R10 FMUL 2 R15 R15 0 0 
2 0 0 3 00d0 ffffffff 1 R8 IMAD.WIDE 2 R11 R8 0 16 
12 0 0 1 00e0 ffffffff 1 R11 FMUL 2 R12 R12 0 0 
25 0 0 3 0140 ffffffff 1 R3 FMUL 2 R4 R4 0 0 
2 0 0 0 00d0 ffffffff 1 R8 IMAD.WIDE 2 R11 R8 0 16 
13 0 0 0 00d0 ffffffff 1 R8 IMAD.WIDE 2 R11 R8 0 16 
8 0 0 0 00d0 ffffffff 1 R8 IMAD.WIDE 2 R11 R8 0 16 
25 0 0 0 0140 ffffffff 1 R3 FMUL 2 R4 R4 0 0 
52 0 0 3 00d0 ffffffff 1 R8 IMAD.WIDE 2 R11 R8 0 16 
29 0 0 0 0130 ffffffff 1 R10 FMUL 2 R15 R15 0 0 
30 0 0 2 0140 ffffffff 1 R3 FMUL 2 R4 R4 0 0 
42 0 0 1 00d0 ffffffff 1 R8 IMAD.WIDE 2 R11 R8 0 16 
48 0 0 0 00d0 ffffffff 1 R8 IMAD.WIDE 2 R11 R8 0 16 
42 0 0 0 00d0 ffffffff 1 R8 IMAD.WIDE 2 R11 R8 0 16 
9 0 0 1 00d0 ffffffff 1 R8 IMAD.WIDE 2 R11 R8 0 16 
39 0 0 0 0140 ffffffff 1 R3 FMUL 2 R4 R4 0 0 
33 0 0 2 0150 ffffffff 1 R0 FMUL 2 R5 R5 0 0 
28 0 0 0 0140 ffffffff 1 R3 FMUL 2 R4 R4 0 0 
13 0 0 1 00d0 ffffffff 1 R8 IMAD.WIDE 2 R11 R8 0 16 
13 0 0 2 00d0 ffffffff 1 R8 IMAD.WIDE 2 R11 R8 0 16 
6 0 0 1 00d0 ffffffff 1 R8 IMAD.WIDE 2 R11 R8 0 16 
12 0 0 2 00d0 ffffffff 1 R8 IMAD.WIDE 2 R11 R8 0 16 
30 0 0 3 0140 ffffffff 1 R3 FMUL 2 R4 R4 0 0 
43 0 0 3 00d0 ffffffff 1 R8 IMAD.WIDE 2 R11 R8 0 16 
30 0 0 0 0140 ffffffff 1 R3 FMUL 2 R4 R4 0 0 
30 0 0 1 0140 ffffffff 1 R3 FMUL 2 R4 R4 0 0 
29 0 0 3 0130 ffffffff 1 R10 FMUL 2 R15 R15 0 0 
3 0 0 1 00d0 ffffffff 1 R8 IMAD.WIDE 2 R11 R8 0 16 
29 0 0 2 0130 ffffffff 1 R10 FMUL 2 R15 R15 0 0 
5 0 0 1 00d0 ffffffff 1 R8 IMAD.WIDE 2 R11 R8 0 16 
4 0 0 3 00d0 ffffffff 1 R8 IMAD.WIDE 2 R11 R8 0 16 
24 0 0 2 0140 ffffffff 1 R3 FMUL 2 R4 R4 0 0 
14 0 0 3 00d0 ffffffff 1 R8 IMAD.WIDE 2 R11 R8 0 16 
1 0 0 1 00d0 ffffffff 1 R8 IMAD.WIDE 2 R11 R8 0 16 
20 0 0 0 0130 ffffffff 1 R10 FMUL 2 R15 R15 0 0 
20 0 0 3 0130 ffffffff 1 R10 FMUL 2 R15 R15 0 0 
40 0 0 1 00d0 ffffffff 1 R8 IMAD.WIDE 2 R11 R8 0 16 
0 0 0 1 00d0 ffffffff 1 R8 IMAD.WIDE 2 R11 R8 0 16 
20 0 0 2 0130 ffffffff 1 R10 FMUL 2 R15 R15 0 0 
19 0 0 2 0140 ffffffff 1 R3 FMUL 2 R4 R4 0 0 
19 0 0 0 0150 ffffffff 1 R0 FMUL 2 R5 R5 0 0 
23 0 0 2 0140 ffffffff 1 R3 FMUL 2 R4 R4 0 0 
23 0 0 0 0130 ffffffff 1 R10 FMUL 2 R15 R15 0 0 
53 0 0 2 00d0 ffffffff 1 R8 IMAD.WIDE 2 R11 R8 0 16 
8 0 0 2 00d0 ffffffff 1 R8 IMAD.WIDE 2 R11 R8 0 16 
9 0 0 2 00d0 ffffffff 1 R8 IMAD.WIDE 2 R11 R8 0 16 
40 0 0 2 00d0 ffffffff 1 R8 IMAD.WIDE 2 R11 R8 0 16 
52 0 0 1 00d0 ffffffff 1 R8 IMAD.WIDE 2 R11 R8 0 16 
54 0 0 2 00d0 ffffffff 1 R8 IMAD.WIDE 2 R11 R8 0 16 
44 0 0 2 00d0 ffffffff 1 R8 IMAD.WIDE 2 R11 R8 0 16 
19 0 0 3 0140 ffffffff 1 R3 FMUL 2 R4 R4 0 0 
46 0 0 3 00d0 ffffffff 1 R8 IMAD.WIDE 2 R11 R8 0 16 
54 0 0 0 00d0 ffffffff 1 R8 IMAD.WIDE 2 R11 R8 0 16 
23 0 0 1 0130 ffffffff 1 R10 FMUL 2 R15 R15 0 0 
53 0 0 3 00d0 ffffffff 1 R8 IMAD.WIDE 2 R11 R8 0 16 
6 0 0 2 00d0 ffffffff 1 R8 IMAD.WIDE 2 R11 R8 0 16 
15 0 0 0 0130 ffffffff 1 R10 FMUL 2 R15 R15 0 0 
17 0 0 1 0130 ffffffff 1 R10 FMUL 2 R15 R15 0 0 
32 0 0 0 0130 ffffffff 1 R10 FMUL 2 R15 R15 0 0 
12 0 0 0 00d0 ffffffff 1 R8 IMAD.WIDE 2 R11 R8 0 16 
35 0 0 2 0150 ffffffff 1 R0 FMUL 2 R5 R5 0 0 
19 0 0 1 0140 ffffffff 1 R3 FMUL 2 R4 R4 0 0 
44 0 0 0 00d0 ffffffff 1 R8 IMAD.WIDE 2 R11 R8 0 16 
17 0 0 2 0130 ffffffff 1 R10 FMUL 2 R15 R15 0 0 
11 0 0 1 00d0 ffffffff 1 R8 IMAD.WIDE 2 R11 R8 0 16 
34 0 0 0 0140 ffffffff 1 R3 FMUL 2 R4 R4 0 0 
3 0 0 3 00d0 ffffffff 1 R8 IMAD.WIDE 2 R11 R8 0 16 
23 0 0 3 0130 ffffffff 1 R10 FMUL 2 R15 R15 0 0 
51 0 0 2 00d0 ffffffff 1 R8 IMAD.WIDE 2 R11 R8 0 16 
20 0 0 1 0130 ffffffff 1 R10 FMUL 2 R15 R15 0 0 
21 0 0 1 0130 ffffffff 1 R10 FMUL 2 R15 R15 0 0 
24 0 0 1 0130 ffffffff 1 R10 FMUL 2 R15 R15 0 0 
16 0 0 2 0130 ffffffff 1 R10 FMUL 2 R15 R15 0 0 
17 0 0 3 0130 ffffffff 1 R10 FMUL 2 R15 R15 0 0 
28 0 0 2 0140 ffffffff 1 R3 FMUL 2 R4 R4 0 0 
17 0 0 0 0130 ffffffff 1 R10 FMUL 2 R15 R15 0 0 
34 0 0 1 0130 ffffffff 1 R10 FMUL 2 R15 R15 0 0 
45 0 0 3 00d0 ffffffff 1 R8 IMAD.WIDE 2 R11 R8 0 16 
3 0 0 2 00d0 ffffffff 1 R8 IMAD.WIDE 2 R11 R8 0 16 
33 0 0 1 0150 ffffffff 1 R0 FMUL 2 R5 R5 0 0 
33 0 0 3 0150 ffffffff 1 R0 FMUL 2 R5 R5 0 0 
6 0 0 3 00d0 ffffffff 1 R8 IMAD.WIDE 2 R11 R8 0 16 
0 0 0 3 00d0 ffffffff 1 R8 IMAD.WIDE 2 R11 R8 0 16 
43 0 0 1 00d0 ffffffff 1 R8 IMAD.WIDE 2 R11 R8 0 16 
14 0 0 0 00d0 ffffffff 1 R8 IMAD.WIDE 2 R11 R8 0 16 
53 0 0 0 00d0 ffffffff 1 R8 IMAD.WIDE 2 R11 R8 0 16 
0 0 0 0 00d0 ffffffff 1 R8 IMAD.WIDE 2 R11 R8 0 16 
53 0 0 1 00d0 ffffffff 1 R8 IMAD.WIDE 2 R11 R8 0 16 
40 0 0 3 00d0 ffffffff 1 R8 IMAD.WIDE 2 R11 R8 0 16 
33 0 0 0 0150 ffffffff 1 R0 FMUL 2 R5 R5 0 0 
43 0 0 0 00d0 ffffffff 1 R8 IMAD.WIDE 2 R11 R8 0 16 
18 0 0 0 0130 ffffffff 1 R10 FMUL 2 R15 R15 0 0 
34 0 0 2 0140 ffffffff 1 R3 FMUL 2 R4 R4 0 0 
22 0 0 3 0130 ffffffff 1 R10 FMUL 2 R15 R15 0 0 
6 0 0 0 00d0 ffffffff 1 R8 IMAD.WIDE 2 R11 R8 0 16 
46 0 0 0 00d0 ffffffff 1 R8 IMAD.WIDE 2 R11 R8 0 16 
26 0 0 0 0130 ffffffff 1 R10 FMUL 2 R15 R15 0 0 
35 0 0 3 0140 ffffffff 1 R3 FMUL 2 R4 R4 0 0 
21 0 0 2 0130 ffffffff 1 R10 FMUL 2 R15 R15 0 0 
18 0 0 1 0130 ffffffff 1 R10 FMUL 2 R15 R15 0 0 
38 0 0 3 0130 ffffffff 1 R10 FMUL 2 R15 R15 0 0 
18 0 0 2 0130 ffffffff 1 R10 FMUL 2 R15 R15 0 0 
15 0 0 2 0130 ffffffff 1 R10 FMUL 2 R15 R15 0 0 
21 0 0 3 0130 ffffffff 1 R10 FMUL 2 R15 R15 0 0 
15 0 0 3 0130 ffffffff 1 R10 FMUL 2 R15 R15 0 0 
22 0 0 2 0130 ffffffff 1 R10 FMUL 2 R15 R15 0 0 
34 0 0 3 0130 ffffffff 1 R10 FMUL 2 R15 R15 0 0 
15 0 0 1 0130 ffffffff 1 R10 FMUL 2 R15 R15 0 0 
35 0 0 1 0150 ffffffff 1 R0 FMUL 2 R5 R5 0 0 
16 0 0 0 0130 ffffffff 1 R10 FMUL 2 R15 R15 0 0 
38 0 0 2 0130 ffffffff 1 R10 FMUL 2 R15 R15 0 0 
11 0 0 2 00d0 ffffffff 1 R8 IMAD.WIDE 2 R11 R8 0 16 
14 0 0 2 00d0 ffffffff 1 R8 IMAD.WIDE 2 R11 R8 0 16 
16 0 0 3 0130 ffffffff 1 R10 FMUL 2 R15 R15 0 0 
37 0 0 3 0130 ffffffff 1 R10 FMUL 2 R15 R15 0 0 
37 0 0 0 0130 ffffffff 1 R10 FMUL 2 R15 R15 0 0 
3 0 0 0 00d0 ffffffff 1 R8 IMAD.WIDE 2 R11 R8 0 16 
38 0 0 1 0130 ffffffff 1 R10 FMUL 2 R15 R15 0 0 
21 0 0 0 0130 ffffffff 1 R10 FMUL 2 R15 R15 0 0 
51 0 0 0 00d0 ffffffff 1 R8 IMAD.WIDE 2 R11 R8 0 16 
0 0 0 2 00d0 ffffffff 1 R8 IMAD.WIDE 2 R11 R8 0 16 
18 0 0 3 0130 ffffffff 1 R10 FMUL 2 R15 R15 0 0 
37 0 0 1 0130 ffffffff 1 R10 FMUL 2 R15 R15 0 0 
11 0 0 0 00d0 ffffffff 1 R8 IMAD.WIDE 2 R11 R8 0 16 
38 0 0 0 0130 ffffffff 1 R10 FMUL 2 R15 R15 0 0 
16 0 0 1 0130 ffffffff 1 R10 FMUL 2 R15 R15 0 0 
52 0 0 0 00d0 ffffffff 1 R8 IMAD.WIDE 2 R11 R8 0 16 
40 0 0 0 00d0 ffffffff 1 R8 IMAD.WIDE 2 R11 R8 0 16 
28 0 0 3 0140 ffffffff 1 R3 FMUL 2 R4 R4 0 0 
28 0 0 1 0140 ffffffff 1 R3 FMUL 2 R4 R4 0 0 
32 0 0 2 0130 ffffffff 1 R10 FMUL 2 R15 R15 0 0 
22 0 0 0 0130 ffffffff 1 R10 FMUL 2 R15 R15 0 0 
26 0 0 1 0130 ffffffff 1 R10 FMUL 2 R15 R15 0 0 
26 0 0 2 0130 ffffffff 1 R10 FMUL 2 R15 R15 0 0 
26 0 0 3 0130 ffffffff 1 R10 FMUL 2 R15 R15 0 0 
37 0 0 2 0130 ffffffff 1 R10 FMUL 2 R15 R15 0 0 
32 0 0 1 0130 ffffffff 1 R10 FMUL 2 R15 R15 0 0 
24 0 0 3 0130 ffffffff 1 R10 FMUL 2 R15 R15 0 0 
24 0 0 0 0130 ffffffff 1 R10 FMUL 2 R15 R15 0 0 
32 0 0 3 0130 ffffffff 1 R10 FMUL 2 R15 R15 0 0 
22 0 0 1 0130 ffffffff 1 R10 FMUL 2 R15 R15 0 0 
27 0 0 0 0160 ffffffff 1 R11 FMUL 2 R6 R6 0 0 
35 0 0 0 0160 ffffffff 1 R11 FMUL 2 R6 R6 0 0 
15 0 0 2 0140 ffffffff 1 R3 FMUL 2 R4 R4 0 0 
35 0 0 2 0160 ffffffff 1 R11 FMUL 2 R6 R6 0 0 
36 0 0 1 0140 ffffffff 1 R3 FMUL 2 R4 R4 0 0 
36 0 0 2 0140 ffffffff 1 R3 FMUL 2 R4 R4 0 0 
31 0 0 2 0150 ffffffff 1 R0 FMUL 2 R5 R5 0 0 
27 0 0 1 0150 ffffffff 1 R0 FMUL 2 R5 R5 0 0 
27 0 0 3 0160 ffffffff 1 R11 FMUL 2 R6 R6 0 0 
39 0 0 0 0150 ffffffff 1 R0 FMUL 2 R5 R5 0 0 
31 0 0 3 0150 ffffffff 1 R0 FMUL 2 R5 R5 0 0 
31 0 0 0 0150 ffffffff 1 R0 FMUL 2 R5 R5 0 0 
35 0 0 3 0150 ffffffff 1 R0 FMUL 2 R5 R5 0 0 
27 0 0 2 0160 ffffffff 1 R11 FMUL 2 R6 R6 0 0 
35 0 0 1 0160 ffffffff 1 R11 FMUL 2 R6 R6 0 0 
30 0 0 1 0150 ffffffff 1 R0 FMUL 2 R5 R5 0 0 
28 0 0 2 0150 ffffffff 1 R0 FMUL 2 R5 R5 0 0 
17 0 0 2 0140 ffffffff 1 R3 FMUL 2 R4 R4 0 0 
31 0 0 1 0150 ffffffff 1 R0 FMUL 2 R5 R5 0 0 
23 0 0 3 0140 ffffffff 1 R3 FMUL 2 R4 R4 0 0 
22 0 0 0 0140 ffffffff 1 R3 FMUL 2 R4 R4 0 0 
39 0 0 3 0150 ffffffff 1 R0 FMUL 2 R5 R5 0 0 
36 0 0 3 0140 ffffffff 1 R3 FMUL 2 R4 R4 0 0 
25 0 0 1 0150 ffffffff 1 R0 FMUL 2 R5 R5 0 0 
23 0 0 2 0150 ffffffff 1 R0 FMUL 2 R5 R5 0 0 
39 0 0 1 0150 ffffffff 1 R0 FMUL 2 R5 R5 0 0 
17 0 0 0 0140 ffffffff 1 R3 FMUL 2 R4 R4 0 0 
36 0 0 0 0140 ffffffff 1 R3 FMUL 2 R4 R4 0 0 
30 0 0 0 0150 ffffffff 1 R0 FMUL 2 R5 R5 0 0 
32 0 0 0 0140 ffffffff 1 R3 FMUL 2 R4 R4 0 0 
17 0 0 3 0140 ffffffff 1 R3 FMUL 2 R4 R4 0 0 
22 0 0 2 0140 ffffffff 1 R3 FMUL 2 R4 R4 0 0 
33 0 0 3 0160 ffffffff 1 R11 FMUL 2 R6 R6 0 0 
37 0 0 2 0140 ffffffff 1 R3 FMUL 2 R4 R4 0 0 
33 0 0 0 0160 ffffffff 1 R11 FMUL 2 R6 R6 0 0 
32 0 0 2 0140 ffffffff 1 R3 FMUL 2 R4 R4 0 0 
17 0 0 1 0140 ffffffff 1 R3 FMUL 2 R4 R4 0 0 
28 0 0 3 0150 ffffffff 1 R0 FMUL 2 R5 R5 0 0 
30 0 0 2 0150 ffffffff 1 R0 FMUL 2 R5 R5 0 0 
19 0 0 0 0160 ffffffff 1 R11 FMUL 2 R6 R6 0 0 
16 0 0 0 0140 ffffffff 1 R3 FMUL 2 R4 R4 0 0 
37 0 0 3 0140 ffffffff 1 R3 FMUL 2 R4 R4 0 0 
28 0 0 1 0150 ffffffff 1 R0 FMUL 2 R5 R5 0 0 
39 0 0 2 0150 ffffffff 1 R0 FMUL 2 R5 R5 0 0 
37 0 0 1 0140 ffffffff 1 R3 FMUL 2 R4 R4 0 0 
21 0 0 3 0140 ffffffff 1 R3 FMUL 2 R4 R4 0 0 
25 0 0 3 0150 ffffffff 1 R0 FMUL 2 R5 R5 0 0 
29 0 0 3 0140 ffffffff 1 R3 FMUL 2 R4 R4 0 0 
25 0 0 2 0150 ffffffff 1 R0 FMUL 2 R5 R5 0 0 
20 0 0 1 0140 ffffffff 1 R3 FMUL 2 R4 R4 0 0 
24 0 0 2 0150 ffffffff 1 R0 FMUL 2 R5 R5 0 0 
19 0 0 3 0150 ffffffff 1 R0 FMUL 2 R5 R5 0 0 
38 0 0 0 0140 ffffffff 1 R3 FMUL 2 R4 R4 0 0 
38 0 0 1 0140 ffffffff 1 R3 FMUL 2 R4 R4 0 0 
38 0 0 2 0140 ffffffff 1 R3 FMUL 2 R4 R4 0 0 
38 0 0 3 0140 ffffffff 1 R3 FMUL 2 R4 R4 0 0 
16 0 0 1 0140 ffffffff 1 R3 FMUL 2 R4 R4 0 0 
30 0 0 3 0150 ffffffff 1 R0 FMUL 2 R5 R5 0 0 
25 0 0 0 0150 ffffffff 1 R0 FMUL 2 R5 R5 0 0 
19 0 0 1 0150 ffffffff 1 R0 FMUL 2 R5 R5 0 0 
19 0 0 2 0150 ffffffff 1 R0 FMUL 2 R5 R5 0 0 
16 0 0 2 0140 ffffffff 1 R3 FMUL 2 R4 R4 0 0 
33 0 0 2 0160 ffffffff 1 R11 FMUL 2 R6 R6 0 0 
24 0 0 1 0140 ffffffff 1 R3 FMUL 2 R4 R4 0 0 
32 0 0 1 0140 ffffffff 1 R3 FMUL 2 R4 R4 0 0 
37 0 0 0 0140 ffffffff 1 R3 FMUL 2 R4 R4 0 0 
18 0 0 3 0140 ffffffff 1 R3 FMUL 2 R4 R4 0 0 
33 0 0 1 0160 ffffffff 1 R11 FMUL 2 R6 R6 0 0 
16 0 0 3 0140 ffffffff 1 R3 FMUL 2 R4 R4 0 0 
28 0 0 0 0150 ffffffff 1 R0 FMUL 2 R5 R5 0 0 
18 0 0 2 0140 ffffffff 1 R3 FMUL 2 R4 R4 0 0 
34 0 0 3 0140 ffffffff 1 R3 FMUL 2 R4 R4 0 0 
21 0 0 2 0140 ffffffff 1 R3 FMUL 2 R4 R4 0 0 
15 0 0 0 0140 ffffffff 1 R3 FMUL 2 R4 R4 0 0 
15 0 0 1 0140 ffffffff 1 R3 FMUL 2 R4 R4 0 0 
24 0 0 0 0140 ffffffff 1 R3 FMUL 2 R4 R4 0 0 
20 0 0 3 0140 ffffffff 1 R3 FMUL 2 R4 R4 0 0 
22 0 0 3 0140 ffffffff 1 R3 FMUL 2 R4 R4 0 0 
7 0 0 3 00e0 ffffffff 1 R11 FMUL 2 R12 R12 0 0 
29 0 0 2 0140 ffffffff 1 R3 FMUL 2 R4 R4 0 0 
18 0 0 0 0140 ffffffff 1 R3 FMUL 2 R4 R4 0 0 
7 0 0 2 00e0 ffffffff 1 R11 FMUL 2 R12 R12 0 0 
18 0 0 1 0140 ffffffff 1 R3 FMUL 2 R4 R4 0 0 
20 0 0 2 0140 ffffffff 1 R3 FMUL 2 R4 R4 0 0 
32 0 0 3 0140 ffffffff 1 R3 FMUL 2 R4 R4 0 0 
21 0 0 0 0140 ffffffff 1 R3 FMUL 2 R4 R4 0 0 
21 0 0 1 0140 ffffffff 1 R3 FMUL 2 R4 R4 0 0 
34 0 0 2 0150 ffffffff 1 R0 FMUL 2 R5 R5 0 0 
26 0 0 3 0140 ffffffff 1 R3 FMUL 2 R4 R4 0 0 
15 0 0 3 0140 ffffffff 1 R3 FMUL 2 R4 R4 0 0 
47 0 0 1 00e0 ffffffff 1 R11 FMUL 2 R12 R12 0 0 
29 0 0 0 0140 ffffffff 1 R3 FMUL 2 R4 R4 0 0 
23 0 0 0 0140 ffffffff 1 R3 FMUL 2 R4 R4 0 0 
26 0 0 0 0140 ffffffff 1 R3 FMUL 2 R4 R4 0 0 
24 0 0 3 0140 ffffffff 1 R3 FMUL 2 R4 R4 0 0 
47 0 0 2 00e0 ffffffff 1 R11 FMUL 2 R12 R12 0 0 
26 0 0 1 0140 ffffffff 1 R3 FMUL 2 R4 R4 0 0 
26 0 0 2 0140 ffffffff 1 R3 FMUL 2 R4 R4 0 0 
20 0 0 0 0140 ffffffff 1 R3 FMUL 2 R4 R4 0 0 
7 0 0 0 00e0 ffffffff 1 R11 FMUL 2 R12 R12 0 0 
23 0 0 1 0140 ffffffff 1 R3 FMUL 2 R4 R4 0 0 
54 0 0 1 00f0 ffffffff 1 R0 FMUL 2 R13 R13 0 0 
54 0 0 3 0100 ffffffff 1 R12 FMUL 2 R12 R11 0 0 
47 0 0 0 00e0 ffffffff 1 R11 FMUL 2 R12 R12 0 0 
7 0 0 1 00e0 ffffffff 1 R11 FMUL 2 R12 R12 0 0 
51 0 0 3 00f0 ffffffff 1 R0 FMUL 2 R13 R13 0 0 
34 0 0 0 0150 ffffffff 1 R0 FMUL 2 R5 R5 0 0 
34 0 0 1 0140 ffffffff 1 R3 FMUL 2 R4 R4 0 0 
47 0 0 3 00e0 ffffffff 1 R11 FMUL 2 R12 R12 0 0 
29 0 0 1 0140 ffffffff 1 R3 FMUL 2 R4 R4 0 0 
14 0 0 1 00f0 ffffffff 1 R0 FMUL 2 R13 R13 0 0 
3 0 0 1 00e0 ffffffff 1 R11 FMUL 2 R12 R12 0 0 
45 0 0 0 00e0 ffffffff 1 R11 FMUL 2 R12 R12 0 0 
4 0 0 2 00e0 ffffffff 1 R11 FMUL 2 R12 R12 0 0 
41 0 0 2 00e0 ffffffff 1 R11 FMUL 2 R12 R12 0 0 
1 0 0 0 00e0 ffffffff 1 R11 FMUL 2 R12 R12 0 0 
9 0 0 3 00e0 ffffffff 1 R11 FMUL 2 R12 R12 0 0 
42 0 0 0 00e0 ffffffff 1 R11 FMUL 2 R12 R12 0 0 
45 0 0 1 00e0 ffffffff 1 R11 FMUL 2 R12 R12 0 0 
1 0 0 3 00e0 ffffffff 1 R11 FMUL 2 R12 R12 0 0 
2 0 0 0 00e0 ffffffff 1 R11 FMUL 2 R12 R12 0 0 
12 0 0 1 00f0 ffffffff 1 R0 FMUL 2 R13 R13 0 0 
41 0 0 1 00e0 ffffffff 1 R11 FMUL 2 R12 R12 0 0 
51 0 0 1 00e0 ffffffff 1 R11 FMUL 2 R12 R12 0 0 
12 0 0 0 00e0 ffffffff 1 R11 FMUL 2 R12 R12 0 0 
45 0 0 2 00e0 ffffffff 1 R11 FMUL 2 R12 R12 0 0 
13 0 0 3 00e0 ffffffff 1 R11 FMUL 2 R12 R12 0 0 
52 0 0 2 00f0 ffffffff 1 R0 FMUL 2 R13 R13 0 0 
52 0 0 3 00e0 ffffffff 1 R11 FMUL 2 R12 R12 0 0 
11 0 0 3 00e0 ffffffff 1 R11 FMUL 2 R12 R12 0 0 
12 0 0 2 00e0 ffffffff 1 R11 FMUL 2 R12 R12 0 0 
9 0 0 0 00e0 ffffffff 1 R11 FMUL 2 R12 R12 0 0 
1 0 0 1 00e0 ffffffff 1 R11 FMUL 2 R12 R12 0 0 
5 0 0 1 00e0 ffffffff 1 R11 FMUL 2 R12 R12 0 0 
41 0 0 0 00e0 ffffffff 1 R11 FMUL 2 R12 R12 0 0 
13 0 0 1 00e0 ffffffff 1 R11 FMUL 2 R12 R12 0 0 
22 0 0 1 0140 ffffffff 1 R3 FMUL 2 R4 R4 0 0 
42 0 0 1 00e0 ffffffff 1 R11 FMUL 2 R12 R12 0 0 
2 0 0 1 00e0 ffffffff 1 R11 FMUL 2 R12 R12 0 0 
5 0 0 3 00e0 ffffffff 1 R11 FMUL 2 R12 R12 0 0 
53 0 0 3 00e0 ffffffff 1 R11 FMUL 2 R12 R12 0 0 
53 0 0 0 00e0 ffffffff 1 R11 FMUL 2 R12 R12 0 0 
13 0 0 0 00e0 ffffffff 1 R11 FMUL 2 R12 R12 0 0 
44 0 0 3 00e0 ffffffff 1 R11 FMUL 2 R12 R12 0 0 
53 0 0 1 00e0 ffffffff 1 R11 FMUL 2 R12 R12 0 0 
41 0 0 3 00e0 ffffffff 1 R11 FMUL 2 R12 R12 0 0 
53 0 0 2 00e0 ffffffff 1 R11 FMUL 2 R12 R12 0 0 
50 0 0 3 00e0 ffffffff 1 R11 FMUL 2 R12 R12 0 0 
13 0 0 2 00e0 ffffffff 1 R11 FMUL 2 R12 R12 0 0 
6 0 0 1 00e0 ffffffff 1 R11 FMUL 2 R12 R12 0 0 
50 0 0 1 00e0 ffffffff 1 R11 FMUL 2 R12 R12 0 0 
10 0 0 1 00e0 ffffffff 1 R11 FMUL 2 R12 R12 0 0 
12 0 0 3 00e0 ffffffff 1 R11 FMUL 2 R12 R12 0 0 
4 0 0 1 00e0 ffffffff 1 R11 FMUL 2 R12 R12 0 0 
5 0 0 0 00e0 ffffffff 1 R11 FMUL 2 R12 R12 0 0 
44 0 0 1 00e0 ffffffff 1 R11 FMUL 2 R12 R12 0 0 
54 0 0 2 00e0 ffffffff 1 R11 FMUL 2 R12 R12 0 0 
11 0 0 1 00e0 ffffffff 1 R11 FMUL 2 R12 R12 0 0 
3 0 0 3 00e0 ffffffff 1 R11 FMUL 2 R12 R12 0 0 
2 0 0 3 00e0 ffffffff 1 R11 FMUL 2 R12 R12 0 0 
2 0 0 2 00e0 ffffffff 1 R11 FMUL 2 R12 R12 0 0 
9 0 0 1 00e0 ffffffff 1 R11 FMUL 2 R12 R12 0 0 
49 0 0 1 00e0 ffffffff 1 R11 FMUL 2 R12 R12 0 0 
52 0 0 1 00e0 ffffffff 1 R11 FMUL 2 R12 R12 0 0 
10 0 0 2 00e0 ffffffff 1 R11 FMUL 2 R12 R12 0 0 
49 0 0 3 00e0 ffffffff 1 R11 FMUL 2 R12 R12 0 0 
50 0 0 2 00e0 ffffffff 1 R11 FMUL 2 R12 R12 0 0 
40 0 0 1 00e0 ffffffff 1 R11 FMUL 2 R12 R12 0 0 
46 0 0 2 00e0 ffffffff 1 R11 FMUL 2 R12 R12 0 0 
46 0 0 0 00e0 ffffffff 1 R11 FMUL 2 R12 R12 0 0 
50 0 0 0 00e0 ffffffff 1 R11 FMUL 2 R12 R12 0 0 
49 0 0 2 00e0 ffffffff 1 R11 FMUL 2 R12 R12 0 0 
10 0 0 3 00e0 ffffffff 1 R11 FMUL 2 R12 R12 0 0 
4 0 0 0 00e0 ffffffff 1 R11 FMUL 2 R12 R12 0 0 
10 0 0 0 00e0 ffffffff 1 R11 FMUL 2 R12 R12 0 0 
0 0 0 3 00e0 ffffffff 1 R11 FMUL 2 R12 R12 0 0 
0 0 0 1 00e0 ffffffff 1 R11 FMUL 2 R12 R12 0 0 
44 0 0 0 00e0 ffffffff 1 R11 FMUL 2 R12 R12 0 0 
42 0 0 2 00e0 ffffffff 1 R11 FMUL 2 R12 R12 0 0 
40 0 0 0 00e0 ffffffff 1 R11 FMUL 2 R12 R12 0 0 
40 0 0 3 00e0 ffffffff 1 R11 FMUL 2 R12 R12 0 0 
0 0 0 0 00e0 ffffffff 1 R11 FMUL 2 R12 R12 0 0 
40 0 0 2 00e0 ffffffff 1 R11 FMUL 2 R12 R12 0 0 
49 0 0 0 00e0 ffffffff 1 R11 FMUL 2 R12 R12 0 0 
4 0 0 3 00e0 ffffffff 1 R11 FMUL 2 R12 R12 0 0 
46 0 0 1 00e0 ffffffff 1 R11 FMUL 2 R12 R12 0 0 
43 0 0 3 00e0 ffffffff 1 R11 FMUL 2 R12 R12 0 0 
43 0 0 2 00e0 ffffffff 1 R11 FMUL 2 R12 R12 0 0 
46 0 0 3 00e0 ffffffff 1 R11 FMUL 2 R12 R12 0 0 
44 0 0 2 00e0 ffffffff 1 R11 FMUL 2 R12 R12 0 0 
5 0 0 2 00e0 ffffffff 1 R11 FMUL 2 R12 R12 0 0 
45 0 0 3 00e0 ffffffff 1 R11 FMUL 2 R12 R12 0 0 
1 0 0 2 00e0 ffffffff 1 R11 FMUL 2 R12 R12 0 0 
51 0 0 2 00e0 ffffffff 1 R11 FMUL 2 R12 R12 0 0 
9 0 0 2 00e0 ffffffff 1 R11 FMUL 2 R12 R12 0 0 
48 0 0 1 00e0 ffffffff 1 R11 FMUL 2 R12 R12 0 0 
8 0 0 1 00e0 ffffffff 1 R11 FMUL 2 R12 R12 0 0 
6 0 0 0 00e0 ffffffff 1 R11 FMUL 2 R12 R12 0 0 
6 0 0 3 00e0 ffffffff 1 R11 FMUL 2 R12 R12 0 0 
42 0 0 3 00e0 ffffffff 1 R11 FMUL 2 R12 R12 0 0 
8 0 0 3 00e0 ffffffff 1 R11 FMUL 2 R12 R12 0 0 
43 0 0 0 00e0 ffffffff 1 R11 FMUL 2 R12 R12 0 0 
14 0 0 3 00e0 ffffffff 1 R11 FMUL 2 R12 R12 0 0 
14 0 0 2 00e0 ffffffff 1 R11 FMUL 2 R12 R12 0 0 
0 0 0 2 00e0 ffffffff 1 R11 FMUL 2 R12 R12 0 0 
48 0 0 2 00e0 ffffffff 1 R11 FMUL 2 R12 R12 0 0 
14 0 0 0 00e0 ffffffff 1 R11 FMUL 2 R12 R12 0 0 
6 0 0 2 00e0 ffffffff 1 R11 FMUL 2 R12 R12 0 0 
48 0 0 3 00e0 ffffffff 1 R11 FMUL 2 R12 R12 0 0 
27 0 0 0 0170 ffffffff 1 R2 FMUL 2 R7 R7 0 0 
52 0 0 0 00e0 ffffffff 1 R11 FMUL 2 R12 R12 0 0 
54 0 0 0 00e0 ffffffff 1 R11 FMUL 2 R12 R12 0 0 
48 0 0 0 00e0 ffffffff 1 R11 FMUL 2 R12 R12 0 0 
8 0 0 0 00e0 ffffffff 1 R11 FMUL 2 R12 R12 0 0 
11 0 0 2 00e0 ffffffff 1 R11 FMUL 2 R12 R12 0 0 
51 0 0 0 00e0 ffffffff 1 R11 FMUL 2 R12 R12 0 0 
8 0 0 2 00e0 ffffffff 1 R11 FMUL 2 R12 R12 0 0 
3 0 0 2 00e0 ffffffff 1 R11 FMUL 2 R12 R12 0 0 
3 0 0 0 00e0 ffffffff 1 R11 FMUL 2 R12 R12 0 0 
35 0 0 0 0170 ffffffff 1 R2 FMUL 2 R7 R7 0 0 
11 0 0 0 00e0 ffffffff 1 R11 FMUL 2 R12 R12 0 0 
27 0 0 2 0170 ffffffff 1 R2 FMUL 2 R7 R7 0 0 
27 0 0 1 0160 ffffffff 1 R11 FMUL 2 R6 R6 0 0 
43 0 0 1 00e0 ffffffff 1 R11 FMUL 2 R12 R12 0 0 
31 0 0 0 0160 ffffffff 1 R11 FMUL 2 R6 R6 0 0 
31 0 0 3 0160 ffffffff 1 R11 FMUL 2 R6 R6 0 0 
36 0 0 3 0150 ffffffff 1 R0 FMUL 2 R5 R5 0 0 
31 0 0 2 0160 ffffffff 1 R11 FMUL 2 R6 R6 0 0 
15 0 0 2 0150 ffffffff 1 R0 FMUL 2 R5 R5 0 0 
35 0 0 1 0170 ffffffff 1 R2 FMUL 2 R7 R7 0 0 
35 0 0 2 0170 ffffffff 1 R2 FMUL 2 R7 R7 0 0 
28 0 0 0 0160 ffffffff 1 R11 FMUL 2 R6 R6 0 0 
27 0 0 3 0170 ffffffff 1 R2 FMUL 2 R7 R7 0 0 
39 0 0 0 0160 ffffffff 1 R11 FMUL 2 R6 R6 0 0 
21 0 0 1 0150 ffffffff 1 R0 FMUL 2 R5 R5 0 0 
36 0 0 0 0150 ffffffff 1 R0 FMUL 2 R5 R5 0 0 
23 0 0 3 0150 ffffffff 1 R0 FMUL 2 R5 R5 0 0 
36 0 0 1 0150 ffffffff 1 R0 FMUL 2 R5 R5 0 0 
22 0 0 3 0150 ffffffff 1 R0 FMUL 2 R5 R5 0 0 
39 0 0 2 0160 ffffffff 1 R11 FMUL 2 R6 R6 0 0 
21 0 0 2 0150 ffffffff 1 R0 FMUL 2 R5 R5 0 0 
33 0 0 2 0170 ffffffff 1 R2 FMUL 2 R7 R7 0 0 
15 0 0 0 0150 ffffffff 1 R0 FMUL 2 R5 R5 0 0 
39 0 0 3 0160 ffffffff 1 R11 FMUL 2 R6 R6 0 0 
36 0 0 2 0150 ffffffff 1 R0 FMUL 2 R5 R5 0 0 
37 0 0 3 0150 ffffffff 1 R0 FMUL 2 R5 R5 0 0 
22 0 0 0 0150 ffffffff 1 R0 FMUL 2 R5 R5 0 0 
32 0 0 0 0150 ffffffff 1 R0 FMUL 2 R5 R5 0 0 
31 0 0 1 0160 ffffffff 1 R11 FMUL 2 R6 R6 0 0 
22 0 0 2 0150 ffffffff 1 R0 FMUL 2 R5 R5 0 0 
25 0 0 3 0160 ffffffff 1 R11 FMUL 2 R6 R6 0 0 
17 0 0 3 0150 ffffffff 1 R0 FMUL 2 R5 R5 0 0 
25 0 0 0 0160 ffffffff 1 R11 FMUL 2 R6 R6 0 0 
23 0 0 2 0160 ffffffff 1 R11 FMUL 2 R6 R6 0 0 
17 0 0 1 0150 ffffffff 1 R0 FMUL 2 R5 R5 0 0 
17 0 0 2 0150 ffffffff 1 R0 FMUL 2 R5 R5 0 0 
39 0 0 1 0160 ffffffff 1 R11 FMUL 2 R6 R6 0 0 
19 0 0 2 0160 ffffffff 1 R11 FMUL 2 R6 R6 0 0 
25 0 0 1 0160 ffffffff 1 R11 FMUL 2 R6 R6 0 0 
18 0 0 0 0150 ffffffff 1 R0 FMUL 2 R5 R5 0 0 
30 0 0 3 0160 ffffffff 1 R11 FMUL 2 R6 R6 0 0 
19 0 0 3 0160 ffffffff 1 R11 FMUL 2 R6 R6 0 0 
33 0 0 1 0170 ffffffff 1 R2 FMUL 2 R7 R7 0 0 
19 0 0 0 0170 ffffffff 1 R2 FMUL 2 R7 R7 0 0 
33 0 0 3 0170 ffffffff 1 R2 FMUL 2 R7 R7 0 0 
23 0 0 1 0150 ffffffff 1 R0 FMUL 2 R5 R5 0 0 
16 0 0 3 0150 ffffffff 1 R0 FMUL 2 R5 R5 0 0 
37 0 0 1 0150 ffffffff 1 R0 FMUL 2 R5 R5 0 0 
25 0 0 2 0160 ffffffff 1 R11 FMUL 2 R6 R6 0 0 
20 0 0 3 0150 ffffffff 1 R0 FMUL 2 R5 R5 0 0 
30 0 0 1 0160 ffffffff 1 R11 FMUL 2 R6 R6 0 0 
37 0 0 2 0150 ffffffff 1 R0 FMUL 2 R5 R5 0 0 
30 0 0 2 0160 ffffffff 1 R11 FMUL 2 R6 R6 0 0 
17 0 0 0 0150 ffffffff 1 R0 FMUL 2 R5 R5 0 0 
16 0 0 2 0150 ffffffff 1 R0 FMUL 2 R5 R5 0 0 
19 0 0 1 0160 ffffffff 1 R11 FMUL 2 R6 R6 0 0 
28 0 0 3 0160 ffffffff 1 R11 FMUL 2 R6 R6 0 0 
28 0 0 2 0160 ffffffff 1 R11 FMUL 2 R6 R6 0 0 
35 0 0 3 0160 ffffffff 1 R11 FMUL 2 R6 R6 0 0 
33 0 0 0 0170 ffffffff 1 R2 FMUL 2 R7 R7 0 0 
24 0 0 2 0160 ffffffff 1 R11 FMUL 2 R6 R6 0 0 
23 0 0 0 0150 ffffffff 1 R0 FMUL 2 R5 R5 0 0 
18 0 0 1 0150 ffffffff 1 R0 FMUL 2 R5 R5 0 0 
15 0 0 1 0150 ffffffff 1 R0 FMUL 2 R5 R5 0 0 
18 0 0 2 0150 ffffffff 1 R0 FMUL 2 R5 R5 0 0 
29 0 0 0 0150 ffffffff 1 R0 FMUL 2 R5 R5 0 0 
32 0 0 3 0150 ffffffff 1 R0 FMUL 2 R5 R5 0 0 
29 0 0 1 0150 ffffffff 1 R0 FMUL 2 R5 R5 0 0 
30 0 0 0 0160 ffffffff 1 R11 FMUL 2 R6 R6 0 0 
15 0 0 3 0150 ffffffff 1 R0 FMUL 2 R5 R5 0 0 
32 0 0 2 0150 ffffffff 1 R0 FMUL 2 R5 R5 0 0 
16 0 0 0 0150 ffffffff 1 R0 FMUL 2 R5 R5 0 0 
24 0 0 3 0150 ffffffff 1 R0 FMUL 2 R5 R5 0 0 
37 0 0 0 0150 ffffffff 1 R0 FMUL 2 R5 R5 0 0 
34 0 0 0 0160 ffffffff 1 R11 FMUL 2 R6 R6 0 0 
21 0 0 3 0150 ffffffff 1 R0 FMUL 2 R5 R5 0 0 
24 0 0 0 0150 ffffffff 1 R0 FMUL 2 R5 R5 0 0 
38 0 0 2 0150 ffffffff 1 R0 FMUL 2 R5 R5 0 0 
38 0 0 0 0150 ffffffff 1 R0 FMUL 2 R5 R5 0 0 
29 0 0 2 0150 ffffffff 1 R0 FMUL 2 R5 R5 0 0 
24 0 0 1 0150 ffffffff 1 R0 FMUL 2 R5 R5 0 0 
28 0 0 1 0160 ffffffff 1 R11 FMUL 2 R6 R6 0 0 
32 0 0 1 0150 ffffffff 1 R0 FMUL 2 R5 R5 0 0 
20 0 0 0 0150 ffffffff 1 R0 FMUL 2 R5 R5 0 0 
20 0 0 2 0150 ffffffff 1 R0 FMUL 2 R5 R5 0 0 
38 0 0 3 0150 ffffffff 1 R0 FMUL 2 R5 R5 0 0 
38 0 0 1 0150 ffffffff 1 R0 FMUL 2 R5 R5 0 0 
21 0 0 0 0150 ffffffff 1 R0 FMUL 2 R5 R5 0 0 
18 0 0 3 0150 ffffffff 1 R0 FMUL 2 R5 R5 0 0 
29 0 0 3 0150 ffffffff 1 R0 FMUL 2 R5 R5 0 0 
20 0 0 1 0150 ffffffff 1 R0 FMUL 2 R5 R5 0 0 
34 0 0 1 0150 ffffffff 1 R0 FMUL 2 R5 R5 0 0 
16 0 0 1 0150 ffffffff 1 R0 FMUL 2 R5 R5 0 0 
26 0 0 1 0150 ffffffff 1 R0 FMUL 2 R5 R5 0 0 
34 0 0 2 0160 ffffffff 1 R11 FMUL 2 R6 R6 0 0 
34 0 0 3 0150 ffffffff 1 R0 FMUL 2 R5 R5 0 0 
26 0 0 0 0150 ffffffff 1 R0 FMUL 2 R5 R5 0 0 
26 0 0 2 0150 ffffffff 1 R0 FMUL 2 R5 R5 0 0 
27 0 0 0 0180 ffffffff 1 R14 FMUL 2 R14 R17 0 0 
22 0 0 1 0150 ffffffff 1 R0 FMUL 2 R5 R5 0 0 
26 0 0 3 0150 ffffffff 1 R0 FMUL 2 R5 R5 0 0 
27 0 0 2 0180 ffffffff 1 R14 FMUL 2 R14 R17 0 0 
7 0 0 3 00f0 ffffffff 1 R0 FMUL 2 R13 R13 0 0 
54 0 0 1 0100 ffffffff 1 R12 FMUL 2 R12 R11 0 0 
54 0 0 3 0110 ffffffff 1 R13 FMUL 2 R13 R0 0 0 
47 0 0 1 00f0 ffffffff 1 R0 FMUL 2 R13 R13 0 0 
35 0 0 0 0180 ffffffff 1 R14 FMUL 2 R14 R17 0 0 
51 0 0 3 0100 ffffffff 1 R12 FMUL 2 R12 R11 0 0 
14 0 0 1 0100 ffffffff 1 R12 FMUL 2 R12 R11 0 0 
27 0 0 3 0180 ffffffff 1 R14 FMUL 2 R14 R17 0 0 
7 0 0 0 00f0 ffffffff 1 R0 FMUL 2 R13 R13 0 0 
7 0 0 1 00f0 ffffffff 1 R0 FMUL 2 R13 R13 0 0 
27 0 0 1 0170 ffffffff 1 R2 FMUL 2 R7 R7 0 0 
31 0 0 3 0170 ffffffff 1 R2 FMUL 2 R7 R7 0 0 
47 0 0 3 00f0 ffffffff 1 R0 FMUL 2 R13 R13 0 0 
39 0 0 2 0170 ffffffff 1 R2 FMUL 2 R7 R7 0 0 
45 0 0 1 00f0 ffffffff 1 R0 FMUL 2 R13 R13 0 0 
39 0 0 0 0170 ffffffff 1 R2 FMUL 2 R7 R7 0 0 
36 0 0 3 0160 ffffffff 1 R11 FMUL 2 R6 R6 0 0 
4 0 0 2 00f0 ffffffff 1 R0 FMUL 2 R13 R13 0 0 
31 0 0 0 0170 ffffffff 1 R2 FMUL 2 R7 R7 0 0 
31 0 0 2 0170 ffffffff 1 R2 FMUL 2 R7 R7 0 0 
10 0 0 2 00f0 ffffffff 1 R0 FMUL 2 R13 R13 0 0 
35 0 0 2 0180 ffffffff 1 R14 FMUL 2 R14 R17 0 0 
47 0 0 0 00f0 ffffffff 1 R0 FMUL 2 R13 R13 0 0 
2 0 0 1 00f0 ffffffff 1 R0 FMUL 2 R13 R13 0 0 
9 0 0 3 00f0 ffffffff 1 R0 FMUL 2 R13 R13 0 0 
48 0 0 1 00f0 ffffffff 1 R0 FMUL 2 R13 R13 0 0 
33 0 0 3 0180 ffffffff 1 R14 FMUL 2 R14 R17 0 0 
7 0 0 2 00f0 ffffffff 1 R0 FMUL 2 R13 R13 0 0 
47 0 0 2 00f0 ffffffff 1 R0 FMUL 2 R13 R13 0 0 
54 0 0 2 00f0 ffffffff 1 R0 FMUL 2 R13 R13 0 0 
33 0 0 2 0180 ffffffff 1 R14 FMUL 2 R14 R17 0 0 
14 0 0 0 00f0 ffffffff 1 R0 FMUL 2 R13 R13 0 0 
12 0 0 1 0100 ffffffff 1 R12 FMUL 2 R12 R11 0 0 
3 0 0 1 00f0 ffffffff 1 R0 FMUL 2 R13 R13 0 0 
31 0 0 1 0170 ffffffff 1 R2 FMUL 2 R7 R7 0 0 
52 0 0 2 0100 ffffffff 1 R12 FMUL 2 R12 R11 0 0 
22 0 0 0 0160 ffffffff 1 R11 FMUL 2 R6 R6 0 0 
5 0 0 3 00f0 ffffffff 1 R0 FMUL 2 R13 R13 0 0 
1 0 0 3 00f0 ffffffff 1 R0 FMUL 2 R13 R13 0 0 
4 0 0 1 00f0 ffffffff 1 R0 FMUL 2 R13 R13 0 0 
36 0 0 1 0160 ffffffff 1 R11 FMUL 2 R6 R6 0 0 
36 0 0 2 0160 ffffffff 1 R11 FMUL 2 R6 R6 0 0 
15 0 0 0 0160 ffffffff 1 R11 FMUL 2 R6 R6 0 0 
52 0 0 1 00f0 ffffffff 1 R0 FMUL 2 R13 R13 0 0 
21 0 0 2 0160 ffffffff 1 R11 FMUL 2 R6 R6 0 0 
33 0 0 1 0180 ffffffff 1 R14 FMUL 2 R14 R17 0 0 
50 0 0 3 00f0 ffffffff 1 R0 FMUL 2 R13 R13 0 0 
33 0 0 0 0180 ffffffff 1 R14 FMUL 2 R14 R17 0 0 
10 0 0 3 00f0 ffffffff 1 R0 FMUL 2 R13 R13 0 0 
51 0 0 1 00f0 ffffffff 1 R0 FMUL 2 R13 R13 0 0 
21 0 0 3 0160 ffffffff 1 R11 FMUL 2 R6 R6 0 0 
17 0 0 2 0160 ffffffff 1 R11 FMUL 2 R6 R6 0 0 
28 0 0 0 0170 ffffffff 1 R2 FMUL 2 R7 R7 0 0 
11 0 0 1 00f0 ffffffff 1 R0 FMUL 2 R13 R13 0 0 
14 0 0 2 00f0 ffffffff 1 R0 FMUL 2 R13 R13 0 0 
11 0 0 3 00f0 ffffffff 1 R0 FMUL 2 R13 R13 0 0 
22 0 0 3 0160 ffffffff 1 R11 FMUL 2 R6 R6 0 0 
45 0 0 0 00f0 ffffffff 1 R0 FMUL 2 R13 R13 0 0 
35 0 0 1 0180 ffffffff 1 R14 FMUL 2 R14 R17 0 0 
1 0 0 2 00f0 ffffffff 1 R0 FMUL 2 R13 R13 0 0 
45 0 0 2 00f0 ffffffff 1 R0 FMUL 2 R13 R13 0 0 
17 0 0 0 0160 ffffffff 1 R11 FMUL 2 R6 R6 0 0 
41 0 0 0 00f0 ffffffff 1 R0 FMUL 2 R13 R13 0 0 
25 0 0 2 0170 ffffffff 1 R2 FMUL 2 R7 R7 0 0 
25 0 0 1 0170 ffffffff 1 R2 FMUL 2 R7 R7 0 0 
44 0 0 3 00f0 ffffffff 1 R0 FMUL 2 R13 R13 0 0 
13 0 0 1 00f0 ffffffff 1 R0 FMUL 2 R13 R13 0 0 
49 0 0 3 00f0 ffffffff 1 R0 FMUL 2 R13 R13 0 0 
9 0 0 1 00f0 ffffffff 1 R0 FMUL 2 R13 R13 0 0 
42 0 0 2 00f0 ffffffff 1 R0 FMUL 2 R13 R13 0 0 
49 0 0 1 00f0 ffffffff 1 R0 FMUL 2 R13 R13 0 0 
42 0 0 0 00f0 ffffffff 1 R0 FMUL 2 R13 R13 0 0 
2 0 0 2 00f0 ffffffff 1 R0 FMUL 2 R13 R13 0 0 
23 0 0 3 0160 ffffffff 1 R11 FMUL 2 R6 R6 0 0 
42 0 0 1 00f0 ffffffff 1 R0 FMUL 2 R13 R13 0 0 
4 0 0 0 00f0 ffffffff 1 R0 FMUL 2 R13 R13 0 0 
42 0 0 3 00f0 ffffffff 1 R0 FMUL 2 R13 R13 0 0 
12 0 0 3 00f0 ffffffff 1 R0 FMUL 2 R13 R13 0 0 
39 0 0 3 0170 ffffffff 1 R2 FMUL 2 R7 R7 0 0 
18 0 0 2 0160 ffffffff 1 R11 FMUL 2 R6 R6 0 0 
39 0 0 1 0170 ffffffff 1 R2 FMUL 2 R7 R7 0 0 
43 0 0 2 00f0 ffffffff 1 R0 FMUL 2 R13 R13 0 0 
15 0 0 2 0160 ffffffff 1 R11 FMUL 2 R6 R6 0 0 
1 0 0 1 00f0 ffffffff 1 R0 FMUL 2 R13 R13 0 0 
28 0 0 2 0170 ffffffff 1 R2 FMUL 2 R7 R7 0 0 
37 0 0 0 0160 ffffffff 1 R11 FMUL 2 R6 R6 0 0 
22 0 0 2 0160 ffffffff 1 R11 FMUL 2 R6 R6 0 0 
4 0 0 3 00f0 ffffffff 1 R0 FMUL 2 R13 R13 0 0 
49 0 0 0 00f0 ffffffff 1 R0 FMUL 2 R13 R13 0 0 
10 0 0 1 00f0 ffffffff 1 R0 FMUL 2 R13 R13 0 0 
50 0 0 2 00f0 ffffffff 1 R0 FMUL 2 R13 R13 0 0 
21 0 0 0 0160 ffffffff 1 R11 FMUL 2 R6 R6 0 0 
6 0 0 3 00f0 ffffffff 1 R0 FMUL 2 R13 R13 0 0 
19 0 0 0 0180 ffffffff 1 R14 FMUL 2 R14 R17 0 0 
25 0 0 3 0170 ffffffff 1 R2 FMUL 2 R7 R7 0 0 
1 0 0 0 00f0 ffffffff 1 R0 FMUL 2 R13 R13 0 0 
10 0 0 0 00f0 ffffffff 1 R0 FMUL 2 R13 R13 0 0 
21 0 0 1 0160 ffffffff 1 R11 FMUL 2 R6 R6 0 0 
25 0 0 0 0170 ffffffff 1 R2 FMUL 2 R7 R7 0 0 
23 0 0 1 0160 ffffffff 1 R11 FMUL 2 R6 R6 0 0 
53 0 0 2 00f0 ffffffff 1 R0 FMUL 2 R13 R13 0 0 
2 0 0 3 00f0 ffffffff 1 R0 FMUL 2 R13 R13 0 0 
46 0 0 3 00f0 ffffffff 1 R0 FMUL 2 R13 R13 0 0 
5 0 0 2 00f0 ffffffff 1 R0 FMUL 2 R13 R13 0 0 
41 0 0 3 00f0 ffffffff 1 R0 FMUL 2 R13 R13 0 0 
24 0 0 1 0160 ffffffff 1 R11 FMUL 2 R6 R6 0 0 
9 0 0 2 00f0 ffffffff 1 R0 FMUL 2 R13 R13 0 0 
54 0 0 0 00f0 ffffffff 1 R0 FMUL 2 R13 R13 0 0 
16 0 0 0 0160 ffffffff 1 R11 FMUL 2 R6 R6 0 0 
32 0 0 0 0160 ffffffff 1 R11 FMUL 2 R6 R6 0 0 
36 0 0 0 0160 ffffffff 1 R11 FMUL 2 R6 R6 0 0 
15 0 0 3 0160 ffffffff 1 R11 FMUL 2 R6 R6 0 0 
24 0 0 2 0170 ffffffff 1 R2 FMUL 2 R7 R7 0 0 
43 0 0 3 00f0 ffffffff 1 R0 FMUL 2 R13 R13 0 0 
43 0 0 0 00f0 ffffffff 1 R0 FMUL 2 R13 R13 0 0 
35 0 0 3 0170 ffffffff 1 R2 FMUL 2 R7 R7 0 0 
19 0 0 1 0170 ffffffff 1 R2 FMUL 2 R7 R7 0 0 
32 0 0 2 0160 ffffffff 1 R11 FMUL 2 R6 R6 0 0 
19 0 0 2 0170 ffffffff 1 R2 FMUL 2 R7 R7 0 0 
44 0 0 1 00f0 ffffffff 1 R0 FMUL 2 R13 R13 0 0 
28 0 0 3 0170 ffffffff 1 R2 FMUL 2 R7 R7 0 0 
19 0 0 3 0170 ffffffff 1 R2 FMUL 2 R7 R7 0 0 
14 0 0 3 00f0 ffffffff 1 R0 FMUL 2 R13 R13 0 0 
49 0 0 2 00f0 ffffffff 1 R0 FMUL 2 R13 R13 0 0 
28 0 0 1 0170 ffffffff 1 R2 FMUL 2 R7 R7 0 0 
17 0 0 3 0160 ffffffff 1 R11 FMUL 2 R6 R6 0 0 
9 0 0 0 00f0 ffffffff 1 R0 FMUL 2 R13 R13 0 0 
2 0 0 0 00f0 ffffffff 1 R0 FMUL 2 R13 R13 0 0 
50 0 0 1 00f0 ffffffff 1 R0 FMUL 2 R13 R13 0 0 
17 0 0 1 0160 ffffffff 1 R11 FMUL 2 R6 R6 0 0 
41 0 0 1 00f0 ffffffff 1 R0 FMUL 2 R13 R13 0 0 
37 0 0 1 0160 ffffffff 1 R11 FMUL 2 R6 R6 0 0 
37 0 0 2 0160 ffffffff 1 R11 FMUL 2 R6 R6 0 0 
37 0 0 3 0160 ffffffff 1 R11 FMUL 2 R6 R6 0 0 
41 0 0 2 00f0 ffffffff 1 R0 FMUL 2 R13 R13 0 0 
12 0 0 2 00f0 ffffffff 1 R0 FMUL 2 R13 R13 0 0 
20 0 0 3 0160 ffffffff 1 R11 FMUL 2 R6 R6 0 0 
53 0 0 0 00f0 ffffffff 1 R0 FMUL 2 R13 R13 0 0 
40 0 0 1 00f0 ffffffff 1 R0 FMUL 2 R13 R13 0 0 
40 0 0 2 00f0 ffffffff 1 R0 FMUL 2 R13 R13 0 0 
30 0 0 1 0170 ffffffff 1 R2 FMUL 2 R7 R7 0 0 
30 0 0 2 0170 ffffffff 1 R2 FMUL 2 R7 R7 0 0 
30 0 0 0 0170 ffffffff 1 R2 FMUL 2 R7 R7 0 0 
53 0 0 1 00f0 ffffffff 1 R0 FMUL 2 R13 R13 0 0 
8 0 0 3 00f0 ffffffff 1 R0 FMUL 2 R13 R13 0 0 
24 0 0 0 0160 ffffffff 1 R11 FMUL 2 R6 R6 0 0 
6 0 0 1 00f0 ffffffff 1 R0 FMUL 2 R13 R13 0 0 
50 0 0 0 00f0 ffffffff 1 R0 FMUL 2 R13 R13 0 0 
13 0 0 3 00f0 ffffffff 1 R0 FMUL 2 R13 R13 0 0 
0 0 0 1 00f0 ffffffff 1 R0 FMUL 2 R13 R13 0 0 
40 0 0 3 00f0 ffffffff 1 R0 FMUL 2 R13 R13 0 0 
30 0 0 3 0170 ffffffff 1 R2 FMUL 2 R7 R7 0 0 
23 0 0 0 0160 ffffffff 1 R11 FMUL 2 R6 R6 0 0 
18 0 0 1 0160 ffffffff 1 R11 FMUL 2 R6 R6 0 0 
46 0 0 2 00f0 ffffffff 1 R0 FMUL 2 R13 R13 0 0 
13 0 0 0 00f0 ffffffff 1 R0 FMUL 2 R13 R13 0 0 
5 0 0 1 00f0 ffffffff 1 R0 FMUL 2 R13 R13 0 0 
13 0 0 2 00f0 ffffffff 1 R0 FMUL 2 R13 R13 0 0 
48 0 0 2 00f0 ffffffff 1 R0 FMUL 2 R13 R13 0 0 
29 0 0 3 0160 ffffffff 1 R11 FMUL 2 R6 R6 0 0 
53 0 0 3 00f0 ffffffff 1 R0 FMUL 2 R13 R13 0 0 
24 0 0 3 0160 ffffffff 1 R11 FMUL 2 R6 R6 0 0 
48 0 0 3 00f0 ffffffff 1 R0 FMUL 2 R13 R13 0 0 
8 0 0 0 00f0 ffffffff 1 R0 FMUL 2 R13 R13 0 0 
18 0 0 0 0160 ffffffff 1 R11 FMUL 2 R6 R6 0 0 
5 0 0 0 00f0 ffffffff 1 R0 FMUL 2 R13 R13 0 0 
18 0 0 3 0160 ffffffff 1 R11 FMUL 2 R6 R6 0 0 
32 0 0 1 0160 ffffffff 1 R11 FMUL 2 R6 R6 0 0 
3 0 0 3 00f0 ffffffff 1 R0 FMUL 2 R13 R13 0 0 
20 0 0 1 0160 ffffffff 1 R11 FMUL 2 R6 R6 0 0 
46 0 0 1 00f0 ffffffff 1 R0 FMUL 2 R13 R13 0 0 
12 0 0 0 00f0 ffffffff 1 R0 FMUL 2 R13 R13 0 0 
52 0 0 3 00f0 ffffffff 1 R0 FMUL 2 R13 R13 0 0 
16 0 0 1 0160 ffffffff 1 R11 FMUL 2 R6 R6 0 0 
32 0 0 3 0160 ffffffff 1 R11 FMUL 2 R6 R6 0 0 
20 0 0 0 0160 ffffffff 1 R11 FMUL 2 R6 R6 0 0 
16 0 0 3 0160 ffffffff 1 R11 FMUL 2 R6 R6 0 0 
52 0 0 0 00f0 ffffffff 1 R0 FMUL 2 R13 R13 0 0 
45 0 0 3 00f0 ffffffff 1 R0 FMUL 2 R13 R13 0 0 
23 0 0 2 0170 ffffffff 1 R2 FMUL 2 R7 R7 0 0 
6 0 0 0 00f0 ffffffff 1 R0 FMUL 2 R13 R13 0 0 
6 0 0 2 00f0 ffffffff 1 R0 FMUL 2 R13 R13 0 0 
0 0 0 0 00f0 ffffffff 1 R0 FMUL 2 R13 R13 0 0 
0 0 0 3 00f0 ffffffff 1 R0 FMUL 2 R13 R13 0 0 
40 0 0 0 00f0 ffffffff 1 R0 FMUL 2 R13 R13 0 0 
8 0 0 1 00f0 ffffffff 1 R0 FMUL 2 R13 R13 0 0 
48 0 0 0 00f0 ffffffff 1 R0 FMUL 2 R13 R13 0 0 
0 0 0 2 00f0 ffffffff 1 R0 FMUL 2 R13 R13 0 0 
8 0 0 2 00f0 ffffffff 1 R0 FMUL 2 R13 R13 0 0 
16 0 0 2 0160 ffffffff 1 R11 FMUL 2 R6 R6 0 0 
20 0 0 2 0160 ffffffff 1 R11 FMUL 2 R6 R6 0 0 
44 0 0 2 00f0 ffffffff 1 R0 FMUL 2 R13 R13 0 0 
29 0 0 2 0160 ffffffff 1 R11 FMUL 2 R6 R6 0 0 
3 0 0 0 00f0 ffffffff 1 R0 FMUL 2 R13 R13 0 0 
38 0 0 1 0160 ffffffff 1 R11 FMUL 2 R6 R6 0 0 
38 0 0 2 0160 ffffffff 1 R11 FMUL 2 R6 R6 0 0 
38 0 0 3 0160 ffffffff 1 R11 FMUL 2 R6 R6 0 0 
34 0 0 0 0170 ffffffff 1 R2 FMUL 2 R7 R7 0 0 
46 0 0 0 00f0 ffffffff 1 R0 FMUL 2 R13 R13 0 0 
44 0 0 0 00f0 ffffffff 1 R0 FMUL 2 R13 R13 0 0 
51 0 0 2 00f0 ffffffff 1 R0 FMUL 2 R13 R13 0 0 
11 0 0 2 00f0 ffffffff 1 R0 FMUL 2 R13 R13 0 0 
3 0 0 2 00f0 ffffffff 1 R0 FMUL 2 R13 R13 0 0 
29 0 0 0 0160 ffffffff 1 R11 FMUL 2 R6 R6 0 0 
38 0 0 0 0160 ffffffff 1 R11 FMUL 2 R6 R6 0 0 
15 0 0 1 0160 ffffffff 1 R11 FMUL 2 R6 R6 0 0 
34 0 0 3 0160 ffffffff 1 R11 FMUL 2 R6 R6 0 0 
43 0 0 1 00f0 ffffffff 1 R0 FMUL 2 R13 R13 0 0 
34 0 0 1 0160 ffffffff 1 R11 FMUL 2 R6 R6 0 0 
29 0 0 1 0160 ffffffff 1 R11 FMUL 2 R6 R6 0 0 
34 0 0 2 0170 ffffffff 1 R2 FMUL 2 R7 R7 0 0 
26 0 0 2 0160 ffffffff 1 R11 FMUL 2 R6 R6 0 0 
27 0 0 0 0190 ffffffff 1 R15 FMUL 2 R15 R10 0 0 
11 0 0 0 00f0 ffffffff 1 R0 FMUL 2 R13 R13 0 0 
51 0 0 0 00f0 ffffffff 1 R0 FMUL 2 R13 R13 0 0 
26 0 0 3 0160 ffffffff 1 R11 FMUL 2 R6 R6 0 0 
35 0 0 0 0190 ffffffff 1 R15 FMUL 2 R15 R10 0 0 
26 0 0 0 0160 ffffffff 1 R11 FMUL 2 R6 R6 0 0 
26 0 0 1 0160 ffffffff 1 R11 FMUL 2 R6 R6 0 0 
35 0 0 2 0190 ffffffff 1 R15 FMUL 2 R15 R10 0 0 
27 0 0 2 0190 ffffffff 1 R15 FMUL 2 R15 R10 0 0 
35 0 0 3 0180 ffffffff 1 R14 FMUL 2 R14 R17 0 0 
27 0 0 3 0190 ffffffff 1 R15 FMUL 2 R15 R10 0 0 
31 0 0 2 0180 ffffffff 1 R14 FMUL 2 R14 R17 0 0 
39 0 0 0 0180 ffffffff 1 R14 FMUL 2 R14 R17 0 0 
39 0 0 2 0180 ffffffff 1 R14 FMUL 2 R14 R17 0 0 
22 0 0 3 0170 ffffffff 1 R2 FMUL 2 R7 R7 0 0 
23 0 0 0 0170 ffffffff 1 R2 FMUL 2 R7 R7 0 0 
22 0 0 1 0160 ffffffff 1 R11 FMUL 2 R6 R6 0 0 
19 0 0 0 0190 ffffffff 1 R15 FMUL 2 R15 R10 0 0 
22 0 0 2 0170 ffffffff 1 R2 FMUL 2 R7 R7 0 0 
31 0 0 1 0180 ffffffff 1 R14 FMUL 2 R14 R17 0 0 
31 0 0 0 0180 ffffffff 1 R14 FMUL 2 R14 R17 0 0 
25 0 0 3 0180 ffffffff 1 R14 FMUL 2 R14 R17 0 0 
27 0 0 1 0180 ffffffff 1 R14 FMUL 2 R14 R17 0 0 
17 0 0 3 0170 ffffffff 1 R2 FMUL 2 R7 R7 0 0 
36 0 0 0 0170 ffffffff 1 R2 FMUL 2 R7 R7 0 0 
23 0 0 3 0170 ffffffff 1 R2 FMUL 2 R7 R7 0 0 
33 0 0 2 0190 ffffffff 1 R15 FMUL 2 R15 R10 0 0 
35 0 0 1 0190 ffffffff 1 R15 FMUL 2 R15 R10 0 0 
17 0 0 2 0170 ffffffff 1 R2 FMUL 2 R7 R7 0 0 
28 0 0 0 0180 ffffffff 1 R14 FMUL 2 R14 R17 0 0 
33 0 0 3 0190 ffffffff 1 R15 FMUL 2 R15 R10 0 0 
19 0 0 2 0180 ffffffff 1 R14 FMUL 2 R14 R17 0 0 
19 0 0 3 0180 ffffffff 1 R14 FMUL 2 R14 R17 0 0 
31 0 0 3 0180 ffffffff 1 R14 FMUL 2 R14 R17 0 0 
39 0 0 3 0180 ffffffff 1 R14 FMUL 2 R14 R17 0 0 
17 0 0 1 0170 ffffffff 1 R2 FMUL 2 R7 R7 0 0 
36 0 0 1 0170 ffffffff 1 R2 FMUL 2 R7 R7 0 0 
36 0 0 2 0170 ffffffff 1 R2 FMUL 2 R7 R7 0 0 
28 0 0 3 0180 ffffffff 1 R14 FMUL 2 R14 R17 0 0 
36 0 0 3 0170 ffffffff 1 R2 FMUL 2 R7 R7 0 0 
18 0 0 0 0170 ffffffff 1 R2 FMUL 2 R7 R7 0 0 
33 0 0 1 0190 ffffffff 1 R15 FMUL 2 R15 R10 0 0 
15 0 0 2 0170 ffffffff 1 R2 FMUL 2 R7 R7 0 0 
25 0 0 1 0180 ffffffff 1 R14 FMUL 2 R14 R17 0 0 
23 0 0 1 0170 ffffffff 1 R2 FMUL 2 R7 R7 0 0 
32 0 0 0 0170 ffffffff 1 R2 FMUL 2 R7 R7 0 0 
30 0 0 0 0180 ffffffff 1 R14 FMUL 2 R14 R17 0 0 
30 0 0 1 0180 ffffffff 1 R14 FMUL 2 R14 R17 0 0 
30 0 0 3 0180 ffffffff 1 R14 FMUL 2 R14 R17 0 0 
23 0 0 2 0180 ffffffff 1 R14 FMUL 2 R14 R17 0 0 
24 0 0 2 0180 ffffffff 1 R14 FMUL 2 R14 R17 0 0 
18 0 0 3 0170 ffffffff 1 R2 FMUL 2 R7 R7 0 0 
28 0 0 1 0180 ffffffff 1 R14 FMUL 2 R14 R17 0 0 
22 0 0 0 0170 ffffffff 1 R2 FMUL 2 R7 R7 0 0 
33 0 0 0 0190 ffffffff 1 R15 FMUL 2 R15 R10 0 0 
24 0 0 1 0170 ffffffff 1 R2 FMUL 2 R7 R7 0 0 
28 0 0 2 0180 ffffffff 1 R14 FMUL 2 R14 R17 0 0 
15 0 0 3 0170 ffffffff 1 R2 FMUL 2 R7 R7 0 0 
15 0 0 0 0170 ffffffff 1 R2 FMUL 2 R7 R7 0 0 
30 0 0 2 0180 ffffffff 1 R14 FMUL 2 R14 R17 0 0 
20 0 0 3 0170 ffffffff 1 R2 FMUL 2 R7 R7 0 0 
37 0 0 2 0170 ffffffff 1 R2 FMUL 2 R7 R7 0 0 
32 0 0 2 0170 ffffffff 1 R2 FMUL 2 R7 R7 0 0 
24 0 0 0 0170 ffffffff 1 R2 FMUL 2 R7 R7 0 0 
32 0 0 3 0170 ffffffff 1 R2 FMUL 2 R7 R7 0 0 
37 0 0 3 0170 ffffffff 1 R2 FMUL 2 R7 R7 0 0 
19 0 0 1 0180 ffffffff 1 R14 FMUL 2 R14 R17 0 0 
54 0 0 3 0120 ffffffff 1 R17 FMUL 2 R14 R14 0 0 
21 0 0 3 0170 ffffffff 1 R2 FMUL 2 R7 R7 0 0 
39 0 0 1 0180 ffffffff 1 R14 FMUL 2 R14 R17 0 0 
15 0 0 1 0170 ffffffff 1 R2 FMUL 2 R7 R7 0 0 
54 0 0 1 0110 ffffffff 1 R13 FMUL 2 R13 R0 0 0 
35 0 0 0 01a0 ffffffff 1 R4 FMUL 2 R4 R3 0 0 
25 0 0 0 0180 ffffffff 1 R14 FMUL 2 R14 R17 0 0 
20 0 0 1 0170 ffffffff 1 R2 FMUL 2 R7 R7 0 0 
20 0 0 2 0170 ffffffff 1 R2 FMUL 2 R7 R7 0 0 
34 0 0 2 0180 ffffffff 1 R14 FMUL 2 R14 R17 0 0 
34 0 0 0 0180 ffffffff 1 R14 FMUL 2 R14 R17 0 0 
34 0 0 1 0170 ffffffff 1 R2 FMUL 2 R7 R7 0 0 
24 0 0 3 0170 ffffffff 1 R2 FMUL 2 R7 R7 0 0 
29 0 0 0 0170 ffffffff 1 R2 FMUL 2 R7 R7 0 0 
16 0 0 0 0170 ffffffff 1 R2 FMUL 2 R7 R7 0 0 
34 0 0 3 0170 ffffffff 1 R2 FMUL 2 R7 R7 0 0 
18 0 0 1 0170 ffffffff 1 R2 FMUL 2 R7 R7 0 0 
29 0 0 1 0170 ffffffff 1 R2 FMUL 2 R7 R7 0 0 
16 0 0 3 0170 ffffffff 1 R2 FMUL 2 R7 R7 0 0 
18 0 0 2 0170 ffffffff 1 R2 FMUL 2 R7 R7 0 0 
37 0 0 0 0170 ffffffff 1 R2 FMUL 2 R7 R7 0 0 
32 0 0 1 0170 ffffffff 1 R2 FMUL 2 R7 R7 0 0 
20 0 0 0 0170 ffffffff 1 R2 FMUL 2 R7 R7 0 0 
21 0 0 2 0170 ffffffff 1 R2 FMUL 2 R7 R7 0 0 
38 0 0 2 0170 ffffffff 1 R2 FMUL 2 R7 R7 0 0 
25 0 0 2 0180 ffffffff 1 R14 FMUL 2 R14 R17 0 0 
38 0 0 0 0170 ffffffff 1 R2 FMUL 2 R7 R7 0 0 
16 0 0 2 0170 ffffffff 1 R2 FMUL 2 R7 R7 0 0 
16 0 0 1 0170 ffffffff 1 R2 FMUL 2 R7 R7 0 0 
17 0 0 0 0170 ffffffff 1 R2 FMUL 2 R7 R7 0 0 
27 0 0 0 01a0 ffffffff 1 R4 FMUL 2 R4 R3 0 0 
38 0 0 3 0170 ffffffff 1 R2 FMUL 2 R7 R7 0 0 
48 0 0 1 0100 ffffffff 1 R12 FMUL 2 R12 R11 0 0 
37 0 0 1 0170 ffffffff 1 R2 FMUL 2 R7 R7 0 0 
29 0 0 3 0170 ffffffff 1 R2 FMUL 2 R7 R7 0 0 
29 0 0 2 0170 ffffffff 1 R2 FMUL 2 R7 R7 0 0 
38 0 0 1 0170 ffffffff 1 R2 FMUL 2 R7 R7 0 0 
21 0 0 0 0170 ffffffff 1 R2 FMUL 2 R7 R7 0 0 
14 0 0 1 0110 ffffffff 1 R13 FMUL 2 R13 R0 0 0 
50 0 0 3 0100 ffffffff 1 R12 FMUL 2 R12 R11 0 0 
7 0 0 3 0100 ffffffff 1 R12 FMUL 2 R12 R11 0 0 
51 0 0 3 0110 ffffffff 1 R13 FMUL 2 R13 R0 0 0 
21 0 0 1 0170 ffffffff 1 R2 FMUL 2 R7 R7 0 0 
35 0 0 2 01a0 ffffffff 1 R4 FMUL 2 R4 R3 0 0 
7 0 0 1 0100 ffffffff 1 R12 FMUL 2 R12 R11 0 0 
7 0 0 0 0100 ffffffff 1 R12 FMUL 2 R12 R11 0 0 
26 0 0 0 0170 ffffffff 1 R2 FMUL 2 R7 R7 0 0 
12 0 0 1 0110 ffffffff 1 R13 FMUL 2 R13 R0 0 0 
7 0 0 2 0100 ffffffff 1 R12 FMUL 2 R12 R11 0 0 
45 0 0 1 0100 ffffffff 1 R12 FMUL 2 R12 R11 0 0 
8 0 0 3 0100 ffffffff 1 R12 FMUL 2 R12 R11 0 0 
13 0 0 1 0100 ffffffff 1 R12 FMUL 2 R12 R11 0 0 
10 0 0 2 0100 ffffffff 1 R12 FMUL 2 R12 R11 0 0 
10 0 0 3 0100 ffffffff 1 R12 FMUL 2 R12 R11 0 0 
9 0 0 3 0100 ffffffff 1 R12 FMUL 2 R12 R11 0 0 
3 0 0 1 0100 ffffffff 1 R12 FMUL 2 R12 R11 0 0 
2 0 0 0 0100 ffffffff 1 R12 FMUL 2 R12 R11 0 0 
47 0 0 1 0100 ffffffff 1 R12 FMUL 2 R12 R11 0 0 
27 0 0 2 01a0 ffffffff 1 R4 FMUL 2 R4 R3 0 0 
8 0 0 1 0100 ffffffff 1 R12 FMUL 2 R12 R11 0 0 
4 0 0 2 0100 ffffffff 1 R12 FMUL 2 R12 R11 0 0 
47 0 0 3 0100 ffffffff 1 R12 FMUL 2 R12 R11 0 0 
47 0 0 2 0100 ffffffff 1 R12 FMUL 2 R12 R11 0 0 
47 0 0 0 0100 ffffffff 1 R12 FMUL 2 R12 R11 0 0 
26 0 0 3 0170 ffffffff 1 R2 FMUL 2 R7 R7 0 0 
13 0 0 0 0100 ffffffff 1 R12 FMUL 2 R12 R11 0 0 
26 0 0 1 0170 ffffffff 1 R2 FMUL 2 R7 R7 0 0 
26 0 0 2 0170 ffffffff 1 R2 FMUL 2 R7 R7 0 0 
43 0 0 3 0100 ffffffff 1 R12 FMUL 2 R12 R11 0 0 
48 0 0 3 0100 ffffffff 1 R12 FMUL 2 R12 R11 0 0 
10 0 0 1 0100 ffffffff 1 R12 FMUL 2 R12 R11 0 0 
10 0 0 0 0100 ffffffff 1 R12 FMUL 2 R12 R11 0 0 
50 0 0 2 0100 ffffffff 1 R12 FMUL 2 R12 R11 0 0 
50 0 0 0 0100 ffffffff 1 R12 FMUL 2 R12 R11 0 0 
50 0 0 1 0100 ffffffff 1 R12 FMUL 2 R12 R11 0 0 
51 0 0 1 0100 ffffffff 1 R12 FMUL 2 R12 R11 0 0 
11 0 0 3 0100 ffffffff 1 R12 FMUL 2 R12 R11 0 0 
45 0 0 0 0100 ffffffff 1 R12 FMUL 2 R12 R11 0 0 
3 0 0 3 0100 ffffffff 1 R12 FMUL 2 R12 R11 0 0 
11 0 0 1 0100 ffffffff 1 R12 FMUL 2 R12 R11 0 0 
2 0 0 2 0100 ffffffff 1 R12 FMUL 2 R12 R11 0 0 
53 0 0 1 0100 ffffffff 1 R12 FMUL 2 R12 R11 0 0 
48 0 0 2 0100 ffffffff 1 R12 FMUL 2 R12 R11 0 0 
40 0 0 1 0100 ffffffff 1 R12 FMUL 2 R12 R11 0 0 
2 0 0 1 0100 ffffffff 1 R12 FMUL 2 R12 R11 0 0 
48 0 0 0 0100 ffffffff 1 R12 FMUL 2 R12 R11 0 0 
9 0 0 2 0100 ffffffff 1 R12 FMUL 2 R12 R11 0 0 
14 0 0 3 0100 ffffffff 1 R12 FMUL 2 R12 R11 0 0 
52 0 0 2 0110 ffffffff 1 R13 FMUL 2 R13 R0 0 0 
8 0 0 0 0100 ffffffff 1 R12 FMUL 2 R12 R11 0 0 
2 0 0 3 0100 ffffffff 1 R12 FMUL 2 R12 R11 0 0 
46 0 0 2 0100 ffffffff 1 R12 FMUL 2 R12 R11 0 0 
41 0 0 1 0100 ffffffff 1 R12 FMUL 2 R12 R11 0 0 
52 0 0 1 0100 ffffffff 1 R12 FMUL 2 R12 R11 0 0 
9 0 0 0 0100 ffffffff 1 R12 FMUL 2 R12 R11 0 0 
5 0 0 1 0100 ffffffff 1 R12 FMUL 2 R12 R11 0 0 
5 0 0 3 0100 ffffffff 1 R12 FMUL 2 R12 R11 0 0 
12 0 0 0 0100 ffffffff 1 R12 FMUL 2 R12 R11 0 0 
45 0 0 2 0100 ffffffff 1 R12 FMUL 2 R12 R11 0 0 
52 0 0 3 0100 ffffffff 1 R12 FMUL 2 R12 R11 0 0 
43 0 0 2 0100 ffffffff 1 R12 FMUL 2 R12 R11 0 0 
42 0 0 0 0100 ffffffff 1 R12 FMUL 2 R12 R11 0 0 
42 0 0 1 0100 ffffffff 1 R12 FMUL 2 R12 R11 0 0 
53 0 0 3 0100 ffffffff 1 R12 FMUL 2 R12 R11 0 0 
13 0 0 3 0100 ffffffff 1 R12 FMUL 2 R12 R11 0 0 
53 0 0 0 0100 ffffffff 1 R12 FMUL 2 R12 R11 0 0 
53 0 0 2 0100 ffffffff 1 R12 FMUL 2 R12 R11 0 0 
3 0 0 0 0100 ffffffff 1 R12 FMUL 2 R12 R11 0 0 
54 0 0 2 0100 ffffffff 1 R12 FMUL 2 R12 R11 0 0 
0 0 0 1 0100 ffffffff 1 R12 FMUL 2 R12 R11 0 0 
13 0 0 2 0100 ffffffff 1 R12 FMUL 2 R12 R11 0 0 
14 0 0 0 0100 ffffffff 1 R12 FMUL 2 R12 R11 0 0 
42 0 0 3 0100 ffffffff 1 R12 FMUL 2 R12 R11 0 0 
12 0 0 3 0100 ffffffff 1 R12 FMUL 2 R12 R11 0 0 
40 0 0 0 0100 ffffffff 1 R12 FMUL 2 R12 R11 0 0 
0 0 0 0 0100 ffffffff 1 R12 FMUL 2 R12 R11 0 0 
8 0 0 2 0100 ffffffff 1 R12 FMUL 2 R12 R11 0 0 
43 0 0 0 0100 ffffffff 1 R12 FMUL 2 R12 R11 0 0 
11 0 0 2 0100 ffffffff 1 R12 FMUL 2 R12 R11 0 0 
14 0 0 2 0100 ffffffff 1 R12 FMUL 2 R12 R11 0 0 
40 0 0 2 0100 ffffffff 1 R12 FMUL 2 R12 R11 0 0 
54 0 0 0 0100 ffffffff 1 R12 FMUL 2 R12 R11 0 0 
49 0 0 2 0100 ffffffff 1 R12 FMUL 2 R12 R11 0 0 
51 0 0 2 0100 ffffffff 1 R12 FMUL 2 R12 R11 0 0 
12 0 0 2 0100 ffffffff 1 R12 FMUL 2 R12 R11 0 0 
4 0 0 1 0100 ffffffff 1 R12 FMUL 2 R12 R11 0 0 
4 0 0 3 0100 ffffffff 1 R12 FMUL 2 R12 R11 0 0 
49 0 0 3 0100 ffffffff 1 R12 FMUL 2 R12 R11 0 0 
6 0 0 1 0100 ffffffff 1 R12 FMUL 2 R12 R11 0 0 
46 0 0 3 0100 ffffffff 1 R12 FMUL 2 R12 R11 0 0 
44 0 0 1 0100 ffffffff 1 R12 FMUL 2 R12 R11 0 0 
46 0 0 1 0100 ffffffff 1 R12 FMUL 2 R12 R11 0 0 
1 0 0 3 0100 ffffffff 1 R12 FMUL 2 R12 R11 0 0 
41 0 0 2 0100 ffffffff 1 R12 FMUL 2 R12 R11 0 0 
6 0 0 2 0100 ffffffff 1 R12 FMUL 2 R12 R11 0 0 
41 0 0 3 0100 ffffffff 1 R12 FMUL 2 R12 R11 0 0 
6 0 0 0 0100 ffffffff 1 R12 FMUL 2 R12 R11 0 0 
6 0 0 3 0100 ffffffff 1 R12 FMUL 2 R12 R11 0 0 
3 0 0 2 0100 ffffffff 1 R12 FMUL 2 R12 R11 0 0 
1 0 0 0 0100 ffffffff 1 R12 FMUL 2 R12 R11 0 0 
31 0 0 2 0190 ffffffff 1 R15 FMUL 2 R15 R10 0 0 
5 0 0 2 0100 ffffffff 1 R12 FMUL 2 R12 R11 0 0 
46 0 0 0 0100 ffffffff 1 R12 FMUL 2 R12 R11 0 0 
49 0 0 0 0100 ffffffff 1 R12 FMUL 2 R12 R11 0 0 
42 0 0 2 0100 ffffffff 1 R12 FMUL 2 R12 R11 0 0 
35 0 0 3 0190 ffffffff 1 R15 FMUL 2 R15 R10 0 0 
31 0 0 0 0190 ffffffff 1 R15 FMUL 2 R15 R10 0 0 
9 0 0 1 0100 ffffffff 1 R12 FMUL 2 R12 R11 0 0 
49 0 0 1 0100 ffffffff 1 R12 FMUL 2 R12 R11 0 0 
44 0 0 0 0100 ffffffff 1 R12 FMUL 2 R12 R11 0 0 
43 0 0 1 0100 ffffffff 1 R12 FMUL 2 R12 R11 0 0 
41 0 0 0 0100 ffffffff 1 R12 FMUL 2 R12 R11 0 0 
44 0 0 3 0100 ffffffff 1 R12 FMUL 2 R12 R11 0 0 
39 0 0 2 0190 ffffffff 1 R15 FMUL 2 R15 R10 0 0 
4 0 0 0 0100 ffffffff 1 R12 FMUL 2 R12 R11 0 0 
44 0 0 2 0100 ffffffff 1 R12 FMUL 2 R12 R11 0 0 
0 0 0 3 0100 ffffffff 1 R12 FMUL 2 R12 R11 0 0 
40 0 0 3 0100 ffffffff 1 R12 FMUL 2 R12 R11 0 0 
45 0 0 3 0100 ffffffff 1 R12 FMUL 2 R12 R11 0 0 
27 0 0 3 01a0 ffffffff 1 R4 FMUL 2 R4 R3 0 0 
5 0 0 0 0100 ffffffff 1 R12 FMUL 2 R12 R11 0 0 
52 0 0 0 0100 ffffffff 1 R12 FMUL 2 R12 R11 0 0 
39 0 0 3 0190 ffffffff 1 R15 FMUL 2 R15 R10 0 0 
39 0 0 0 0190 ffffffff 1 R15 FMUL 2 R15 R10 0 0 
31 0 0 3 0190 ffffffff 1 R15 FMUL 2 R15 R10 0 0 
27 0 0 1 0190 ffffffff 1 R15 FMUL 2 R15 R10 0 0 
51 0 0 0 0100 ffffffff 1 R12 FMUL 2 R12 R11 0 0 
0 0 0 2 0100 ffffffff 1 R12 FMUL 2 R12 R11 0 0 
31 0 0 1 0190 ffffffff 1 R15 FMUL 2 R15 R10 0 0 
28 0 0 2 0190 ffffffff 1 R15 FMUL 2 R15 R10 0 0 
1 0 0 1 0100 ffffffff 1 R12 FMUL 2 R12 R11 0 0 
1 0 0 2 0100 ffffffff 1 R12 FMUL 2 R12 R11 0 0 
11 0 0 0 0100 ffffffff 1 R12 FMUL 2 R12 R11 0 0 
19 0 0 0 01a0 ffffffff 1 R4 FMUL 2 R4 R3 0 0 
28 0 0 0 0190 ffffffff 1 R15 FMUL 2 R15 R10 0 0 
36 0 0 2 0180 ffffffff 1 R14 FMUL 2 R14 R17 0 0 
22 0 0 0 0180 ffffffff 1 R14 FMUL 2 R14 R17 0 0 
28 0 0 1 0190 ffffffff 1 R15 FMUL 2 R15 R10 0 0 
30 0 0 0 0190 ffffffff 1 R15 FMUL 2 R15 R10 0 0 
30 0 0 2 0190 ffffffff 1 R15 FMUL 2 R15 R10 0 0 
23 0 0 0 0180 ffffffff 1 R14 FMUL 2 R14 R17 0 0 
35 0 0 1 01a0 ffffffff 1 R4 FMUL 2 R4 R3 0 0 
36 0 0 1 0180 ffffffff 1 R14 FMUL 2 R14 R17 0 0 
39 0 0 1 0190 ffffffff 1 R15 FMUL 2 R15 R10 0 0 
36 0 0 0 0180 ffffffff 1 R14 FMUL 2 R14 R17 0 0 
30 0 0 3 0190 ffffffff 1 R15 FMUL 2 R15 R10 0 0 
30 0 0 1 0190 ffffffff 1 R15 FMUL 2 R15 R10 0 0 
17 0 0 3 0180 ffffffff 1 R14 FMUL 2 R14 R17 0 0 
17 0 0 2 0180 ffffffff 1 R14 FMUL 2 R14 R17 0 0 
35 0 0 0 01b0 ffffffff 1 R5 FMUL 2 R5 R0 0 0 
19 0 0 1 0190 ffffffff 1 R15 FMUL 2 R15 R10 0 0 
19 0 0 3 0190 ffffffff 1 R15 FMUL 2 R15 R10 0 0 
19 0 0 2 0190 ffffffff 1 R15 FMUL 2 R15 R10 0 0 
23 0 0 1 0180 ffffffff 1 R14 FMUL 2 R14 R17 0 0 
36 0 0 3 0180 ffffffff 1 R14 FMUL 2 R14 R17 0 0 
15 0 0 0 0180 ffffffff 1 R14 FMUL 2 R14 R17 0 0 
28 0 0 3 0190 ffffffff 1 R15 FMUL 2 R15 R10 0 0 
33 0 0 2 01a0 ffffffff 1 R4 FMUL 2 R4 R3 0 0 
22 0 0 3 0180 ffffffff 1 R14 FMUL 2 R14 R17 0 0 
17 0 0 1 0180 ffffffff 1 R14 FMUL 2 R14 R17 0 0 
22 0 0 2 0180 ffffffff 1 R14 FMUL 2 R14 R17 0 0 
22 0 0 1 0170 ffffffff 1 R2 FMUL 2 R7 R7 0 0 
33 0 0 0 01a0 ffffffff 1 R4 FMUL 2 R4 R3 0 0 
33 0 0 3 01a0 ffffffff 1 R4 FMUL 2 R4 R3 0 0 
33 0 0 1 01a0 ffffffff 1 R4 FMUL 2 R4 R3 0 0 
23 0 0 2 0190 ffffffff 1 R15 FMUL 2 R15 R10 0 0 
25 0 0 3 0190 ffffffff 1 R15 FMUL 2 R15 R10 0 0 
23 0 0 3 0180 ffffffff 1 R14 FMUL 2 R14 R17 0 0 
25 0 0 1 0190 ffffffff 1 R15 FMUL 2 R15 R10 0 0 
35 0 0 2 01b0 ffffffff 1 R5 FMUL 2 R5 R0 0 0 
15 0 0 1 0180 ffffffff 1 R14 FMUL 2 R14 R17 0 0 
18 0 0 1 0180 ffffffff 1 R14 FMUL 2 R14 R17 0 0 
27 0 0 0 01b0 ffffffff 1 R5 FMUL 2 R5 R0 0 0 
25 0 0 2 0190 ffffffff 1 R15 FMUL 2 R15 R10 0 0 
25 0 0 0 0190 ffffffff 1 R15 FMUL 2 R15 R10 0 0 
32 0 0 0 0180 ffffffff 1 R14 FMUL 2 R14 R17 0 0 
15 0 0 3 0180 ffffffff 1 R14 FMUL 2 R14 R17 0 0 
32 0 0 2 0180 ffffffff 1 R14 FMUL 2 R14 R17 0 0 
29 0 0 2 0180 ffffffff 1 R14 FMUL 2 R14 R17 0 0 
15 0 0 2 0180 ffffffff 1 R14 FMUL 2 R14 R17 0 0 
34 0 0 3 0180 ffffffff 1 R14 FMUL 2 R14 R17 0 0 
34 0 0 0 0190 ffffffff 1 R15 FMUL 2 R15 R10 0 0 
37 0 0 3 0180 ffffffff 1 R14 FMUL 2 R14 R17 0 0 
16 0 0 1 0180 ffffffff 1 R14 FMUL 2 R14 R17 0 0 
17 0 0 0 0180 ffffffff 1 R14 FMUL 2 R14 R17 0 0 
38 0 0 2 0180 ffffffff 1 R14 FMUL 2 R14 R17 0 0 
29 0 0 3 0180 ffffffff 1 R14 FMUL 2 R14 R17 0 0 
20 0 0 3 0180 ffffffff 1 R14 FMUL 2 R14 R17 0 0 
20 0 0 0 0180 ffffffff 1 R14 FMUL 2 R14 R17 0 0 
18 0 0 2 0180 ffffffff 1 R14 FMUL 2 R14 R17 0 0 
16 0 0 0 0180 ffffffff 1 R14 FMUL 2 R14 R17 0 0 
37 0 0 1 0180 ffffffff 1 R14 FMUL 2 R14 R17 0 0 
37 0 0 2 0180 ffffffff 1 R14 FMUL 2 R14 R17 0 0 
29 0 0 0 0180 ffffffff 1 R14 FMUL 2 R14 R17 0 0 
24 0 0 0 0180 ffffffff 1 R14 FMUL 2 R14 R17 0 0 
32 0 0 3 0180 ffffffff 1 R14 FMUL 2 R14 R17 0 0 
32 0 0 1 0180 ffffffff 1 R14 FMUL 2 R14 R17 0 0 
24 0 0 1 0180 ffffffff 1 R14 FMUL 2 R14 R17 0 0 
24 0 0 2 0190 ffffffff 1 R15 FMUL 2 R15 R10 0 0 
38 0 0 3 0180 ffffffff 1 R14 FMUL 2 R14 R17 0 0 
38 0 0 0 0180 ffffffff 1 R14 FMUL 2 R14 R17 0 0 
38 0 0 1 0180 ffffffff 1 R14 FMUL 2 R14 R17 0 0 
16 0 0 2 0180 ffffffff 1 R14 FMUL 2 R14 R17 0 0 
21 0 0 0 0180 ffffffff 1 R14 FMUL 2 R14 R17 0 0 
37 0 0 0 0180 ffffffff 1 R14 FMUL 2 R14 R17 0 0 
54 0 0 3 0130 ffffffff 1 R10 FMUL 2 R15 R15 0 0 
29 0 0 1 0180 ffffffff 1 R14 FMUL 2 R14 R17 0 0 
27 0 0 2 01b0 ffffffff 1 R5 FMUL 2 R5 R0 0 0 
18 0 0 0 0180 ffffffff 1 R14 FMUL 2 R14 R17 0 0 
21 0 0 1 0180 ffffffff 1 R14 FMUL 2 R14 R17 0 0 
24 0 0 3 0180 ffffffff 1 R14 FMUL 2 R14 R17 0 0 
21 0 0 3 0180 ffffffff 1 R14 FMUL 2 R14 R17 0 0 
21 0 0 2 0180 ffffffff 1 R14 FMUL 2 R14 R17 0 0 
16 0 0 3 0180 ffffffff 1 R14 FMUL 2 R14 R17 0 0 
20 0 0 1 0180 ffffffff 1 R14 FMUL 2 R14 R17 0 0 
20 0 0 2 0180 ffffffff 1 R14 FMUL 2 R14 R17 0 0 
18 0 0 3 0180 ffffffff 1 R14 FMUL 2 R14 R17 0 0 
26 0 0 3 0180 ffffffff 1 R14 FMUL 2 R14 R17 0 0 
34 0 0 1 0180 ffffffff 1 R14 FMUL 2 R14 R17 0 0 
34 0 0 2 0190 ffffffff 1 R15 FMUL 2 R15 R10 0 0 
26 0 0 2 0180 ffffffff 1 R14 FMUL 2 R14 R17 0 0 
31 0 0 0 01a0 ffffffff 1 R4 FMUL 2 R4 R3 0 0 
27 0 0 1 01a0 ffffffff 1 R4 FMUL 2 R4 R3 0 0 
26 0 0 0 0180 ffffffff 1 R14 FMUL 2 R14 R17 0 0 
31 0 0 3 01a0 ffffffff 1 R4 FMUL 2 R4 R3 0 0 
39 0 0 2 01a0 ffffffff 1 R4 FMUL 2 R4 R3 0 0 
39 0 0 0 01a0 ffffffff 1 R4 FMUL 2 R4 R3 0 0 
39 0 0 3 01a0 ffffffff 1 R4 FMUL 2 R4 R3 0 0 
39 0 0 1 01a0 ffffffff 1 R4 FMUL 2 R4 R3 0 0 
31 0 0 1 01a0 ffffffff 1 R4 FMUL 2 R4 R3 0 0 
31 0 0 2 01a0 ffffffff 1 R4 FMUL 2 R4 R3 0 0 
35 0 0 1 01b0 ffffffff 1 R5 FMUL 2 R5 R0 0 0 
54 0 0 1 0120 ffffffff 1 R17 FMUL 2 R14 R14 0 0 
36 0 0 0 0190 ffffffff 1 R15 FMUL 2 R15 R10 0 0 
28 0 0 0 01a0 ffffffff 1 R4 FMUL 2 R4 R3 0 0 
36 0 0 1 0190 ffffffff 1 R15 FMUL 2 R15 R10 0 0 
27 0 0 3 01b0 ffffffff 1 R5 FMUL 2 R5 R0 0 0 
51 0 0 3 0120 ffffffff 1 R17 FMUL 2 R14 R14 0 0 
28 0 0 3 01a0 ffffffff 1 R4 FMUL 2 R4 R3 0 0 
35 0 0 3 01a0 ffffffff 1 R4 FMUL 2 R4 R3 0 0 
36 0 0 3 0190 ffffffff 1 R15 FMUL 2 R15 R10 0 0 
26 0 0 1 0180 ffffffff 1 R14 FMUL 2 R14 R17 0 0 
48 0 0 1 0110 ffffffff 1 R13 FMUL 2 R13 R0 0 0 
35 0 0 0 01c0 ffffffff 1 R6 FMUL 2 R6 R11 0 0 
28 0 0 2 01a0 ffffffff 1 R4 FMUL 2 R4 R3 0 0 
30 0 0 3 01a0 ffffffff 1 R4 FMUL 2 R4 R3 0 0 
17 0 0 3 0190 ffffffff 1 R15 FMUL 2 R15 R10 0 0 
22 0 0 0 0190 ffffffff 1 R15 FMUL 2 R15 R10 0 0 
19 0 0 2 01a0 ffffffff 1 R4 FMUL 2 R4 R3 0 0 
19 0 0 0 01b0 ffffffff 1 R5 FMUL 2 R5 R0 0 0 
19 0 0 3 01a0 ffffffff 1 R4 FMUL 2 R4 R3 0 0 
30 0 0 1 01a0 ffffffff 1 R4 FMUL 2 R4 R3 0 0 
28 0 0 1 01a0 ffffffff 1 R4 FMUL 2 R4 R3 0 0 
45 0 0 1 0110 ffffffff 1 R13 FMUL 2 R13 R0 0 0 
17 0 0 2 0190 ffffffff 1 R15 FMUL 2 R15 R10 0 0 
15 0 0 0 0190 ffffffff 1 R15 FMUL 2 R15 R10 0 0 
35 0 0 2 01c0 ffffffff 1 R6 FMUL 2 R6 R11 0 0 
30 0 0 0 01a0 ffffffff 1 R4 FMUL 2 R4 R3 0 0 
22 0 0 2 0190 ffffffff 1 R15 FMUL 2 R15 R10 0 0 
25 0 0 1 01a0 ffffffff 1 R4 FMUL 2 R4 R3 0 0 
23 0 0 0 0190 ffffffff 1 R15 FMUL 2 R15 R10 0 0 
19 0 0 1 01a0 ffffffff 1 R4 FMUL 2 R4 R3 0 0 
22 0 0 3 0190 ffffffff 1 R15 FMUL 2 R15 R10 0 0 
25 0 0 0 01a0 ffffffff 1 R4 FMUL 2 R4 R3 0 0 
17 0 0 1 0190 ffffffff 1 R15 FMUL 2 R15 R10 0 0 
23 0 0 2 01a0 ffffffff 1 R4 FMUL 2 R4 R3 0 0 
23 0 0 1 0190 ffffffff 1 R15 FMUL 2 R15 R10 0 0 
36 0 0 2 0190 ffffffff 1 R15 FMUL 2 R15 R10 0 0 
25 0 0 3 01a0 ffffffff 1 R4 FMUL 2 R4 R3 0 0 
7 0 0 1 0110 ffffffff 1 R13 FMUL 2 R13 R0 0 0 
15 0 0 2 0190 ffffffff 1 R15 FMUL 2 R15 R10 0 0 
30 0 0 2 01a0 ffffffff 1 R4 FMUL 2 R4 R3 0 0 
23 0 0 3 0190 ffffffff 1 R15 FMUL 2 R15 R10 0 0 
15 0 0 3 0190 ffffffff 1 R15 FMUL 2 R15 R10 0 0 
14 0 0 1 0120 ffffffff 1 R17 FMUL 2 R14 R14 0 0 
33 0 0 2 01b0 ffffffff 1 R5 FMUL 2 R5 R0 0 0 
33 0 0 3 01b0 ffffffff 1 R5 FMUL 2 R5 R0 0 0 
12 0 0 1 0120 ffffffff 1 R17 FMUL 2 R14 R14 0 0 
27 0 0 0 01c0 ffffffff 1 R6 FMUL 2 R6 R11 0 0 
13 0 0 1 0110 ffffffff 1 R13 FMUL 2 R13 R0 0 0 
22 0 0 1 0180 ffffffff 1 R14 FMUL 2 R14 R17 0 0 
25 0 0 2 01a0 ffffffff 1 R4 FMUL 2 R4 R3 0 0 
3 0 0 1 0110 ffffffff 1 R13 FMUL 2 R13 R0 0 0 
33 0 0 0 01b0 ffffffff 1 R5 FMUL 2 R5 R0 0 0 
33 0 0 1 01b0 ffffffff 1 R5 FMUL 2 R5 R0 0 0 
9 0 0 3 0110 ffffffff 1 R13 FMUL 2 R13 R0 0 0 
47 0 0 1 0110 ffffffff 1 R13 FMUL 2 R13 R0 0 0 
47 0 0 2 0110 ffffffff 1 R13 FMUL 2 R13 R0 0 0 
4 0 0 2 0110 ffffffff 1 R13 FMUL 2 R13 R0 0 0 
17 0 0 0 0190 ffffffff 1 R15 FMUL 2 R15 R10 0 0 
7 0 0 0 0110 ffffffff 1 R13 FMUL 2 R13 R0 0 0 
7 0 0 3 0110 ffffffff 1 R13 FMUL 2 R13 R0 0 0 
15 0 0 1 0190 ffffffff 1 R15 FMUL 2 R15 R10 0 0 
32 0 0 0 0190 ffffffff 1 R15 FMUL 2 R15 R10 0 0 
47 0 0 3 0110 ffffffff 1 R13 FMUL 2 R13 R0 0 0 
45 0 0 0 0110 ffffffff 1 R13 FMUL 2 R13 R0 0 0 
43 0 0 2 0110 ffffffff 1 R13 FMUL 2 R13 R0 0 0 
53 0 0 3 0110 ffffffff 1 R13 FMUL 2 R13 R0 0 0 
53 0 0 1 0110 ffffffff 1 R13 FMUL 2 R13 R0 0 0 
49 0 0 3 0110 ffffffff 1 R13 FMUL 2 R13 R0 0 0 
34 0 0 0 01a0 ffffffff 1 R4 FMUL 2 R4 R3 0 0 
1 0 0 3 0110 ffffffff 1 R13 FMUL 2 R13 R0 0 0 
16 0 0 0 0190 ffffffff 1 R15 FMUL 2 R15 R10 0 0 
3 0 0 3 0110 ffffffff 1 R13 FMUL 2 R13 R0 0 0 
37 0 0 3 0190 ffffffff 1 R15 FMUL 2 R15 R10 0 0 
13 0 0 0 0110 ffffffff 1 R13 FMUL 2 R13 R0 0 0 
37 0 0 1 0190 ffffffff 1 R15 FMUL 2 R15 R10 0 0 
5 0 0 1 0110 ffffffff 1 R13 FMUL 2 R13 R0 0 0 
47 0 0 0 0110 ffffffff 1 R13 FMUL 2 R13 R0 0 0 
45 0 0 2 0110 ffffffff 1 R13 FMUL 2 R13 R0 0 0 
5 0 0 3 0110 ffffffff 1 R13 FMUL 2 R13 R0 0 0 
10 0 0 2 0110 ffffffff 1 R13 FMUL 2 R13 R0 0 0 
48 0 0 2 0110 ffffffff 1 R13 FMUL 2 R13 R0 0 0 
50 0 0 3 0110 ffffffff 1 R13 FMUL 2 R13 R0 0 0 
43 0 0 3 0110 ffffffff 1 R13 FMUL 2 R13 R0 0 0 
10 0 0 3 0110 ffffffff 1 R13 FMUL 2 R13 R0 0 0 
10 0 0 1 0110 ffffffff 1 R13 FMUL 2 R13 R0 0 0 
48 0 0 3 0110 ffffffff 1 R13 FMUL 2 R13 R0 0 0 
50 0 0 2 0110 ffffffff 1 R13 FMUL 2 R13 R0 0 0 
4 0 0 3 0110 ffffffff 1 R13 FMUL 2 R13 R0 0 0 
50 0 0 0 0110 ffffffff 1 R13 FMUL 2 R13 R0 0 0 
49 0 0 1 0110 ffffffff 1 R13 FMUL 2 R13 R0 0 0 
11 0 0 1 0110 ffffffff 1 R13 FMUL 2 R13 R0 0 0 
46 0 0 3 0110 ffffffff 1 R13 FMUL 2 R13 R0 0 0 
41 0 0 0 0110 ffffffff 1 R13 FMUL 2 R13 R0 0 0 
7 0 0 2 0110 ffffffff 1 R13 FMUL 2 R13 R0 0 0 
32 0 0 3 0190 ffffffff 1 R15 FMUL 2 R15 R10 0 0 
32 0 0 2 0190 ffffffff 1 R15 FMUL 2 R15 R10 0 0 
51 0 0 1 0110 ffffffff 1 R13 FMUL 2 R13 R0 0 0 
24 0 0 2 01a0 ffffffff 1 R4 FMUL 2 R4 R3 0 0 
37 0 0 2 0190 ffffffff 1 R15 FMUL 2 R15 R10 0 0 
13 0 0 3 0110 ffffffff 1 R13 FMUL 2 R13 R0 0 0 
46 0 0 2 0110 ffffffff 1 R13 FMUL 2 R13 R0 0 0 
37 0 0 0 0190 ffffffff 1 R15 FMUL 2 R15 R10 0 0 
2 0 0 3 0110 ffffffff 1 R13 FMUL 2 R13 R0 0 0 
8 0 0 1 0110 ffffffff 1 R13 FMUL 2 R13 R0 0 0 
24 0 0 1 0190 ffffffff 1 R15 FMUL 2 R15 R10 0 0 
50 0 0 1 0110 ffffffff 1 R13 FMUL 2 R13 R0 0 0 
29 0 0 0 0190 ffffffff 1 R15 FMUL 2 R15 R10 0 0 
32 0 0 1 0190 ffffffff 1 R15 FMUL 2 R15 R10 0 0 
18 0 0 0 0190 ffffffff 1 R15 FMUL 2 R15 R10 0 0 
18 0 0 1 0190 ffffffff 1 R15 FMUL 2 R15 R10 0 0 
38 0 0 0 0190 ffffffff 1 R15 FMUL 2 R15 R10 0 0 
40 0 0 1 0110 ffffffff 1 R13 FMUL 2 R13 R0 0 0 
44 0 0 1 0110 ffffffff 1 R13 FMUL 2 R13 R0 0 0 
20 0 0 3 0190 ffffffff 1 R15 FMUL 2 R15 R10 0 0 
21 0 0 3 0190 ffffffff 1 R15 FMUL 2 R15 R10 0 0 
21 0 0 0 0190 ffffffff 1 R15 FMUL 2 R15 R10 0 0 
21 0 0 2 0190 ffffffff 1 R15 FMUL 2 R15 R10 0 0 
24 0 0 3 0190 ffffffff 1 R15 FMUL 2 R15 R10 0 0 
42 0 0 1 0110 ffffffff 1 R13 FMUL 2 R13 R0 0 0 
27 0 0 2 01c0 ffffffff 1 R6 FMUL 2 R6 R11 0 0 
48 0 0 0 0110 ffffffff 1 R13 FMUL 2 R13 R0 0 0 
24 0 0 0 0190 ffffffff 1 R15 FMUL 2 R15 R10 0 0 
6 0 0 3 0110 ffffffff 1 R13 FMUL 2 R13 R0 0 0 
8 0 0 2 0110 ffffffff 1 R13 FMUL 2 R13 R0 0 0 
6 0 0 1 0110 ffffffff 1 R13 FMUL 2 R13 R0 0 0 
11 0 0 3 0110 ffffffff 1 R13 FMUL 2 R13 R0 0 0 
46 0 0 0 0110 ffffffff 1 R13 FMUL 2 R13 R0 0 0 
16 0 0 1 0190 ffffffff 1 R15 FMUL 2 R15 R10 0 0 
16 0 0 2 0190 ffffffff 1 R15 FMUL 2 R15 R10 0 0 
16 0 0 3 0190 ffffffff 1 R15 FMUL 2 R15 R10 0 0 
10 0 0 0 0110 ffffffff 1 R13 FMUL 2 R13 R0 0 0 
9 0 0 2 0110 ffffffff 1 R13 FMUL 2 R13 R0 0 0 
52 0 0 2 0120 ffffffff 1 R17 FMUL 2 R14 R14 0 0 
49 0 0 2 0110 ffffffff 1 R13 FMUL 2 R13 R0 0 0 
29 0 0 1 0190 ffffffff 1 R15 FMUL 2 R15 R10 0 0 
6 0 0 2 0110 ffffffff 1 R13 FMUL 2 R13 R0 0 0 
8 0 0 3 0110 ffffffff 1 R13 FMUL 2 R13 R0 0 0 
53 0 0 2 0110 ffffffff 1 R13 FMUL 2 R13 R0 0 0 
42 0 0 3 0110 ffffffff 1 R13 FMUL 2 R13 R0 0 0 
18 0 0 2 0190 ffffffff 1 R15 FMUL 2 R15 R10 0 0 
21 0 0 1 0190 ffffffff 1 R15 FMUL 2 R15 R10 0 0 
49 0 0 0 0110 ffffffff 1 R13 FMUL 2 R13 R0 0 0 
9 0 0 0 0110 ffffffff 1 R13 FMUL 2 R13 R0 0 0 
9 0 0 1 0110 ffffffff 1 R13 FMUL 2 R13 R0 0 0 
18 0 0 3 0190 ffffffff 1 R15 FMUL 2 R15 R10 0 0 
52 0 0 1 0110 ffffffff 1 R13 FMUL 2 R13 R0 0 0 
52 0 0 3 0110 ffffffff 1 R13 FMUL 2 R13 R0 0 0 
38 0 0 2 0190 ffffffff 1 R15 FMUL 2 R15 R10 0 0 
41 0 0 2 0110 ffffffff 1 R13 FMUL 2 R13 R0 0 0 
45 0 0 3 0110 ffffffff 1 R13 FMUL 2 R13 R0 0 0 
41 0 0 3 0110 ffffffff 1 R13 FMUL 2 R13 R0 0 0 
14 0 0 3 0110 ffffffff 1 R13 FMUL 2 R13 R0 0 0 
3 0 0 0 0110 ffffffff 1 R13 FMUL 2 R13 R0 0 0 
8 0 0 0 0110 ffffffff 1 R13 FMUL 2 R13 R0 0 0 
43 0 0 1 0110 ffffffff 1 R13 FMUL 2 R13 R0 0 0 
29 0 0 3 0190 ffffffff 1 R15 FMUL 2 R15 R10 0 0 
41 0 0 1 0110 ffffffff 1 R13 FMUL 2 R13 R0 0 0 
29 0 0 2 0190 ffffffff 1 R15 FMUL 2 R15 R10 0 0 
40 0 0 3 0110 ffffffff 1 R13 FMUL 2 R13 R0 0 0 
2 0 0 1 0110 ffffffff 1 R13 FMUL 2 R13 R0 0 0 
11 0 0 2 0110 ffffffff 1 R13 FMUL 2 R13 R0 0 0 
0 0 0 1 0110 ffffffff 1 R13 FMUL 2 R13 R0 0 0 
12 0 0 3 0110 ffffffff 1 R13 FMUL 2 R13 R0 0 0 
42 0 0 0 0110 ffffffff 1 R13 FMUL 2 R13 R0 0 0 
2 0 0 2 0110 ffffffff 1 R13 FMUL 2 R13 R0 0 0 
12 0 0 2 0110 ffffffff 1 R13 FMUL 2 R13 R0 0 0 
4 0 0 1 0110 ffffffff 1 R13 FMUL 2 R13 R0 0 0 
13 0 0 2 0110 ffffffff 1 R13 FMUL 2 R13 R0 0 0 
20 0 0 0 0190 ffffffff 1 R15 FMUL 2 R15 R10 0 0 
5 0 0 2 0110 ffffffff 1 R13 FMUL 2 R13 R0 0 0 
14 0 0 2 0110 ffffffff 1 R13 FMUL 2 R13 R0 0 0 
6 0 0 0 0110 ffffffff 1 R13 FMUL 2 R13 R0 0 0 
12 0 0 0 0110 ffffffff 1 R13 FMUL 2 R13 R0 0 0 
1 0 0 0 0110 ffffffff 1 R13 FMUL 2 R13 R0 0 0 
14 0 0 0 0110 ffffffff 1 R13 FMUL 2 R13 R0 0 0 
4 0 0 0 0110 ffffffff 1 R13 FMUL 2 R13 R0 0 0 
38 0 0 3 0190 ffffffff 1 R15 FMUL 2 R15 R10 0 0 
20 0 0 2 0190 ffffffff 1 R15 FMUL 2 R15 R10 0 0 
38 0 0 1 0190 ffffffff 1 R15 FMUL 2 R15 R10 0 0 
2 0 0 0 0110 ffffffff 1 R13 FMUL 2 R13 R0 0 0 
3 0 0 2 0110 ffffffff 1 R13 FMUL 2 R13 R0 0 0 
43 0 0 0 0110 ffffffff 1 R13 FMUL 2 R13 R0 0 0 
5 0 0 0 0110 ffffffff 1 R13 FMUL 2 R13 R0 0 0 
34 0 0 3 0190 ffffffff 1 R15 FMUL 2 R15 R10 0 0 
0 0 0 0 0110 ffffffff 1 R13 FMUL 2 R13 R0 0 0 
1 0 0 2 0110 ffffffff 1 R13 FMUL 2 R13 R0 0 0 
1 0 0 1 0110 ffffffff 1 R13 FMUL 2 R13 R0 0 0 
51 0 0 2 0110 ffffffff 1 R13 FMUL 2 R13 R0 0 0 
53 0 0 0 0110 ffffffff 1 R13 FMUL 2 R13 R0 0 0 
54 0 0 2 0110 ffffffff 1 R13 FMUL 2 R13 R0 0 0 
46 0 0 1 0110 ffffffff 1 R13 FMUL 2 R13 R0 0 0 
54 0 0 0 0110 ffffffff 1 R13 FMUL 2 R13 R0 0 0 
40 0 0 2 0110 ffffffff 1 R13 FMUL 2 R13 R0 0 0 
20 0 0 1 0190 ffffffff 1 R15 FMUL 2 R15 R10 0 0 
42 0 0 2 0110 ffffffff 1 R13 FMUL 2 R13 R0 0 0 
0 0 0 2 0110 ffffffff 1 R13 FMUL 2 R13 R0 0 0 
34 0 0 2 01a0 ffffffff 1 R4 FMUL 2 R4 R3 0 0 
40 0 0 0 0110 ffffffff 1 R13 FMUL 2 R13 R0 0 0 
44 0 0 2 0110 ffffffff 1 R13 FMUL 2 R13 R0 0 0 
44 0 0 0 0110 ffffffff 1 R13 FMUL 2 R13 R0 0 0 
34 0 0 1 0190 ffffffff 1 R15 FMUL 2 R15 R10 0 0 
11 0 0 0 0110 ffffffff 1 R13 FMUL 2 R13 R0 0 0 
51 0 0 0 0110 ffffffff 1 R13 FMUL 2 R13 R0 0 0 
44 0 0 3 0110 ffffffff 1 R13 FMUL 2 R13 R0 0 0 
54 0 0 3 0140 ffffffff 1 R3 FMUL 2 R4 R4 0 0 
26 0 0 0 0190 ffffffff 1 R15 FMUL 2 R15 R10 0 0 
0 0 0 3 0110 ffffffff 1 R13 FMUL 2 R13 R0 0 0 
52 0 0 0 0110 ffffffff 1 R13 FMUL 2 R13 R0 0 0 
26 0 0 3 0190 ffffffff 1 R15 FMUL 2 R15 R10 0 0 
26 0 0 2 0190 ffffffff 1 R15 FMUL 2 R15 R10 0 0 
31 0 0 2 01b0 ffffffff 1 R5 FMUL 2 R5 R0 0 0 
39 0 0 2 01b0 ffffffff 1 R5 FMUL 2 R5 R0 0 0 
39 0 0 0 01b0 ffffffff 1 R5 FMUL 2 R5 R0 0 0 
27 0 0 3 01c0 ffffffff 1 R6 FMUL 2 R6 R11 0 0 
36 0 0 1 01a0 ffffffff 1 R4 FMUL 2 R4 R3 0 0 
27 0 0 1 01b0 ffffffff 1 R5 FMUL 2 R5 R0 0 0 
28 0 0 2 01b0 ffffffff 1 R5 FMUL 2 R5 R0 0 0 
39 0 0 3 01b0 ffffffff 1 R5 FMUL 2 R5 R0 0 0 
36 0 0 3 01a0 ffffffff 1 R4 FMUL 2 R4 R3 0 0 
35 0 0 2 01d0 ffffffff 1 R7 FMUL 2 R7 R2 0 0 
39 0 0 1 01b0 ffffffff 1 R5 FMUL 2 R5 R0 0 0 
28 0 0 0 01b0 ffffffff 1 R5 FMUL 2 R5 R0 0 0 
36 0 0 0 01a0 ffffffff 1 R4 FMUL 2 R4 R3 0 0 
26 0 0 1 0190 ffffffff 1 R15 FMUL 2 R15 R10 0 0 
27 0 0 0 01d0 ffffffff 1 R7 FMUL 2 R7 R2 0 0 
35 0 0 0 01d0 ffffffff 1 R7 FMUL 2 R7 R2 0 0 
36 0 0 2 01a0 ffffffff 1 R4 FMUL 2 R4 R3 0 0 
35 0 0 3 01b0 ffffffff 1 R5 FMUL 2 R5 R0 0 0 
31 0 0 0 01b0 ffffffff 1 R5 FMUL 2 R5 R0 0 0 
31 0 0 1 01b0 ffffffff 1 R5 FMUL 2 R5 R0 0 0 
35 0 0 1 01c0 ffffffff 1 R6 FMUL 2 R6 R11 0 0 
31 0 0 3 01b0 ffffffff 1 R5 FMUL 2 R5 R0 0 0 
19 0 0 0 01c0 ffffffff 1 R6 FMUL 2 R6 R11 0 0 
30 0 0 2 01b0 ffffffff 1 R5 FMUL 2 R5 R0 0 0 
27 0 0 2 01d0 ffffffff 1 R7 FMUL 2 R7 R2 0 0 
28 0 0 1 01b0 ffffffff 1 R5 FMUL 2 R5 R0 0 0 
22 0 0 2 01a0 ffffffff 1 R4 FMUL 2 R4 R3 0 0 
23 0 0 2 01b0 ffffffff 1 R5 FMUL 2 R5 R0 0 0 
23 0 0 3 01a0 ffffffff 1 R4 FMUL 2 R4 R3 0 0 
15 0 0 2 01a0 ffffffff 1 R4 FMUL 2 R4 R3 0 0 
28 0 0 3 01b0 ffffffff 1 R5 FMUL 2 R5 R0 0 0 
19 0 0 2 01b0 ffffffff 1 R5 FMUL 2 R5 R0 0 0 
19 0 0 3 01b0 ffffffff 1 R5 FMUL 2 R5 R0 0 0 
19 0 0 1 01b0 ffffffff 1 R5 FMUL 2 R5 R0 0 0 
30 0 0 0 01b0 ffffffff 1 R5 FMUL 2 R5 R0 0 0 
22 0 0 1 0190 ffffffff 1 R15 FMUL 2 R15 R10 0 0 
22 0 0 3 01a0 ffffffff 1 R4 FMUL 2 R4 R3 0 0 
17 0 0 0 01a0 ffffffff 1 R4 FMUL 2 R4 R3 0 0 
17 0 0 3 01a0 ffffffff 1 R4 FMUL 2 R4 R3 0 0 
15 0 0 1 01a0 ffffffff 1 R4 FMUL 2 R4 R3 0 0 
15 0 0 0 01a0 ffffffff 1 R4 FMUL 2 R4 R3 0 0 
25 0 0 2 01b0 ffffffff 1 R5 FMUL 2 R5 R0 0 0 
30 0 0 1 01b0 ffffffff 1 R5 FMUL 2 R5 R0 0 0 
33 0 0 3 01c0 ffffffff 1 R6 FMUL 2 R6 R11 0 0 
23 0 0 0 01a0 ffffffff 1 R4 FMUL 2 R4 R3 0 0 
17 0 0 2 01a0 ffffffff 1 R4 FMUL 2 R4 R3 0 0 
33 0 0 2 01c0 ffffffff 1 R6 FMUL 2 R6 R11 0 0 
30 0 0 3 01b0 ffffffff 1 R5 FMUL 2 R5 R0 0 0 
29 0 0 3 01a0 ffffffff 1 R4 FMUL 2 R4 R3 0 0 
37 0 0 3 01a0 ffffffff 1 R4 FMUL 2 R4 R3 0 0 
17 0 0 1 01a0 ffffffff 1 R4 FMUL 2 R4 R3 0 0 
15 0 0 3 01a0 ffffffff 1 R4 FMUL 2 R4 R3 0 0 
33 0 0 0 01c0 ffffffff 1 R6 FMUL 2 R6 R11 0 0 
33 0 0 1 01c0 ffffffff 1 R6 FMUL 2 R6 R11 0 0 
25 0 0 0 01b0 ffffffff 1 R5 FMUL 2 R5 R0 0 0 
25 0 0 1 01b0 ffffffff 1 R5 FMUL 2 R5 R0 0 0 
32 0 0 0 01a0 ffffffff 1 R4 FMUL 2 R4 R3 0 0 
32 0 0 2 01a0 ffffffff 1 R4 FMUL 2 R4 R3 0 0 
23 0 0 1 01a0 ffffffff 1 R4 FMUL 2 R4 R3 0 0 
51 0 0 3 0130 ffffffff 1 R10 FMUL 2 R15 R15 0 0 
20 0 0 2 01a0 ffffffff 1 R4 FMUL 2 R4 R3 0 0 
20 0 0 3 01a0 ffffffff 1 R4 FMUL 2 R4 R3 0 0 
20 0 0 1 01a0 ffffffff 1 R4 FMUL 2 R4 R3 0 0 
25 0 0 3 01b0 ffffffff 1 R5 FMUL 2 R5 R0 0 0 
29 0 0 0 01a0 ffffffff 1 R4 FMUL 2 R4 R3 0 0 
54 0 0 1 0130 ffffffff 1 R10 FMUL 2 R15 R15 0 0 
34 0 0 1 01a0 ffffffff 1 R4 FMUL 2 R4 R3 0 0 
29 0 0 2 01a0 ffffffff 1 R4 FMUL 2 R4 R3 0 0 
37 0 0 2 01a0 ffffffff 1 R4 FMUL 2 R4 R3 0 0 
32 0 0 3 01a0 ffffffff 1 R4 FMUL 2 R4 R3 0 0 
32 0 0 1 01a0 ffffffff 1 R4 FMUL 2 R4 R3 0 0 
20 0 0 0 01a0 ffffffff 1 R4 FMUL 2 R4 R3 0 0 
22 0 0 0 01a0 ffffffff 1 R4 FMUL 2 R4 R3 0 0 
34 0 0 3 01a0 ffffffff 1 R4 FMUL 2 R4 R3 0 0 
24 0 0 0 01a0 ffffffff 1 R4 FMUL 2 R4 R3 0 0 
24 0 0 2 01b0 ffffffff 1 R5 FMUL 2 R5 R0 0 0 
18 0 0 3 01a0 ffffffff 1 R4 FMUL 2 R4 R3 0 0 
38 0 0 3 01a0 ffffffff 1 R4 FMUL 2 R4 R3 0 0 
29 0 0 1 01a0 ffffffff 1 R4 FMUL 2 R4 R3 0 0 
21 0 0 3 01a0 ffffffff 1 R4 FMUL 2 R4 R3 0 0 
18 0 0 2 01a0 ffffffff 1 R4 FMUL 2 R4 R3 0 0 
38 0 0 2 01a0 ffffffff 1 R4 FMUL 2 R4 R3 0 0 
21 0 0 2 01a0 ffffffff 1 R4 FMUL 2 R4 R3 0 0 
21 0 0 0 01a0 ffffffff 1 R4 FMUL 2 R4 R3 0 0 
34 0 0 0 01b0 ffffffff 1 R5 FMUL 2 R5 R0 0 0 
34 0 0 2 01b0 ffffffff 1 R5 FMUL 2 R5 R0 0 0 
37 0 0 0 01a0 ffffffff 1 R4 FMUL 2 R4 R3 0 0 
38 0 0 1 01a0 ffffffff 1 R4 FMUL 2 R4 R3 0 0 
21 0 0 1 01a0 ffffffff 1 R4 FMUL 2 R4 R3 0 0 
24 0 0 3 01a0 ffffffff 1 R4 FMUL 2 R4 R3 0 0 
16 0 0 3 01a0 ffffffff 1 R4 FMUL 2 R4 R3 0 0 
18 0 0 0 01a0 ffffffff 1 R4 FMUL 2 R4 R3 0 0 
26 0 0 2 01a0 ffffffff 1 R4 FMUL 2 R4 R3 0 0 
38 0 0 0 01a0 ffffffff 1 R4 FMUL 2 R4 R3 0 0 
14 0 0 1 0130 ffffffff 1 R10 FMUL 2 R15 R15 0 0 
12 0 0 1 0130 ffffffff 1 R10 FMUL 2 R15 R15 0 0 
16 0 0 1 01a0 ffffffff 1 R4 FMUL 2 R4 R3 0 0 
48 0 0 1 0120 ffffffff 1 R17 FMUL 2 R14 R14 0 0 
37 0 0 1 01a0 ffffffff 1 R4 FMUL 2 R4 R3 0 0 
24 0 0 1 01a0 ffffffff 1 R4 FMUL 2 R4 R3 0 0 
18 0 0 1 01a0 ffffffff 1 R4 FMUL 2 R4 R3 0 0 
26 0 0 0 01a0 ffffffff 1 R4 FMUL 2 R4 R3 0 0 
16 0 0 2 01a0 ffffffff 1 R4 FMUL 2 R4 R3 0 0 
16 0 0 0 01a0 ffffffff 1 R4 FMUL 2 R4 R3 0 0 
26 0 0 3 01a0 ffffffff 1 R4 FMUL 2 R4 R3 0 0 
7 0 0 3 0120 ffffffff 1 R17 FMUL 2 R14 R14 0 0 
6 0 0 1 0120 ffffffff 1 R17 FMUL 2 R14 R14 0 0 
4 0 0 2 0120 ffffffff 1 R17 FMUL 2 R14 R14 0 0 
10 0 0 2 0120 ffffffff 1 R17 FMUL 2 R14 R14 0 0 
52 0 0 2 0130 ffffffff 1 R10 FMUL 2 R15 R15 0 0 
54 0 0 3 0150 ffffffff 1 R0 FMUL 2 R5 R5 0 0 
11 0 0 1 0120 ffffffff 1 R17 FMUL 2 R14 R14 0 0 
43 0 0 3 0120 ffffffff 1 R17 FMUL 2 R14 R14 0 0 
47 0 0 0 0120 ffffffff 1 R17 FMUL 2 R14 R14 0 0 
26 0 0 1 01a0 ffffffff 1 R4 FMUL 2 R4 R3 0 0 
45 0 0 1 0120 ffffffff 1 R17 FMUL 2 R14 R14 0 0 
50 0 0 3 0120 ffffffff 1 R17 FMUL 2 R14 R14 0 0 
31 0 0 2 01c0 ffffffff 1 R6 FMUL 2 R6 R11 0 0 
36 0 0 2 01b0 ffffffff 1 R5 FMUL 2 R5 R0 0 0 
51 0 0 1 0120 ffffffff 1 R17 FMUL 2 R14 R14 0 0 
3 0 0 3 0120 ffffffff 1 R17 FMUL 2 R14 R14 0 0 
9 0 0 3 0120 ffffffff 1 R17 FMUL 2 R14 R14 0 0 
39 0 0 0 01c0 ffffffff 1 R6 FMUL 2 R6 R11 0 0 
39 0 0 2 01c0 ffffffff 1 R6 FMUL 2 R6 R11 0 0 
44 0 0 1 0120 ffffffff 1 R17 FMUL 2 R14 R14 0 0 
12 0 0 2 0120 ffffffff 1 R17 FMUL 2 R14 R14 0 0 
10 0 0 0 0120 ffffffff 1 R17 FMUL 2 R14 R14 0 0 
36 0 0 0 01b0 ffffffff 1 R5 FMUL 2 R5 R0 0 0 
27 0 0 1 01c0 ffffffff 1 R6 FMUL 2 R6 R11 0 0 
46 0 0 2 0120 ffffffff 1 R17 FMUL 2 R14 R14 0 0 
39 0 0 3 01c0 ffffffff 1 R6 FMUL 2 R6 R11 0 0 
39 0 0 1 01c0 ffffffff 1 R6 FMUL 2 R6 R11 0 0 
31 0 0 3 01c0 ffffffff 1 R6 FMUL 2 R6 R11 0 0 
27 0 0 3 01d0 ffffffff 1 R7 FMUL 2 R7 R2 0 0 
36 0 0 3 01b0 ffffffff 1 R5 FMUL 2 R5 R0 0 0 
11 0 0 3 0120 ffffffff 1 R17 FMUL 2 R14 R14 0 0 
5 0 0 0 0120 ffffffff 1 R17 FMUL 2 R14 R14 0 0 
1 0 0 3 0120 ffffffff 1 R17 FMUL 2 R14 R14 0 0 
28 0 0 0 01c0 ffffffff 1 R6 FMUL 2 R6 R11 0 0 
3 0 0 1 0120 ffffffff 1 R17 FMUL 2 R14 R14 0 0 
6 0 0 3 0120 ffffffff 1 R17 FMUL 2 R14 R14 0 0 
43 0 0 2 0120 ffffffff 1 R17 FMUL 2 R14 R14 0 0 
13 0 0 1 0120 ffffffff 1 R17 FMUL 2 R14 R14 0 0 
53 0 0 1 0120 ffffffff 1 R17 FMUL 2 R14 R14 0 0 
47 0 0 2 0120 ffffffff 1 R17 FMUL 2 R14 R14 0 0 
10 0 0 1 0120 ffffffff 1 R17 FMUL 2 R14 R14 0 0 
47 0 0 3 0120 ffffffff 1 R17 FMUL 2 R14 R14 0 0 
50 0 0 2 0120 ffffffff 1 R17 FMUL 2 R14 R14 0 0 
53 0 0 3 0120 ffffffff 1 R17 FMUL 2 R14 R14 0 0 
4 0 0 3 0120 ffffffff 1 R17 FMUL 2 R14 R14 0 0 
7 0 0 1 0120 ffffffff 1 R17 FMUL 2 R14 R14 0 0 
10 0 0 3 0120 ffffffff 1 R17 FMUL 2 R14 R14 0 0 
4 0 0 0 0120 ffffffff 1 R17 FMUL 2 R14 R14 0 0 
5 0 0 1 0120 ffffffff 1 R17 FMUL 2 R14 R14 0 0 
44 0 0 0 0120 ffffffff 1 R17 FMUL 2 R14 R14 0 0 
45 0 0 0 0120 ffffffff 1 R17 FMUL 2 R14 R14 0 0 
44 0 0 3 0120 ffffffff 1 R17 FMUL 2 R14 R14 0 0 
5 0 0 3 0120 ffffffff 1 R17 FMUL 2 R14 R14 0 0 
53 0 0 2 0120 ffffffff 1 R17 FMUL 2 R14 R14 0 0 
54 0 0 2 0120 ffffffff 1 R17 FMUL 2 R14 R14 0 0 
31 0 0 0 01c0 ffffffff 1 R6 FMUL 2 R6 R11 0 0 
1 0 0 2 0120 ffffffff 1 R17 FMUL 2 R14 R14 0 0 
4 0 0 1 0120 ffffffff 1 R17 FMUL 2 R14 R14 0 0 
43 0 0 1 0120 ffffffff 1 R17 FMUL 2 R14 R14 0 0 
7 0 0 0 0120 ffffffff 1 R17 FMUL 2 R14 R14 0 0 
28 0 0 2 01c0 ffffffff 1 R6 FMUL 2 R6 R11 0 0 
2 0 0 1 0120 ffffffff 1 R17 FMUL 2 R14 R14 0 0 
52 0 0 3 0120 ffffffff 1 R17 FMUL 2 R14 R14 0 0 
45 0 0 2 0120 ffffffff 1 R17 FMUL 2 R14 R14 0 0 
5 0 0 2 0120 ffffffff 1 R17 FMUL 2 R14 R14 0 0 
35 0 0 3 01c0 ffffffff 1 R6 FMUL 2 R6 R11 0 0 
7 0 0 2 0120 ffffffff 1 R17 FMUL 2 R14 R14 0 0 
44 0 0 2 0120 ffffffff 1 R17 FMUL 2 R14 R14 0 0 
47 0 0 1 0120 ffffffff 1 R17 FMUL 2 R14 R14 0 0 
50 0 0 0 0120 ffffffff 1 R17 FMUL 2 R14 R14 0 0 
13 0 0 2 0120 ffffffff 1 R17 FMUL 2 R14 R14 0 0 
50 0 0 1 0120 ffffffff 1 R17 FMUL 2 R14 R14 0 0 
19 0 0 0 01d0 ffffffff 1 R7 FMUL 2 R7 R2 0 0 
31 0 0 1 01c0 ffffffff 1 R6 FMUL 2 R6 R11 0 0 
9 0 0 1 0120 ffffffff 1 R17 FMUL 2 R14 R14 0 0 
35 0 0 1 01d0 ffffffff 1 R7 FMUL 2 R7 R2 0 0 
52 0 0 1 0120 ffffffff 1 R17 FMUL 2 R14 R14 0 0 
3 0 0 0 0120 ffffffff 1 R17 FMUL 2 R14 R14 0 0 
48 0 0 3 0120 ffffffff 1 R17 FMUL 2 R14 R14 0 0 
43 0 0 0 0120 ffffffff 1 R17 FMUL 2 R14 R14 0 0 
51 0 0 2 0120 ffffffff 1 R17 FMUL 2 R14 R14 0 0 
36 0 0 1 01b0 ffffffff 1 R5 FMUL 2 R5 R0 0 0 
41 0 0 2 0120 ffffffff 1 R17 FMUL 2 R14 R14 0 0 
41 0 0 1 0120 ffffffff 1 R17 FMUL 2 R14 R14 0 0 
6 0 0 0 0120 ffffffff 1 R17 FMUL 2 R14 R14 0 0 
49 0 0 1 0120 ffffffff 1 R17 FMUL 2 R14 R14 0 0 
6 0 0 2 0120 ffffffff 1 R17 FMUL 2 R14 R14 0 0 
8 0 0 1 0120 ffffffff 1 R17 FMUL 2 R14 R14 0 0 
46 0 0 1 0120 ffffffff 1 R17 FMUL 2 R14 R14 0 0 
14 0 0 3 0120 ffffffff 1 R17 FMUL 2 R14 R14 0 0 
1 0 0 0 0120 ffffffff 1 R17 FMUL 2 R14 R14 0 0 
48 0 0 0 0120 ffffffff 1 R17 FMUL 2 R14 R14 0 0 
2 0 0 3 0120 ffffffff 1 R17 FMUL 2 R14 R14 0 0 
2 0 0 2 0120 ffffffff 1 R17 FMUL 2 R14 R14 0 0 
2 0 0 0 0120 ffffffff 1 R17 FMUL 2 R14 R14 0 0 
14 0 0 0 0120 ffffffff 1 R17 FMUL 2 R14 R14 0 0 
41 0 0 3 0120 ffffffff 1 R17 FMUL 2 R14 R14 0 0 
28 0 0 1 01c0 ffffffff 1 R6 FMUL 2 R6 R11 0 0 
40 0 0 3 0120 ffffffff 1 R17 FMUL 2 R14 R14 0 0 
54 0 0 0 0120 ffffffff 1 R17 FMUL 2 R14 R14 0 0 
46 0 0 3 0120 ffffffff 1 R17 FMUL 2 R14 R14 0 0 
41 0 0 0 0120 ffffffff 1 R17 FMUL 2 R14 R14 0 0 
42 0 0 0 0120 ffffffff 1 R17 FMUL 2 R14 R14 0 0 
13 0 0 0 0120 ffffffff 1 R17 FMUL 2 R14 R14 0 0 
40 0 0 0 0120 ffffffff 1 R17 FMUL 2 R14 R14 0 0 
12 0 0 3 0120 ffffffff 1 R17 FMUL 2 R14 R14 0 0 
42 0 0 2 0120 ffffffff 1 R17 FMUL 2 R14 R14 0 0 
1 0 0 1 0120 ffffffff 1 R17 FMUL 2 R14 R14 0 0 
13 0 0 3 0120 ffffffff 1 R17 FMUL 2 R14 R14 0 0 
53 0 0 0 0120 ffffffff 1 R17 FMUL 2 R14 R14 0 0 
12 0 0 0 0120 ffffffff 1 R17 FMUL 2 R14 R14 0 0 
40 0 0 2 0120 ffffffff 1 R17 FMUL 2 R14 R14 0 0 
40 0 0 1 0120 ffffffff 1 R17 FMUL 2 R14 R14 0 0 
0 0 0 1 0120 ffffffff 1 R17 FMUL 2 R14 R14 0 0 
28 0 0 3 01c0 ffffffff 1 R6 FMUL 2 R6 R11 0 0 
14 0 0 2 0120 ffffffff 1 R17 FMUL 2 R14 R14 0 0 
46 0 0 0 0120 ffffffff 1 R17 FMUL 2 R14 R14 0 0 
11 0 0 2 0120 ffffffff 1 R17 FMUL 2 R14 R14 0 0 
45 0 0 3 0120 ffffffff 1 R17 FMUL 2 R14 R14 0 0 
9 0 0 2 0120 ffffffff 1 R17 FMUL 2 R14 R14 0 0 
9 0 0 0 0120 ffffffff 1 R17 FMUL 2 R14 R14 0 0 
42 0 0 1 0120 ffffffff 1 R17 FMUL 2 R14 R14 0 0 
8 0 0 3 0120 ffffffff 1 R17 FMUL 2 R14 R14 0 0 
8 0 0 0 0120 ffffffff 1 R17 FMUL 2 R14 R14 0 0 
49 0 0 0 0120 ffffffff 1 R17 FMUL 2 R14 R14 0 0 
19 0 0 2 01c0 ffffffff 1 R6 FMUL 2 R6 R11 0 0 
3 0 0 2 0120 ffffffff 1 R17 FMUL 2 R14 R14 0 0 
30 0 0 0 01c0 ffffffff 1 R6 FMUL 2 R6 R11 0 0 
19 0 0 3 01c0 ffffffff 1 R6 FMUL 2 R6 R11 0 0 
19 0 0 1 01c0 ffffffff 1 R6 FMUL 2 R6 R11 0 0 
49 0 0 3 0120 ffffffff 1 R17 FMUL 2 R14 R14 0 0 
49 0 0 2 0120 ffffffff 1 R17 FMUL 2 R14 R14 0 0 
51 0 0 0 0120 ffffffff 1 R17 FMUL 2 R14 R14 0 0 
48 0 0 2 0120 ffffffff 1 R17 FMUL 2 R14 R14 0 0 
8 0 0 2 0120 ffffffff 1 R17 FMUL 2 R14 R14 0 0 
30 0 0 2 01c0 ffffffff 1 R6 FMUL 2 R6 R11 0 0 
42 0 0 3 0120 ffffffff 1 R17 FMUL 2 R14 R14 0 0 
0 0 0 2 0120 ffffffff 1 R17 FMUL 2 R14 R14 0 0 
52 0 0 0 0120 ffffffff 1 R17 FMUL 2 R14 R14 0 0 
30 0 0 1 01c0 ffffffff 1 R6 FMUL 2 R6 R11 0 0 
30 0 0 3 01c0 ffffffff 1 R6 FMUL 2 R6 R11 0 0 
23 0 0 3 01b0 ffffffff 1 R5 FMUL 2 R5 R0 0 0 
15 0 0 0 01b0 ffffffff 1 R5 FMUL 2 R5 R0 0 0 
11 0 0 0 0120 ffffffff 1 R17 FMUL 2 R14 R14 0 0 
27 0 0 0 01e0 ffffffff 0 STG.E.128.SYS 2 R8 R12 16 1 0x7f580fb57400 16 0 
0 0 0 0 0120 ffffffff 1 R17 FMUL 2 R14 R14 0 0 
17 0 0 2 01b0 ffffffff 1 R5 FMUL 2 R5 R0 0 0 
35 0 0 0 01e0 ffffffff 0 STG.E.128.SYS 2 R8 R12 16 1 0x7f580fb5f400 16 0 
35 0 0 2 01e0 ffffffff 0 STG.E.128.SYS 2 R8 R12 16 1 0x7f580fb5f800 16 0 
27 0 0 2 01e0 ffffffff 0 STG.E.128.SYS 2 R8 R12 16 1 0x7f580fb57800 16 0 
22 0 0 3 01b0 ffffffff 1 R5 FMUL 2 R5 R0 0 0 
15 0 0 3 01b0 ffffffff 1 R5 FMUL 2 R5 R0 0 0 
22 0 0 2 01b0 ffffffff 1 R5 FMUL 2 R5 R0 0 0 
25 0 0 3 01c0 ffffffff 1 R6 FMUL 2 R6 R11 0 0 
25 0 0 2 01c0 ffffffff 1 R6 FMUL 2 R6 R11 0 0 
33 0 0 2 01d0 ffffffff 1 R7 FMUL 2 R7 R2 0 0 
17 0 0 0 01b0 ffffffff 1 R5 FMUL 2 R5 R0 0 0 
17 0 0 3 01b0 ffffffff 1 R5 FMUL 2 R5 R0 0 0 
15 0 0 2 01b0 ffffffff 1 R5 FMUL 2 R5 R0 0 0 
22 0 0 1 01a0 ffffffff 1 R4 FMUL 2 R4 R3 0 0 
23 0 0 1 01b0 ffffffff 1 R5 FMUL 2 R5 R0 0 0 
23 0 0 0 01b0 ffffffff 1 R5 FMUL 2 R5 R0 0 0 
23 0 0 2 01c0 ffffffff 1 R6 FMUL 2 R6 R11 0 0 
25 0 0 0 01c0 ffffffff 1 R6 FMUL 2 R6 R11 0 0 
25 0 0 1 01c0 ffffffff 1 R6 FMUL 2 R6 R11 0 0 
17 0 0 1 01b0 ffffffff 1 R5 FMUL 2 R5 R0 0 0 
0 0 0 3 0120 ffffffff 1 R17 FMUL 2 R14 R14 0 0 
37 0 0 0 01b0 ffffffff 1 R5 FMUL 2 R5 R0 0 0 
37 0 0 3 01b0 ffffffff 1 R5 FMUL 2 R5 R0 0 0 
33 0 0 0 01d0 ffffffff 1 R7 FMUL 2 R7 R2 0 0 
15 0 0 1 01b0 ffffffff 1 R5 FMUL 2 R5 R0 0 0 
33 0 0 3 01d0 ffffffff 1 R7 FMUL 2 R7 R2 0 0 
33 0 0 1 01d0 ffffffff 1 R7 FMUL 2 R7 R2 0 0 
29 0 0 0 01b0 ffffffff 1 R5 FMUL 2 R5 R0 0 0 
24 0 0 2 01c0 ffffffff 1 R6 FMUL 2 R6 R11 0 0 
24 0 0 0 01b0 ffffffff 1 R5 FMUL 2 R5 R0 0 0 
22 0 0 0 01b0 ffffffff 1 R5 FMUL 2 R5 R0 0 0 
29 0 0 3 01b0 ffffffff 1 R5 FMUL 2 R5 R0 0 0 
20 0 0 0 01b0 ffffffff 1 R5 FMUL 2 R5 R0 0 0 
37 0 0 2 01b0 ffffffff 1 R5 FMUL 2 R5 R0 0 0 
20 0 0 3 01b0 ffffffff 1 R5 FMUL 2 R5 R0 0 0 
32 0 0 0 01b0 ffffffff 1 R5 FMUL 2 R5 R0 0 0 
24 0 0 3 01b0 ffffffff 1 R5 FMUL 2 R5 R0 0 0 
29 0 0 1 01b0 ffffffff 1 R5 FMUL 2 R5 R0 0 0 
29 0 0 2 01b0 ffffffff 1 R5 FMUL 2 R5 R0 0 0 
37 0 0 1 01b0 ffffffff 1 R5 FMUL 2 R5 R0 0 0 
20 0 0 1 01b0 ffffffff 1 R5 FMUL 2 R5 R0 0 0 
24 0 0 1 01b0 ffffffff 1 R5 FMUL 2 R5 R0 0 0 
21 0 0 1 01b0 ffffffff 1 R5 FMUL 2 R5 R0 0 0 
20 0 0 2 01b0 ffffffff 1 R5 FMUL 2 R5 R0 0 0 
32 0 0 3 01b0 ffffffff 1 R5 FMUL 2 R5 R0 0 0 
18 0 0 1 01b0 ffffffff 1 R5 FMUL 2 R5 R0 0 0 
34 0 0 0 01c0 ffffffff 1 R6 FMUL 2 R6 R11 0 0 
38 0 0 0 01b0 ffffffff 1 R5 FMUL 2 R5 R0 0 0 
21 0 0 3 01b0 ffffffff 1 R5 FMUL 2 R5 R0 0 0 
18 0 0 0 01b0 ffffffff 1 R5 FMUL 2 R5 R0 0 0 
21 0 0 2 01b0 ffffffff 1 R5 FMUL 2 R5 R0 0 0 
16 0 0 0 01b0 ffffffff 1 R5 FMUL 2 R5 R0 0 0 
26 0 0 1 01b0 ffffffff 1 R5 FMUL 2 R5 R0 0 0 
32 0 0 2 01b0 ffffffff 1 R5 FMUL 2 R5 R0 0 0 
21 0 0 0 01b0 ffffffff 1 R5 FMUL 2 R5 R0 0 0 
32 0 0 1 01b0 ffffffff 1 R5 FMUL 2 R5 R0 0 0 
18 0 0 3 01b0 ffffffff 1 R5 FMUL 2 R5 R0 0 0 
16 0 0 1 01b0 ffffffff 1 R5 FMUL 2 R5 R0 0 0 
38 0 0 1 01b0 ffffffff 1 R5 FMUL 2 R5 R0 0 0 
18 0 0 2 01b0 ffffffff 1 R5 FMUL 2 R5 R0 0 0 
34 0 0 2 01c0 ffffffff 1 R6 FMUL 2 R6 R11 0 0 
36 0 0 3 01c0 ffffffff 1 R6 FMUL 2 R6 R11 0 0 
38 0 0 2 01b0 ffffffff 1 R5 FMUL 2 R5 R0 0 0 
34 0 0 3 01b0 ffffffff 1 R5 FMUL 2 R5 R0 0 0 
28 0 0 0 01d0 ffffffff 1 R7 FMUL 2 R7 R2 0 0 
34 0 0 1 01b0 ffffffff 1 R5 FMUL 2 R5 R0 0 0 
31 0 0 0 01d0 ffffffff 1 R7 FMUL 2 R7 R2 0 0 
16 0 0 3 01b0 ffffffff 1 R5 FMUL 2 R5 R0 0 0 
38 0 0 3 01b0 ffffffff 1 R5 FMUL 2 R5 R0 0 0 
16 0 0 2 01b0 ffffffff 1 R5 FMUL 2 R5 R0 0 0 
54 0 0 1 0140 ffffffff 1 R3 FMUL 2 R4 R4 0 0 
26 0 0 2 01b0 ffffffff 1 R5 FMUL 2 R5 R0 0 0 
31 0 0 1 01d0 ffffffff 1 R7 FMUL 2 R7 R2 0 0 
51 0 0 3 0140 ffffffff 1 R3 FMUL 2 R4 R4 0 0 
26 0 0 3 01b0 ffffffff 1 R5 FMUL 2 R5 R0 0 0 
26 0 0 0 01b0 ffffffff 1 R5 FMUL 2 R5 R0 0 0 
28 0 0 2 01d0 ffffffff 1 R7 FMUL 2 R7 R2 0 0 
39 0 0 0 01d0 ffffffff 1 R7 FMUL 2 R7 R2 0 0 
28 0 0 3 01d0 ffffffff 1 R7 FMUL 2 R7 R2 0 0 
30 0 0 3 01d0 ffffffff 1 R7 FMUL 2 R7 R2 0 0 
39 0 0 3 01d0 ffffffff 1 R7 FMUL 2 R7 R2 0 0 
36 0 0 0 01c0 ffffffff 1 R6 FMUL 2 R6 R11 0 0 
39 0 0 2 01d0 ffffffff 1 R7 FMUL 2 R7 R2 0 0 
36 0 0 2 01c0 ffffffff 1 R6 FMUL 2 R6 R11 0 0 
36 0 0 1 01c0 ffffffff 1 R6 FMUL 2 R6 R11 0 0 
30 0 0 0 01d0 ffffffff 1 R7 FMUL 2 R7 R2 0 0 
30 0 0 1 01d0 ffffffff 1 R7 FMUL 2 R7 R2 0 0 
19 0 0 3 01d0 ffffffff 1 R7 FMUL 2 R7 R2 0 0 
19 0 0 2 01d0 ffffffff 1 R7 FMUL 2 R7 R2 0 0 
30 0 0 2 01d0 ffffffff 1 R7 FMUL 2 R7 R2 0 0 
27 0 0 1 01d0 ffffffff 1 R7 FMUL 2 R7 R2 0 0 
31 0 0 2 01d0 ffffffff 1 R7 FMUL 2 R7 R2 0 0 
31 0 0 3 01d0 ffffffff 1 R7 FMUL 2 R7 R2 0 0 
39 0 0 1 01d0 ffffffff 1 R7 FMUL 2 R7 R2 0 0 
19 0 0 1 01d0 ffffffff 1 R7 FMUL 2 R7 R2 0 0 
15 0 0 0 01c0 ffffffff 1 R6 FMUL 2 R6 R11 0 0 
15 0 0 2 01c0 ffffffff 1 R6 FMUL 2 R6 R11 0 0 
28 0 0 1 01d0 ffffffff 1 R7 FMUL 2 R7 R2 0 0 
19 0 0 0 01e0 ffffffff 0 STG.E.128.SYS 2 R8 R12 16 1 0x7f580fb4f400 16 0 
54 0 0 3 0160 ffffffff 1 R11 FMUL 2 R6 R6 0 0 
48 0 0 1 0130 ffffffff 1 R10 FMUL 2 R15 R15 0 0 
12 0 0 1 0140 ffffffff 1 R3 FMUL 2 R4 R4 0 0 
23 0 0 3 01c0 ffffffff 1 R6 FMUL 2 R6 R11 0 0 
22 0 0 2 01c0 ffffffff 1 R6 FMUL 2 R6 R11 0 0 
17 0 0 2 01c0 ffffffff 1 R6 FMUL 2 R6 R11 0 0 
35 0 0 0 01f0 ffffffff 0 STG.E.128.SYS 2 R8 R4 16 1 0x7f580fb5fc00 16 0 
25 0 0 3 01d0 ffffffff 1 R7 FMUL 2 R7 R2 0 0 
35 0 0 3 01d0 ffffffff 1 R7 FMUL 2 R7 R2 0 0 
52 0 0 2 0140 ffffffff 1 R3 FMUL 2 R4 R4 0 0 
23 0 0 1 01c0 ffffffff 1 R6 FMUL 2 R6 R11 0 0 
15 0 0 3 01c0 ffffffff 1 R6 FMUL 2 R6 R11 0 0 
35 0 0 1 01e0 ffffffff 0 STG.E.128.SYS 2 R8 R12 16 1 0x7f580fb5f600 16 0 
22 0 0 0 01c0 ffffffff 1 R6 FMUL 2 R6 R11 0 0 
15 0 0 1 01c0 ffffffff 1 R6 FMUL 2 R6 R11 0 0 
23 0 0 2 01d0 ffffffff 1 R7 FMUL 2 R7 R2 0 0 
25 0 0 0 01d0 ffffffff 1 R7 FMUL 2 R7 R2 0 0 
25 0 0 1 01d0 ffffffff 1 R7 FMUL 2 R7 R2 0 0 
25 0 0 2 01d0 ffffffff 1 R7 FMUL 2 R7 R2 0 0 
14 0 0 1 0140 ffffffff 1 R3 FMUL 2 R4 R4 0 0 
17 0 0 3 01c0 ffffffff 1 R6 FMUL 2 R6 R11 0 0 
17 0 0 0 01c0 ffffffff 1 R6 FMUL 2 R6 R11 0 0 
17 0 0 1 01c0 ffffffff 1 R6 FMUL 2 R6 R11 0 0 
22 0 0 1 01b0 ffffffff 1 R5 FMUL 2 R5 R0 0 0 
22 0 0 3 01c0 ffffffff 1 R6 FMUL 2 R6 R11 0 0 
52 0 0 3 0130 ffffffff 1 R10 FMUL 2 R15 R15 0 0 
1 0 0 3 0130 ffffffff 1 R10 FMUL 2 R15 R15 0 0 
4 0 0 2 0130 ffffffff 1 R10 FMUL 2 R15 R15 0 0 
24 0 0 2 01d0 ffffffff 1 R7 FMUL 2 R7 R2 0 0 
27 0 0 2 01f0 ffffffff 0 STG.E.128.SYS 2 R8 R4 16 1 0x7f580fb58000 16 0 
27 0 0 0 01f0 ffffffff 0 STG.E.128.SYS 2 R8 R4 16 1 0x7f580fb57c00 16 0 
24 0 0 0 01c0 ffffffff 1 R6 FMUL 2 R6 R11 0 0 
37 0 0 3 01c0 ffffffff 1 R6 FMUL 2 R6 R11 0 0 
37 0 0 0 01c0 ffffffff 1 R6 FMUL 2 R6 R11 0 0 
45 0 0 0 0130 ffffffff 1 R10 FMUL 2 R15 R15 0 0 
37 0 0 2 01c0 ffffffff 1 R6 FMUL 2 R6 R11 0 0 
24 0 0 3 01c0 ffffffff 1 R6 FMUL 2 R6 R11 0 0 
23 0 0 0 01c0 ffffffff 1 R6 FMUL 2 R6 R11 0 0 
10 0 0 2 0130 ffffffff 1 R10 FMUL 2 R15 R15 0 0 
48 0 0 3 0130 ffffffff 1 R10 FMUL 2 R15 R15 0 0 
33 0 0 2 01e0 ffffffff 0 STG.E.128.SYS 2 R8 R12 16 1 0x7f580fb5d800 16 0 
46 0 0 2 0130 ffffffff 1 R10 FMUL 2 R15 R15 0 0 
27 0 0 3 01e0 ffffffff 0 STG.E.128.SYS 2 R8 R12 16 1 0x7f580fb57a00 16 0 
13 0 0 1 0130 ffffffff 1 R10 FMUL 2 R15 R15 0 0 
37 0 0 1 01c0 ffffffff 1 R6 FMUL 2 R6 R11 0 0 
5 0 0 3 0130 ffffffff 1 R10 FMUL 2 R15 R15 0 0 
1 0 0 0 0130 ffffffff 1 R10 FMUL 2 R15 R15 0 0 
2 0 0 1 0130 ffffffff 1 R10 FMUL 2 R15 R15 0 0 
7 0 0 1 0130 ffffffff 1 R10 FMUL 2 R15 R15 0 0 
20 0 0 3 01c0 ffffffff 1 R6 FMUL 2 R6 R11 0 0 
12 0 0 0 0130 ffffffff 1 R10 FMUL 2 R15 R15 0 0 
41 0 0 1 0130 ffffffff 1 R10 FMUL 2 R15 R15 0 0 
51 0 0 1 0130 ffffffff 1 R10 FMUL 2 R15 R15 0 0 
8 0 0 3 0130 ffffffff 1 R10 FMUL 2 R15 R15 0 0 
10 0 0 3 0130 ffffffff 1 R10 FMUL 2 R15 R15 0 0 
50 0 0 3 0130 ffffffff 1 R10 FMUL 2 R15 R15 0 0 
1 0 0 2 0130 ffffffff 1 R10 FMUL 2 R15 R15 0 0 
10 0 0 1 0130 ffffffff 1 R10 FMUL 2 R15 R15 0 0 
7 0 0 3 0130 ffffffff 1 R10 FMUL 2 R15 R15 0 0 
8 0 0 1 0130 ffffffff 1 R10 FMUL 2 R15 R15 0 0 
44 0 0 3 0130 ffffffff 1 R10 FMUL 2 R15 R15 0 0 
4 0 0 1 0130 ffffffff 1 R10 FMUL 2 R15 R15 0 0 
4 0 0 3 0130 ffffffff 1 R10 FMUL 2 R15 R15 0 0 
20 0 0 0 01c0 ffffffff 1 R6 FMUL 2 R6 R11 0 0 
7 0 0 2 0130 ffffffff 1 R10 FMUL 2 R15 R15 0 0 
11 0 0 1 0130 ffffffff 1 R10 FMUL 2 R15 R15 0 0 
41 0 0 2 0130 ffffffff 1 R10 FMUL 2 R15 R15 0 0 
33 0 0 0 01e0 ffffffff 0 STG.E.128.SYS 2 R8 R12 16 1 0x7f580fb5d400 16 0 
5 0 0 0 0130 ffffffff 1 R10 FMUL 2 R15 R15 0 0 
29 0 0 1 01c0 ffffffff 1 R6 FMUL 2 R6 R11 0 0 
9 0 0 3 0130 ffffffff 1 R10 FMUL 2 R15 R15 0 0 
29 0 0 0 01c0 ffffffff 1 R6 FMUL 2 R6 R11 0 0 
29 0 0 2 01c0 ffffffff 1 R6 FMUL 2 R6 R11 0 0 
29 0 0 3 01c0 ffffffff 1 R6 FMUL 2 R6 R11 0 0 
45 0 0 1 0130 ffffffff 1 R10 FMUL 2 R15 R15 0 0 
46 0 0 1 0130 ffffffff 1 R10 FMUL 2 R15 R15 0 0 
14 0 0 3 0130 ffffffff 1 R10 FMUL 2 R15 R15 0 0 
6 0 0 1 0130 ffffffff 1 R10 FMUL 2 R15 R15 0 0 
48 0 0 2 0130 ffffffff 1 R10 FMUL 2 R15 R15 0 0 
50 0 0 0 0130 ffffffff 1 R10 FMUL 2 R15 R15 0 0 
35 0 0 2 01f0 ffffffff 0 STG.E.128.SYS 2 R8 R4 16 1 0x7f580fb60000 16 0 
47 0 0 1 0130 ffffffff 1 R10 FMUL 2 R15 R15 0 0 
5 0 0 2 0130 ffffffff 1 R10 FMUL 2 R15 R15 0 0 
33 0 0 3 01e0 ffffffff 0 STG.E.128.SYS 2 R8 R12 16 1 0x7f580fb5da00 16 0 
3 0 0 1 0130 ffffffff 1 R10 FMUL 2 R15 R15 0 0 
43 0 0 2 0130 ffffffff 1 R10 FMUL 2 R15 R15 0 0 
53 0 0 2 0130 ffffffff 1 R10 FMUL 2 R15 R15 0 0 
41 0 0 3 0130 ffffffff 1 R10 FMUL 2 R15 R15 0 0 
32 0 0 0 01c0 ffffffff 1 R6 FMUL 2 R6 R11 0 0 
54 0 0 2 0130 ffffffff 1 R10 FMUL 2 R15 R15 0 0 
50 0 0 2 0130 ffffffff 1 R10 FMUL 2 R15 R15 0 0 
8 0 0 0 0130 ffffffff 1 R10 FMUL 2 R15 R15 0 0 
20 0 0 1 01c0 ffffffff 1 R6 FMUL 2 R6 R11 0 0 
20 0 0 2 01c0 ffffffff 1 R6 FMUL 2 R6 R11 0 0 
2 0 0 3 0130 ffffffff 1 R10 FMUL 2 R15 R15 0 0 
1 0 0 1 0130 ffffffff 1 R10 FMUL 2 R15 R15 0 0 
48 0 0 0 0130 ffffffff 1 R10 FMUL 2 R15 R15 0 0 
24 0 0 1 01c0 ffffffff 1 R6 FMUL 2 R6 R11 0 0 
41 0 0 0 0130 ffffffff 1 R10 FMUL 2 R15 R15 0 0 
47 0 0 2 0130 ffffffff 1 R10 FMUL 2 R15 R15 0 0 
46 0 0 3 0130 ffffffff 1 R10 FMUL 2 R15 R15 0 0 
44 0 0 1 0130 ffffffff 1 R10 FMUL 2 R15 R15 0 0 
6 0 0 2 0130 ffffffff 1 R10 FMUL 2 R15 R15 0 0 
5 0 0 1 0130 ffffffff 1 R10 FMUL 2 R15 R15 0 0 
12 0 0 2 0130 ffffffff 1 R10 FMUL 2 R15 R15 0 0 
12 0 0 3 0130 ffffffff 1 R10 FMUL 2 R15 R15 0 0 
47 0 0 3 0130 ffffffff 1 R10 FMUL 2 R15 R15 0 0 
47 0 0 0 0130 ffffffff 1 R10 FMUL 2 R15 R15 0 0 
13 0 0 3 0130 ffffffff 1 R10 FMUL 2 R15 R15 0 0 
53 0 0 0 0130 ffffffff 1 R10 FMUL 2 R15 R15 0 0 
53 0 0 1 0130 ffffffff 1 R10 FMUL 2 R15 R15 0 0 
53 0 0 3 0130 ffffffff 1 R10 FMUL 2 R15 R15 0 0 
14 0 0 0 0130 ffffffff 1 R10 FMUL 2 R15 R15 0 0 
45 0 0 2 0130 ffffffff 1 R10 FMUL 2 R15 R15 0 0 
13 0 0 0 0130 ffffffff 1 R10 FMUL 2 R15 R15 0 0 
42 0 0 1 0130 ffffffff 1 R10 FMUL 2 R15 R15 0 0 
14 0 0 2 0130 ffffffff 1 R10 FMUL 2 R15 R15 0 0 
54 0 0 0 0130 ffffffff 1 R10 FMUL 2 R15 R15 0 0 
18 0 0 0 01c0 ffffffff 1 R6 FMUL 2 R6 R11 0 0 
7 0 0 0 0130 ffffffff 1 R10 FMUL 2 R15 R15 0 0 
18 0 0 1 01c0 ffffffff 1 R6 FMUL 2 R6 R11 0 0 
45 0 0 3 0130 ffffffff 1 R10 FMUL 2 R15 R15 0 0 
10 0 0 0 0130 ffffffff 1 R10 FMUL 2 R15 R15 0 0 
43 0 0 3 0130 ffffffff 1 R10 FMUL 2 R15 R15 0 0 
13 0 0 2 0130 ffffffff 1 R10 FMUL 2 R15 R15 0 0 
21 0 0 2 01c0 ffffffff 1 R6 FMUL 2 R6 R11 0 0 
3 0 0 3 0130 ffffffff 1 R10 FMUL 2 R15 R15 0 0 
2 0 0 2 0130 ffffffff 1 R10 FMUL 2 R15 R15 0 0 
42 0 0 0 0130 ffffffff 1 R10 FMUL 2 R15 R15 0 0 
18 0 0 2 01c0 ffffffff 1 R6 FMUL 2 R6 R11 0 0 
44 0 0 2 0130 ffffffff 1 R10 FMUL 2 R15 R15 0 0 
50 0 0 1 0130 ffffffff 1 R10 FMUL 2 R15 R15 0 0 
44 0 0 0 0130 ffffffff 1 R10 FMUL 2 R15 R15 0 0 
6 0 0 3 0130 ffffffff 1 R10 FMUL 2 R15 R15 0 0 
46 0 0 0 0130 ffffffff 1 R10 FMUL 2 R15 R15 0 0 
8 0 0 2 0130 ffffffff 1 R10 FMUL 2 R15 R15 0 0 
40 0 0 1 0130 ffffffff 1 R10 FMUL 2 R15 R15 0 0 
49 0 0 1 0130 ffffffff 1 R10 FMUL 2 R15 R15 0 0 
52 0 0 1 0130 ffffffff 1 R10 FMUL 2 R15 R15 0 0 
33 0 0 1 01e0 ffffffff 0 STG.E.128.SYS 2 R8 R12 16 1 0x7f580fb5d600 16 0 
38 0 0 0 01c0 ffffffff 1 R6 FMUL 2 R6 R11 0 0 
38 0 0 2 01c0 ffffffff 1 R6 FMUL 2 R6 R11 0 0 
18 0 0 3 01c0 ffffffff 1 R6 FMUL 2 R6 R11 0 0 
21 0 0 3 01c0 ffffffff 1 R6 FMUL 2 R6 R11 0 0 
21 0 0 0 01c0 ffffffff 1 R6 FMUL 2 R6 R11 0 0 
52 0 0 0 0130 ffffffff 1 R10 FMUL 2 R15 R15 0 0 
2 0 0 0 0130 ffffffff 1 R10 FMUL 2 R15 R15 0 0 
32 0 0 2 01c0 ffffffff 1 R6 FMUL 2 R6 R11 0 0 
32 0 0 3 01c0 ffffffff 1 R6 FMUL 2 R6 R11 0 0 
3 0 0 0 0130 ffffffff 1 R10 FMUL 2 R15 R15 0 0 
11 0 0 3 0130 ffffffff 1 R10 FMUL 2 R15 R15 0 0 
32 0 0 1 01c0 ffffffff 1 R6 FMUL 2 R6 R11 0 0 
43 0 0 0 0130 ffffffff 1 R10 FMUL 2 R15 R15 0 0 
4 0 0 0 0130 ffffffff 1 R10 FMUL 2 R15 R15 0 0 
9 0 0 0 0130 ffffffff 1 R10 FMUL 2 R15 R15 0 0 
9 0 0 2 0130 ffffffff 1 R10 FMUL 2 R15 R15 0 0 
9 0 0 1 0130 ffffffff 1 R10 FMUL 2 R15 R15 0 0 
49 0 0 0 0130 ffffffff 1 R10 FMUL 2 R15 R15 0 0 
43 0 0 1 0130 ffffffff 1 R10 FMUL 2 R15 R15 0 0 
6 0 0 0 0130 ffffffff 1 R10 FMUL 2 R15 R15 0 0 
49 0 0 3 0130 ffffffff 1 R10 FMUL 2 R15 R15 0 0 
42 0 0 2 0130 ffffffff 1 R10 FMUL 2 R15 R15 0 0 
11 0 0 2 0130 ffffffff 1 R10 FMUL 2 R15 R15 0 0 
42 0 0 3 0130 ffffffff 1 R10 FMUL 2 R15 R15 0 0 
21 0 0 1 01c0 ffffffff 1 R6 FMUL 2 R6 R11 0 0 
40 0 0 2 0130 ffffffff 1 R10 FMUL 2 R15 R15 0 0 
40 0 0 3 0130 ffffffff 1 R10 FMUL 2 R15 R15 0 0 
0 0 0 1 0130 ffffffff 1 R10 FMUL 2 R15 R15 0 0 
49 0 0 2 0130 ffffffff 1 R10 FMUL 2 R15 R15 0 0 
16 0 0 0 01c0 ffffffff 1 R6 FMUL 2 R6 R11 0 0 
3 0 0 2 0130 ffffffff 1 R10 FMUL 2 R15 R15 0 0 
34 0 0 0 01d0 ffffffff 1 R7 FMUL 2 R7 R2 0 0 
51 0 0 0 0130 ffffffff 1 R10 FMUL 2 R15 R15 0 0 
38 0 0 1 01c0 ffffffff 1 R6 FMUL 2 R6 R11 0 0 
51 0 0 2 0130 ffffffff 1 R10 FMUL 2 R15 R15 0 0 
11 0 0 0 0130 ffffffff 1 R10 FMUL 2 R15 R15 0 0 
40 0 0 0 0130 ffffffff 1 R10 FMUL 2 R15 R15 0 0 
36 0 0 3 01d0 ffffffff 1 R7 FMUL 2 R7 R2 0 0 
0 0 0 2 0130 ffffffff 1 R10 FMUL 2 R15 R15 0 0 
34 0 0 1 01c0 ffffffff 1 R6 FMUL 2 R6 R11 0 0 
0 0 0 0 0130 ffffffff 1 R10 FMUL 2 R15 R15 0 0 
26 0 0 0 01c0 ffffffff 1 R6 FMUL 2 R6 R11 0 0 
26 0 0 1 01c0 ffffffff 1 R6 FMUL 2 R6 R11 0 0 
34 0 0 3 01c0 ffffffff 1 R6 FMUL 2 R6 R11 0 0 
34 0 0 2 01d0 ffffffff 1 R7 FMUL 2 R7 R2 0 0 
0 0 0 3 0130 ffffffff 1 R10 FMUL 2 R15 R15 0 0 
16 0 0 3 01c0 ffffffff 1 R6 FMUL 2 R6 R11 0 0 
38 0 0 3 01c0 ffffffff 1 R6 FMUL 2 R6 R11 0 0 
26 0 0 3 01c0 ffffffff 1 R6 FMUL 2 R6 R11 0 0 
36 0 0 1 01d0 ffffffff 1 R7 FMUL 2 R7 R2 0 0 
16 0 0 1 01c0 ffffffff 1 R6 FMUL 2 R6 R11 0 0 
16 0 0 2 01c0 ffffffff 1 R6 FMUL 2 R6 R11 0 0 
51 0 0 3 0150 ffffffff 1 R0 FMUL 2 R5 R5 0 0 
36 0 0 0 01d0 ffffffff 1 R7 FMUL 2 R7 R2 0 0 
36 0 0 2 01d0 ffffffff 1 R7 FMUL 2 R7 R2 0 0 
28 0 0 3 01e0 ffffffff 0 STG.E.128.SYS 2 R8 R12 16 1 0x7f580fb58a00 16 0 
28 0 0 0 01e0 ffffffff 0 STG.E.128.SYS 2 R8 R12 16 1 0x7f580fb58400 16 0 
28 0 0 2 01e0 ffffffff 0 STG.E.128.SYS 2 R8 R12 16 1 0x7f580fb58800 16 0 
19 0 0 0 01f0 ffffffff 0 STG.E.128.SYS 2 R8 R4 16 1 0x7f580fb4fc00 16 0 
31 0 0 1 01e0 ffffffff 0 STG.E.128.SYS 2 R8 R12 16 1 0x7f580fb5b600 16 0 
30 0 0 0 01e0 ffffffff 0 STG.E.128.SYS 2 R8 R12 16 1 0x7f580fb5a400 16 0 
31 0 0 2 01e0 ffffffff 0 STG.E.128.SYS 2 R8 R12 16 1 0x7f580fb5b800 16 0 
31 0 0 3 01e0 ffffffff 0 STG.E.128.SYS 2 R8 R12 16 1 0x7f580fb5ba00 16 0 
31 0 0 0 01e0 ffffffff 0 STG.E.128.SYS 2 R8 R12 16 1 0x7f580fb5b400 16 0 
39 0 0 2 01e0 ffffffff 0 STG.E.128.SYS 2 R8 R12 16 1 0x7f580fb63800 16 0 
35 0 0 0 0200 ffffffff 0 EXIT 0 0 0 
39 0 0 3 01e0 ffffffff 0 STG.E.128.SYS 2 R8 R12 16 1 0x7f580fb63a00 16 0 
30 0 0 1 01e0 ffffffff 0 STG.E.128.SYS 2 R8 R12 16 1 0x7f580fb5a600 16 0 
35 0 0 2 0200 ffffffff 0 EXIT 0 0 0 
26 0 0 2 01c0 ffffffff 1 R6 FMUL 2 R6 R11 0 0 
30 0 0 2 01e0 ffffffff 0 STG.E.128.SYS 2 R8 R12 16 1 0x7f580fb5a800 16 0 
39 0 0 1 01e0 ffffffff 0 STG.E.128.SYS 2 R8 R12 16 1 0x7f580fb63600 16 0 
39 0 0 0 01e0 ffffffff 0 STG.E.128.SYS 2 R8 R12 16 1 0x7f580fb63400 16 0 
23 0 0 3 01d0 ffffffff 1 R7 FMUL 2 R7 R2 0 0 
23 0 0 0 01d0 ffffffff 1 R7 FMUL 2 R7 R2 0 0 
27 0 0 0 0200 ffffffff 0 EXIT 0 0 0 
22 0 0 3 01d0 ffffffff 1 R7 FMUL 2 R7 R2 0 0 
28 0 0 1 01e0 ffffffff 0 STG.E.128.SYS 2 R8 R12 16 1 0x7f580fb58600 16 0 
22 0 0 0 01d0 ffffffff 1 R7 FMUL 2 R7 R2 0 0 
19 0 0 1 01e0 ffffffff 0 STG.E.128.SYS 2 R8 R12 16 1 0x7f580fb4f600 16 0 
19 0 0 3 01e0 ffffffff 0 STG.E.128.SYS 2 R8 R12 16 1 0x7f580fb4fa00 16 0 
30 0 0 3 01e0 ffffffff 0 STG.E.128.SYS 2 R8 R12 16 1 0x7f580fb5aa00 16 0 
19 0 0 2 01e0 ffffffff 0 STG.E.128.SYS 2 R8 R12 16 1 0x7f580fb4f800 16 0 
22 0 0 2 01d0 ffffffff 1 R7 FMUL 2 R7 R2 0 0 
17 0 0 2 01d0 ffffffff 1 R7 FMUL 2 R7 R2 0 0 
17 0 0 3 01d0 ffffffff 1 R7 FMUL 2 R7 R2 0 0 
17 0 0 1 01d0 ffffffff 1 R7 FMUL 2 R7 R2 0 0 
23 0 0 1 01d0 ffffffff 1 R7 FMUL 2 R7 R2 0 0 
54 0 0 1 0150 ffffffff 1 R0 FMUL 2 R5 R5 0 0 
27 0 0 2 0200 ffffffff 0 EXIT 0 0 0 
17 0 0 0 01d0 ffffffff 1 R7 FMUL 2 R7 R2 0 0 
37 0 0 1 01d0 ffffffff 1 R7 FMUL 2 R7 R2 0 0 
25 0 0 3 01e0 ffffffff 0 STG.E.128.SYS 2 R8 R12 16 1 0x7f580fb55a00 16 0 
15 0 0 2 01d0 ffffffff 1 R7 FMUL 2 R7 R2 0 0 
15 0 0 0 01d0 ffffffff 1 R7 FMUL 2 R7 R2 0 0 
15 0 0 3 01d0 ffffffff 1 R7 FMUL 2 R7 R2 0 0 
20 0 0 2 01d0 ffffffff 1 R7 FMUL 2 R7 R2 0 0 
25 0 0 1 01e0 ffffffff 0 STG.E.128.SYS 2 R8 R12 16 1 0x7f580fb55600 16 0 
20 0 0 3 01d0 ffffffff 1 R7 FMUL 2 R7 R2 0 0 
37 0 0 2 01d0 ffffffff 1 R7 FMUL 2 R7 R2 0 0 
37 0 0 3 01d0 ffffffff 1 R7 FMUL 2 R7 R2 0 0 
32 0 0 2 01d0 ffffffff 1 R7 FMUL 2 R7 R2 0 0 
32 0 0 0 01d0 ffffffff 1 R7 FMUL 2 R7 R2 0 0 
22 0 0 1 01c0 ffffffff 1 R6 FMUL 2 R6 R11 0 0 
54 0 0 3 0170 ffffffff 1 R2 FMUL 2 R7 R7 0 0 
29 0 0 3 01d0 ffffffff 1 R7 FMUL 2 R7 R2 0 0 
37 0 0 0 01d0 ffffffff 1 R7 FMUL 2 R7 R2 0 0 
24 0 0 1 01d0 ffffffff 1 R7 FMUL 2 R7 R2 0 0 
25 0 0 0 01e0 ffffffff 0 STG.E.128.SYS 2 R8 R12 16 1 0x7f580fb55400 16 0 
18 0 0 3 01d0 ffffffff 1 R7 FMUL 2 R7 R2 0 0 
24 0 0 3 01d0 ffffffff 1 R7 FMUL 2 R7 R2 0 0 
35 0 0 1 01f0 ffffffff 0 STG.E.128.SYS 2 R8 R4 16 1 0x7f580fb5fe00 16 0 
24 0 0 0 01d0 ffffffff 1 R7 FMUL 2 R7 R2 0 0 
25 0 0 2 01e0 ffffffff 0 STG.E.128.SYS 2 R8 R12 16 1 0x7f580fb55800 16 0 
21 0 0 1 01d0 ffffffff 1 R7 FMUL 2 R7 R2 0 0 
35 0 0 3 01e0 ffffffff 0 STG.E.128.SYS 2 R8 R12 16 1 0x7f580fb5fa00 16 0 
18 0 0 2 01d0 ffffffff 1 R7 FMUL 2 R7 R2 0 0 
21 0 0 0 01d0 ffffffff 1 R7 FMUL 2 R7 R2 0 0 
20 0 0 1 01d0 ffffffff 1 R7 FMUL 2 R7 R2 0 0 
21 0 0 3 01d0 ffffffff 1 R7 FMUL 2 R7 R2 0 0 
15 0 0 1 01d0 ffffffff 1 R7 FMUL 2 R7 R2 0 0 
18 0 0 1 01d0 ffffffff 1 R7 FMUL 2 R7 R2 0 0 
32 0 0 3 01d0 ffffffff 1 R7 FMUL 2 R7 R2 0 0 
38 0 0 2 01d0 ffffffff 1 R7 FMUL 2 R7 R2 0 0 
33 0 0 0 01f0 ffffffff 0 STG.E.128.SYS 2 R8 R4 16 1 0x7f580fb5dc00 16 0 
16 0 0 0 01d0 ffffffff 1 R7 FMUL 2 R7 R2 0 0 
21 0 0 2 01d0 ffffffff 1 R7 FMUL 2 R7 R2 0 0 
33 0 0 3 01f0 ffffffff 0 STG.E.128.SYS 2 R8 R4 16 1 0x7f580fb5e200 16 0 
27 0 0 1 01e0 ffffffff 0 STG.E.128.SYS 2 R8 R12 16 1 0x7f580fb57600 16 0 
23 0 0 2 01e0 ffffffff 0 STG.E.128.SYS 2 R8 R12 16 1 0x7f580fb53800 16 0 
16 0 0 3 01d0 ffffffff 1 R7 FMUL 2 R7 R2 0 0 
29 0 0 1 01d0 ffffffff 1 R7 FMUL 2 R7 R2 0 0 
29 0 0 0 01d0 ffffffff 1 R7 FMUL 2 R7 R2 0 0 
18 0 0 0 01d0 ffffffff 1 R7 FMUL 2 R7 R2 0 0 
29 0 0 2 01d0 ffffffff 1 R7 FMUL 2 R7 R2 0 0 
12 0 0 1 0150 ffffffff 1 R0 FMUL 2 R5 R5 0 0 
52 0 0 2 0150 ffffffff 1 R0 FMUL 2 R5 R5 0 0 
38 0 0 0 01d0 ffffffff 1 R7 FMUL 2 R7 R2 0 0 
16 0 0 1 01d0 ffffffff 1 R7 FMUL 2 R7 R2 0 0 
32 0 0 1 01d0 ffffffff 1 R7 FMUL 2 R7 R2 0 0 
38 0 0 1 01d0 ffffffff 1 R7 FMUL 2 R7 R2 0 0 
34 0 0 3 01d0 ffffffff 1 R7 FMUL 2 R7 R2 0 0 
16 0 0 2 01d0 ffffffff 1 R7 FMUL 2 R7 R2 0 0 
20 0 0 0 01d0 ffffffff 1 R7 FMUL 2 R7 R2 0 0 
24 0 0 2 01e0 ffffffff 0 STG.E.128.SYS 2 R8 R12 16 1 0x7f580fb54800 16 0 
33 0 0 1 01f0 ffffffff 0 STG.E.128.SYS 2 R8 R4 16 1 0x7f580fb5de00 16 0 
38 0 0 3 01d0 ffffffff 1 R7 FMUL 2 R7 R2 0 0 
48 0 0 1 0140 ffffffff 1 R3 FMUL 2 R4 R4 0 0 
26 0 0 3 01d0 ffffffff 1 R7 FMUL 2 R7 R2 0 0 
33 0 0 2 01f0 ffffffff 0 STG.E.128.SYS 2 R8 R4 16 1 0x7f580fb5e000 16 0 
27 0 0 3 01f0 ffffffff 0 STG.E.128.SYS 2 R8 R4 16 1 0x7f580fb58200 16 0 
26 0 0 0 01d0 ffffffff 1 R7 FMUL 2 R7 R2 0 0 
52 0 0 3 0140 ffffffff 1 R3 FMUL 2 R4 R4 0 0 
34 0 0 1 01d0 ffffffff 1 R7 FMUL 2 R7 R2 0 0 
4 0 0 2 0140 ffffffff 1 R3 FMUL 2 R4 R4 0 0 
36 0 0 3 01e0 ffffffff 0 STG.E.128.SYS 2 R8 R12 16 1 0x7f580fb60a00 16 0 
14 0 0 1 0150 ffffffff 1 R0 FMUL 2 R5 R5 0 0 
50 0 0 3 0140 ffffffff 1 R3 FMUL 2 R4 R4 0 0 
28 0 0 3 01f0 ffffffff 0 STG.E.128.SYS 2 R8 R4 16 1 0x7f580fb59200 16 0 
12 0 0 3 0140 ffffffff 1 R3 FMUL 2 R4 R4 0 0 
19 0 0 0 0200 ffffffff 0 EXIT 0 0 0 
45 0 0 1 0140 ffffffff 1 R3 FMUL 2 R4 R4 0 0 
30 0 0 0 01f0 ffffffff 0 STG.E.128.SYS 2 R8 R4 16 1 0x7f580fb5ac00 16 0 
31 0 0 2 01f0 ffffffff 0 STG.E.128.SYS 2 R8 R4 16 1 0x7f580fb5c000 16 0 
31 0 0 3 01f0 ffffffff 0 STG.E.128.SYS 2 R8 R4 16 1 0x7f580fb5c200 16 0 
28 0 0 2 01f0 ffffffff 0 STG.E.128.SYS 2 R8 R4 16 1 0x7f580fb59000 16 0 
31 0 0 1 01f0 ffffffff 0 STG.E.128.SYS 2 R8 R4 16 1 0x7f580fb5be00 16 0 
10 0 0 2 0140 ffffffff 1 R3 FMUL 2 R4 R4 0 0 
48 0 0 2 0140 ffffffff 1 R3 FMUL 2 R4 R4 0 0 
2 0 0 0 0140 ffffffff 1 R3 FMUL 2 R4 R4 0 0 
2 0 0 1 0140 ffffffff 1 R3 FMUL 2 R4 R4 0 0 
46 0 0 0 0140 ffffffff 1 R3 FMUL 2 R4 R4 0 0 
1 0 0 3 0140 ffffffff 1 R3 FMUL 2 R4 R4 0 0 
40 0 0 1 0140 ffffffff 1 R3 FMUL 2 R4 R4 0 0 
7 0 0 3 0140 ffffffff 1 R3 FMUL 2 R4 R4 0 0 
46 0 0 3 0140 ffffffff 1 R3 FMUL 2 R4 R4 0 0 
11 0 0 1 0140 ffffffff 1 R3 FMUL 2 R4 R4 0 0 
51 0 0 1 0140 ffffffff 1 R3 FMUL 2 R4 R4 0 0 
51 0 0 3 0160 ffffffff 1 R11 FMUL 2 R6 R6 0 0 
36 0 0 0 01e0 ffffffff 0 STG.E.128.SYS 2 R8 R12 16 1 0x7f580fb60400 16 0 
4 0 0 1 0140 ffffffff 1 R3 FMUL 2 R4 R4 0 0 
36 0 0 2 01e0 ffffffff 0 STG.E.128.SYS 2 R8 R12 16 1 0x7f580fb60800 16 0 
12 0 0 0 0140 ffffffff 1 R3 FMUL 2 R4 R4 0 0 
11 0 0 3 0140 ffffffff 1 R3 FMUL 2 R4 R4 0 0 
5 0 0 3 0140 ffffffff 1 R3 FMUL 2 R4 R4 0 0 
36 0 0 1 01e0 ffffffff 0 STG.E.128.SYS 2 R8 R12 16 1 0x7f580fb60600 16 0 
34 0 0 2 01e0 ffffffff 0 STG.E.128.SYS 2 R8 R12 16 1 0x7f580fb5e800 16 0 
34 0 0 0 01e0 ffffffff 0 STG.E.128.SYS 2 R8 R12 16 1 0x7f580fb5e400 16 0 
28 0 0 1 01f0 ffffffff 0 STG.E.128.SYS 2 R8 R4 16 1 0x7f580fb58e00 16 0 
28 0 0 0 01f0 ffffffff 0 STG.E.128.SYS 2 R8 R4 16 1 0x7f580fb58c00 16 0 
41 0 0 3 0140 ffffffff 1 R3 FMUL 2 R4 R4 0 0 
4 0 0 3 0140 ffffffff 1 R3 FMUL 2 R4 R4 0 0 
44 0 0 3 0140 ffffffff 1 R3 FMUL 2 R4 R4 0 0 
9 0 0 2 0140 ffffffff 1 R3 FMUL 2 R4 R4 0 0 
40 0 0 2 0140 ffffffff 1 R3 FMUL 2 R4 R4 0 0 
45 0 0 2 0140 ffffffff 1 R3 FMUL 2 R4 R4 0 0 
6 0 0 1 0140 ffffffff 1 R3 FMUL 2 R4 R4 0 0 
46 0 0 2 0140 ffffffff 1 R3 FMUL 2 R4 R4 0 0 
47 0 0 3 0140 ffffffff 1 R3 FMUL 2 R4 R4 0 0 
8 0 0 0 0140 ffffffff 1 R3 FMUL 2 R4 R4 0 0 
48 0 0 3 0140 ffffffff 1 R3 FMUL 2 R4 R4 0 0 
42 0 0 0 0140 ffffffff 1 R3 FMUL 2 R4 R4 0 0 
42 0 0 2 0140 ffffffff 1 R3 FMUL 2 R4 R4 0 0 
2 0 0 3 0140 ffffffff 1 R3 FMUL 2 R4 R4 0 0 
3 0 0 1 0140 ffffffff 1 R3 FMUL 2 R4 R4 0 0 
43 0 0 3 0140 ffffffff 1 R3 FMUL 2 R4 R4 0 0 
9 0 0 3 0140 ffffffff 1 R3 FMUL 2 R4 R4 0 0 
3 0 0 0 0140 ffffffff 1 R3 FMUL 2 R4 R4 0 0 
45 0 0 0 0140 ffffffff 1 R3 FMUL 2 R4 R4 0 0 
3 0 0 3 0140 ffffffff 1 R3 FMUL 2 R4 R4 0 0 
49 0 0 3 0140 ffffffff 1 R3 FMUL 2 R4 R4 0 0 
14 0 0 0 0140 ffffffff 1 R3 FMUL 2 R4 R4 0 0 
48 0 0 0 0140 ffffffff 1 R3 FMUL 2 R4 R4 0 0 
7 0 0 0 0140 ffffffff 1 R3 FMUL 2 R4 R4 0 0 
43 0 0 1 0140 ffffffff 1 R3 FMUL 2 R4 R4 0 0 
30 0 0 1 01f0 ffffffff 0 STG.E.128.SYS 2 R8 R4 16 1 0x7f580fb5ae00 16 0 
5 0 0 1 0140 ffffffff 1 R3 FMUL 2 R4 R4 0 0 
10 0 0 3 0140 ffffffff 1 R3 FMUL 2 R4 R4 0 0 
46 0 0 1 0140 ffffffff 1 R3 FMUL 2 R4 R4 0 0 
47 0 0 1 0140 ffffffff 1 R3 FMUL 2 R4 R4 0 0 
7 0 0 1 0140 ffffffff 1 R3 FMUL 2 R4 R4 0 0 
6 0 0 2 0140 ffffffff 1 R3 FMUL 2 R4 R4 0 0 
51 0 0 0 0140 ffffffff 1 R3 FMUL 2 R4 R4 0 0 
49 0 0 1 0140 ffffffff 1 R3 FMUL 2 R4 R4 0 0 
3 0 0 2 0140 ffffffff 1 R3 FMUL 2 R4 R4 0 0 
31 0 0 0 01f0 ffffffff 0 STG.E.128.SYS 2 R8 R4 16 1 0x7f580fb5bc00 16 0 
8 0 0 1 0140 ffffffff 1 R3 FMUL 2 R4 R4 0 0 
13 0 0 0 0140 ffffffff 1 R3 FMUL 2 R4 R4 0 0 
13 0 0 1 0140 ffffffff 1 R3 FMUL 2 R4 R4 0 0 
11 0 0 2 0140 ffffffff 1 R3 FMUL 2 R4 R4 0 0 
44 0 0 1 0140 ffffffff 1 R3 FMUL 2 R4 R4 0 0 
53 0 0 3 0140 ffffffff 1 R3 FMUL 2 R4 R4 0 0 
47 0 0 2 0140 ffffffff 1 R3 FMUL 2 R4 R4 0 0 
5 0 0 2 0140 ffffffff 1 R3 FMUL 2 R4 R4 0 0 
43 0 0 2 0140 ffffffff 1 R3 FMUL 2 R4 R4 0 0 
54 0 0 2 0140 ffffffff 1 R3 FMUL 2 R4 R4 0 0 
9 0 0 0 0140 ffffffff 1 R3 FMUL 2 R4 R4 0 0 
49 0 0 2 0140 ffffffff 1 R3 FMUL 2 R4 R4 0 0 
26 0 0 1 01d0 ffffffff 1 R7 FMUL 2 R7 R2 0 0 
26 0 0 2 01d0 ffffffff 1 R7 FMUL 2 R7 R2 0 0 
40 0 0 3 0140 ffffffff 1 R3 FMUL 2 R4 R4 0 0 
41 0 0 2 0140 ffffffff 1 R3 FMUL 2 R4 R4 0 0 
1 0 0 0 0140 ffffffff 1 R3 FMUL 2 R4 R4 0 0 
41 0 0 1 0140 ffffffff 1 R3 FMUL 2 R4 R4 0 0 
5 0 0 0 0140 ffffffff 1 R3 FMUL 2 R4 R4 0 0 
49 0 0 0 0140 ffffffff 1 R3 FMUL 2 R4 R4 0 0 
10 0 0 1 0140 ffffffff 1 R3 FMUL 2 R4 R4 0 0 
41 0 0 0 0140 ffffffff 1 R3 FMUL 2 R4 R4 0 0 
44 0 0 0 0140 ffffffff 1 R3 FMUL 2 R4 R4 0 0 
8 0 0 2 0140 ffffffff 1 R3 FMUL 2 R4 R4 0 0 
6 0 0 3 0140 ffffffff 1 R3 FMUL 2 R4 R4 0 0 
50 0 0 2 0140 ffffffff 1 R3 FMUL 2 R4 R4 0 0 
53 0 0 1 0140 ffffffff 1 R3 FMUL 2 R4 R4 0 0 
6 0 0 0 0140 ffffffff 1 R3 FMUL 2 R4 R4 0 0 
9 0 0 1 0140 ffffffff 1 R3 FMUL 2 R4 R4 0 0 
10 0 0 0 0140 ffffffff 1 R3 FMUL 2 R4 R4 0 0 
43 0 0 0 0140 ffffffff 1 R3 FMUL 2 R4 R4 0 0 
47 0 0 0 0140 ffffffff 1 R3 FMUL 2 R4 R4 0 0 
1 0 0 1 0140 ffffffff 1 R3 FMUL 2 R4 R4 0 0 
14 0 0 3 0140 ffffffff 1 R3 FMUL 2 R4 R4 0 0 
50 0 0 1 0140 ffffffff 1 R3 FMUL 2 R4 R4 0 0 
7 0 0 2 0140 ffffffff 1 R3 FMUL 2 R4 R4 0 0 
2 0 0 2 0140 ffffffff 1 R3 FMUL 2 R4 R4 0 0 
19 0 0 2 01f0 ffffffff 0 STG.E.128.SYS 2 R8 R4 16 1 0x7f580fb50000 16 0 
40 0 0 0 0140 ffffffff 1 R3 FMUL 2 R4 R4 0 0 
52 0 0 1 0140 ffffffff 1 R3 FMUL 2 R4 R4 0 0 
45 0 0 3 0140 ffffffff 1 R3 FMUL 2 R4 R4 0 0 
51 0 0 2 0140 ffffffff 1 R3 FMUL 2 R4 R4 0 0 
13 0 0 2 0140 ffffffff 1 R3 FMUL 2 R4 R4 0 0 
19 0 0 1 01f0 ffffffff 0 STG.E.128.SYS 2 R8 R4 16 1 0x7f580fb4fe00 16 0 
19 0 0 3 01f0 ffffffff 0 STG.E.128.SYS 2 R8 R4 16 1 0x7f580fb50200 16 0 
53 0 0 0 0140 ffffffff 1 R3 FMUL 2 R4 R4 0 0 
53 0 0 2 0140 ffffffff 1 R3 FMUL 2 R4 R4 0 0 
54 0 0 0 0140 ffffffff 1 R3 FMUL 2 R4 R4 0 0 
14 0 0 2 0140 ffffffff 1 R3 FMUL 2 R4 R4 0 0 
42 0 0 3 0140 ffffffff 1 R3 FMUL 2 R4 R4 0 0 
42 0 0 1 0140 ffffffff 1 R3 FMUL 2 R4 R4 0 0 
4 0 0 0 0140 ffffffff 1 R3 FMUL 2 R4 R4 0 0 
8 0 0 3 0140 ffffffff 1 R3 FMUL 2 R4 R4 0 0 
11 0 0 0 0140 ffffffff 1 R3 FMUL 2 R4 R4 0 0 
0 0 0 1 0140 ffffffff 1 R3 FMUL 2 R4 R4 0 0 
0 0 0 0 0140 ffffffff 1 R3 FMUL 2 R4 R4 0 0 
52 0 0 0 0140 ffffffff 1 R3 FMUL 2 R4 R4 0 0 
1 0 0 2 0140 ffffffff 1 R3 FMUL 2 R4 R4 0 0 
50 0 0 0 0140 ffffffff 1 R3 FMUL 2 R4 R4 0 0 
13 0 0 3 0140 ffffffff 1 R3 FMUL 2 R4 R4 0 0 
30 0 0 2 01f0 ffffffff 0 STG.E.128.SYS 2 R8 R4 16 1 0x7f580fb5b000 16 0 
39 0 0 2 01f0 ffffffff 0 STG.E.128.SYS 2 R8 R4 16 1 0x7f580fb64000 16 0 
39 0 0 3 01f0 ffffffff 0 STG.E.128.SYS 2 R8 R4 16 1 0x7f580fb64200 16 0 
39 0 0 1 01f0 ffffffff 0 STG.E.128.SYS 2 R8 R4 16 1 0x7f580fb63e00 16 0 
54 0 0 3 0180 ffffffff 1 R14 FMUL 2 R14 R17 0 0 
12 0 0 2 0140 ffffffff 1 R3 FMUL 2 R4 R4 0 0 
35 0 0 1 0200 ffffffff 0 EXIT 0 0 0 
39 0 0 0 01f0 ffffffff 0 STG.E.128.SYS 2 R8 R4 16 1 0x7f580fb63c00 16 0 
30 0 0 3 01f0 ffffffff 0 STG.E.128.SYS 2 R8 R4 16 1 0x7f580fb5b200 16 0 
22 0 0 0 01e0 ffffffff 0 STG.E.128.SYS 2 R8 R12 16 1 0x7f580fb52400 16 0 
25 0 0 3 01f0 ffffffff 0 STG.E.128.SYS 2 R8 R4 16 1 0x7f580fb56200 16 0 
44 0 0 2 0140 ffffffff 1 R3 FMUL 2 R4 R4 0 0 
0 0 0 2 0140 ffffffff 1 R3 FMUL 2 R4 R4 0 0 
0 0 0 3 0140 ffffffff 1 R3 FMUL 2 R4 R4 0 0 
25 0 0 0 01f0 ffffffff 0 STG.E.128.SYS 2 R8 R4 16 1 0x7f580fb55c00 16 0 
25 0 0 1 01f0 ffffffff 0 STG.E.128.SYS 2 R8 R4 16 1 0x7f580fb55e00 16 0 
35 0 0 3 01f0 ffffffff 0 STG.E.128.SYS 2 R8 R4 16 1 0x7f580fb60200 16 0 
37 0 0 0 01e0 ffffffff 0 STG.E.128.SYS 2 R8 R12 16 1 0x7f580fb61400 16 0 
17 0 0 0 01e0 ffffffff 0 STG.E.128.SYS 2 R8 R12 16 1 0x7f580fb4d400 16 0 
33 0 0 0 0200 ffffffff 0 EXIT 0 0 0 
22 0 0 3 01e0 ffffffff 0 STG.E.128.SYS 2 R8 R12 16 1 0x7f580fb52a00 16 0 
22 0 0 2 01e0 ffffffff 0 STG.E.128.SYS 2 R8 R12 16 1 0x7f580fb52800 16 0 
17 0 0 1 01e0 ffffffff 0 STG.E.128.SYS 2 R8 R12 16 1 0x7f580fb4d600 16 0 
25 0 0 2 01f0 ffffffff 0 STG.E.128.SYS 2 R8 R4 16 1 0x7f580fb56000 16 0 
27 0 0 1 01f0 ffffffff 0 STG.E.128.SYS 2 R8 R4 16 1 0x7f580fb57e00 16 0 
17 0 0 2 01e0 ffffffff 0 STG.E.128.SYS 2 R8 R12 16 1 0x7f580fb4d800 16 0 
23 0 0 0 01e0 ffffffff 0 STG.E.128.SYS 2 R8 R12 16 1 0x7f580fb53400 16 0 
17 0 0 3 01e0 ffffffff 0 STG.E.128.SYS 2 R8 R12 16 1 0x7f580fb4da00 16 0 
37 0 0 3 01e0 ffffffff 0 STG.E.128.SYS 2 R8 R12 16 1 0x7f580fb61a00 16 0 
27 0 0 3 0200 ffffffff 0 EXIT 0 0 0 
23 0 0 2 01f0 ffffffff 0 STG.E.128.SYS 2 R8 R4 16 1 0x7f580fb54000 16 0 
15 0 0 1 01e0 ffffffff 0 STG.E.128.SYS 2 R8 R12 16 1 0x7f580fb4b600 16 0 
15 0 0 3 01e0 ffffffff 0 STG.E.128.SYS 2 R8 R12 16 1 0x7f580fb4ba00 16 0 
21 0 0 3 01e0 ffffffff 0 STG.E.128.SYS 2 R8 R12 16 1 0x7f580fb51a00 16 0 
15 0 0 2 01e0 ffffffff 0 STG.E.128.SYS 2 R8 R12 16 1 0x7f580fb4b800 16 0 
22 0 0 1 01d0 ffffffff 1 R7 FMUL 2 R7 R2 0 0 
18 0 0 1 01e0 ffffffff 0 STG.E.128.SYS 2 R8 R12 16 1 0x7f580fb4e600 16 0 
18 0 0 0 01e0 ffffffff 0 STG.E.128.SYS 2 R8 R12 16 1 0x7f580fb4e400 16 0 
54 0 0 1 0160 ffffffff 1 R11 FMUL 2 R6 R6 0 0 
20 0 0 3 01e0 ffffffff 0 STG.E.128.SYS 2 R8 R12 16 1 0x7f580fb50a00 16 0 
20 0 0 1 01e0 ffffffff 0 STG.E.128.SYS 2 R8 R12 16 1 0x7f580fb50600 16 0 
33 0 0 1 0200 ffffffff 0 EXIT 0 0 0 
20 0 0 2 01e0 ffffffff 0 STG.E.128.SYS 2 R8 R12 16 1 0x7f580fb50800 16 0 
23 0 0 1 01e0 ffffffff 0 STG.E.128.SYS 2 R8 R12 16 1 0x7f580fb53600 16 0 
33 0 0 2 0200 ffffffff 0 EXIT 0 0 0 
15 0 0 0 01e0 ffffffff 0 STG.E.128.SYS 2 R8 R12 16 1 0x7f580fb4b400 16 0 
33 0 0 3 0200 ffffffff 0 EXIT 0 0 0 
32 0 0 1 01e0 ffffffff 0 STG.E.128.SYS 2 R8 R12 16 1 0x7f580fb5c600 16 0 
24 0 0 2 01f0 ffffffff 0 STG.E.128.SYS 2 R8 R4 16 1 0x7f580fb55000 16 0 
21 0 0 0 01e0 ffffffff 0 STG.E.128.SYS 2 R8 R12 16 1 0x7f580fb51400 16 0 
23 0 0 3 01e0 ffffffff 0 STG.E.128.SYS 2 R8 R12 16 1 0x7f580fb53a00 16 0 
29 0 0 0 01e0 ffffffff 0 STG.E.128.SYS 2 R8 R12 16 1 0x7f580fb59400 16 0 
37 0 0 2 01e0 ffffffff 0 STG.E.128.SYS 2 R8 R12 16 1 0x7f580fb61800 16 0 
21 0 0 2 01e0 ffffffff 0 STG.E.128.SYS 2 R8 R12 16 1 0x7f580fb51800 16 0 
24 0 0 0 01e0 ffffffff 0 STG.E.128.SYS 2 R8 R12 16 1 0x7f580fb54400 16 0 
38 0 0 2 01e0 ffffffff 0 STG.E.128.SYS 2 R8 R12 16 1 0x7f580fb62800 16 0 
24 0 0 1 01e0 ffffffff 0 STG.E.128.SYS 2 R8 R12 16 1 0x7f580fb54600 16 0 
37 0 0 1 01e0 ffffffff 0 STG.E.128.SYS 2 R8 R12 16 1 0x7f580fb61600 16 0 
32 0 0 2 01e0 ffffffff 0 STG.E.128.SYS 2 R8 R12 16 1 0x7f580fb5c800 16 0 
32 0 0 3 01e0 ffffffff 0 STG.E.128.SYS 2 R8 R12 16 1 0x7f580fb5ca00 16 0 
32 0 0 0 01e0 ffffffff 0 STG.E.128.SYS 2 R8 R12 16 1 0x7f580fb5c400 16 0 
29 0 0 2 01e0 ffffffff 0 STG.E.128.SYS 2 R8 R12 16 1 0x7f580fb59800 16 0 
24 0 0 3 01e0 ffffffff 0 STG.E.128.SYS 2 R8 R12 16 1 0x7f580fb54a00 16 0 
18 0 0 3 01e0 ffffffff 0 STG.E.128.SYS 2 R8 R12 16 1 0x7f580fb4ea00 16 0 
29 0 0 1 01e0 ffffffff 0 STG.E.128.SYS 2 R8 R12 16 1 0x7f580fb59600 16 0 
35 0 0 3 0200 ffffffff 0 EXIT 0 0 0 
16 0 0 1 01e0 ffffffff 0 STG.E.128.SYS 2 R8 R12 16 1 0x7f580fb4c600 16 0 
38 0 0 3 01e0 ffffffff 0 STG.E.128.SYS 2 R8 R12 16 1 0x7f580fb62a00 16 0 
20 0 0 0 01e0 ffffffff 0 STG.E.128.SYS 2 R8 R12 16 1 0x7f580fb50400 16 0 
16 0 0 2 01e0 ffffffff 0 STG.E.128.SYS 2 R8 R12 16 1 0x7f580fb4c800 16 0 
16 0 0 3 01e0 ffffffff 0 STG.E.128.SYS 2 R8 R12 16 1 0x7f580fb4ca00 16 0 
21 0 0 1 01e0 ffffffff 0 STG.E.128.SYS 2 R8 R12 16 1 0x7f580fb51600 16 0 
16 0 0 0 01e0 ffffffff 0 STG.E.128.SYS 2 R8 R12 16 1 0x7f580fb4c400 16 0 
34 0 0 0 01f0 ffffffff 0 STG.E.128.SYS 2 R8 R4 16 1 0x7f580fb5ec00 16 0 
18 0 0 2 01e0 ffffffff 0 STG.E.128.SYS 2 R8 R12 16 1 0x7f580fb4e800 16 0 
30 0 0 0 0200 ffffffff 0 EXIT 0 0 0 
27 0 0 1 0200 ffffffff 0 EXIT 0 0 0 
28 0 0 2 0200 ffffffff 0 EXIT 0 0 0 
31 0 0 1 0200 ffffffff 0 EXIT 0 0 0 
31 0 0 3 0200 ffffffff 0 EXIT 0 0 0 
29 0 0 3 01e0 ffffffff 0 STG.E.128.SYS 2 R8 R12 16 1 0x7f580fb59a00 16 0 
38 0 0 1 01e0 ffffffff 0 STG.E.128.SYS 2 R8 R12 16 1 0x7f580fb62600 16 0 
28 0 0 0 0200 ffffffff 0 EXIT 0 0 0 
30 0 0 1 0200 ffffffff 0 EXIT 0 0 0 
31 0 0 2 0200 ffffffff 0 EXIT 0 0 0 
31 0 0 0 0200 ffffffff 0 EXIT 0 0 0 
19 0 0 2 0200 ffffffff 0 EXIT 0 0 0 
38 0 0 0 01e0 ffffffff 0 STG.E.128.SYS 2 R8 R12 16 1 0x7f580fb62400 16 0 
28 0 0 3 0200 ffffffff 0 EXIT 0 0 0 
28 0 0 1 0200 ffffffff 0 EXIT 0 0 0 
36 0 0 2 01f0 ffffffff 0 STG.E.128.SYS 2 R8 R4 16 1 0x7f580fb61000 16 0 
36 0 0 1 01f0 ffffffff 0 STG.E.128.SYS 2 R8 R4 16 1 0x7f580fb60e00 16 0 
26 0 0 0 01e0 ffffffff 0 STG.E.128.SYS 2 R8 R12 16 1 0x7f580fb56400 16 0 
52 0 0 2 0160 ffffffff 1 R11 FMUL 2 R6 R6 0 0 
12 0 0 1 0160 ffffffff 1 R11 FMUL 2 R6 R6 0 0 
26 0 0 1 01e0 ffffffff 0 STG.E.128.SYS 2 R8 R12 16 1 0x7f580fb56600 16 0 
26 0 0 2 01e0 ffffffff 0 STG.E.128.SYS 2 R8 R12 16 1 0x7f580fb56800 16 0 
22 0 0 0 01f0 ffffffff 0 STG.E.128.SYS 2 R8 R4 16 1 0x7f580fb52c00 16 0 
39 0 0 3 0200 ffffffff 0 EXIT 0 0 0 
19 0 0 3 0200 ffffffff 0 EXIT 0 0 0 
37 0 0 0 01f0 ffffffff 0 STG.E.128.SYS 2 R8 R4 16 1 0x7f580fb61c00 16 0 
39 0 0 2 0200 ffffffff 0 EXIT 0 0 0 
36 0 0 3 01f0 ffffffff 0 STG.E.128.SYS 2 R8 R4 16 1 0x7f580fb61200 16 0 
36 0 0 0 01f0 ffffffff 0 STG.E.128.SYS 2 R8 R4 16 1 0x7f580fb60c00 16 0 
25 0 0 3 0200 ffffffff 0 EXIT 0 0 0 
25 0 0 0 0200 ffffffff 0 EXIT 0 0 0 
22 0 0 3 01f0 ffffffff 0 STG.E.128.SYS 2 R8 R4 16 1 0x7f580fb53200 16 0 
30 0 0 2 0200 ffffffff 0 EXIT 0 0 0 
22 0 0 2 01f0 ffffffff 0 STG.E.128.SYS 2 R8 R4 16 1 0x7f580fb53000 16 0 
19 0 0 1 0200 ffffffff 0 EXIT 0 0 0 
25 0 0 1 0200 ffffffff 0 EXIT 0 0 0 
25 0 0 2 0200 ffffffff 0 EXIT 0 0 0 
39 0 0 0 0200 ffffffff 0 EXIT 0 0 0 
39 0 0 1 0200 ffffffff 0 EXIT 0 0 0 
34 0 0 1 01e0 ffffffff 0 STG.E.128.SYS 2 R8 R12 16 1 0x7f580fb5e600 16 0 
23 0 0 2 0200 ffffffff 0 EXIT 0 0 0 
30 0 0 3 0200 ffffffff 0 EXIT 0 0 0 
34 0 0 2 01f0 ffffffff 0 STG.E.128.SYS 2 R8 R4 16 1 0x7f580fb5f000 16 0 
4 0 0 2 0150 ffffffff 1 R0 FMUL 2 R5 R5 0 0 
51 0 0 3 0170 ffffffff 1 R2 FMUL 2 R7 R7 0 0 
54 0 0 3 0190 ffffffff 1 R15 FMUL 2 R15 R10 0 0 
34 0 0 3 01e0 ffffffff 0 STG.E.128.SYS 2 R8 R12 16 1 0x7f580fb5ea00 16 0 
48 0 0 1 0150 ffffffff 1 R0 FMUL 2 R5 R5 0 0 
4 0 0 3 0150 ffffffff 1 R0 FMUL 2 R5 R5 0 0 
12 0 0 3 0150 ffffffff 1 R0 FMUL 2 R5 R5 0 0 
24 0 0 2 0200 ffffffff 0 EXIT 0 0 0 
14 0 0 1 0160 ffffffff 1 R11 FMUL 2 R6 R6 0 0 
26 0 0 3 01e0 ffffffff 0 STG.E.128.SYS 2 R8 R12 16 1 0x7f580fb56a00 16 0 
17 0 0 0 01f0 ffffffff 0 STG.E.128.SYS 2 R8 R4 16 1 0x7f580fb4dc00 16 0 
48 0 0 2 0150 ffffffff 1 R0 FMUL 2 R5 R5 0 0 
50 0 0 3 0150 ffffffff 1 R0 FMUL 2 R5 R5 0 0 
10 0 0 2 0150 ffffffff 1 R0 FMUL 2 R5 R5 0 0 
12 0 0 0 0150 ffffffff 1 R0 FMUL 2 R5 R5 0 0 
52 0 0 3 0150 ffffffff 1 R0 FMUL 2 R5 R5 0 0 
51 0 0 1 0150 ffffffff 1 R0 FMUL 2 R5 R5 0 0 
17 0 0 1 01f0 ffffffff 0 STG.E.128.SYS 2 R8 R4 16 1 0x7f580fb4de00 16 0 
17 0 0 3 01f0 ffffffff 0 STG.E.128.SYS 2 R8 R4 16 1 0x7f580fb4e200 16 0 
6 0 0 1 0150 ffffffff 1 R0 FMUL 2 R5 R5 0 0 
17 0 0 2 01f0 ffffffff 0 STG.E.128.SYS 2 R8 R4 16 1 0x7f580fb4e000 16 0 
20 0 0 1 01f0 ffffffff 0 STG.E.128.SYS 2 R8 R4 16 1 0x7f580fb50e00 16 0 
3 0 0 1 0150 ffffffff 1 R0 FMUL 2 R5 R5 0 0 
47 0 0 3 0150 ffffffff 1 R0 FMUL 2 R5 R5 0 0 
43 0 0 2 0150 ffffffff 1 R0 FMUL 2 R5 R5 0 0 
37 0 0 3 01f0 ffffffff 0 STG.E.128.SYS 2 R8 R4 16 1 0x7f580fb62200 16 0 
46 0 0 2 0150 ffffffff 1 R0 FMUL 2 R5 R5 0 0 
18 0 0 0 01f0 ffffffff 0 STG.E.128.SYS 2 R8 R4 16 1 0x7f580fb4ec00 16 0 
45 0 0 0 0150 ffffffff 1 R0 FMUL 2 R5 R5 0 0 
21 0 0 3 01f0 ffffffff 0 STG.E.128.SYS 2 R8 R4 16 1 0x7f580fb52200 16 0 
18 0 0 1 01f0 ffffffff 0 STG.E.128.SYS 2 R8 R4 16 1 0x7f580fb4ee00 16 0 
1 0 0 3 0150 ffffffff 1 R0 FMUL 2 R5 R5 0 0 
9 0 0 1 0150 ffffffff 1 R0 FMUL 2 R5 R5 0 0 
7 0 0 3 0150 ffffffff 1 R0 FMUL 2 R5 R5 0 0 
8 0 0 1 0150 ffffffff 1 R0 FMUL 2 R5 R5 0 0 
37 0 0 2 01f0 ffffffff 0 STG.E.128.SYS 2 R8 R4 16 1 0x7f580fb62000 16 0 
21 0 0 2 01f0 ffffffff 0 STG.E.128.SYS 2 R8 R4 16 1 0x7f580fb52000 16 0 
15 0 0 1 01f0 ffffffff 0 STG.E.128.SYS 2 R8 R4 16 1 0x7f580fb4be00 16 0 
37 0 0 1 01f0 ffffffff 0 STG.E.128.SYS 2 R8 R4 16 1 0x7f580fb61e00 16 0 
7 0 0 1 0150 ffffffff 1 R0 FMUL 2 R5 R5 0 0 
48 0 0 3 0150 ffffffff 1 R0 FMUL 2 R5 R5 0 0 
40 0 0 1 0150 ffffffff 1 R0 FMUL 2 R5 R5 0 0 
13 0 0 1 0150 ffffffff 1 R0 FMUL 2 R5 R5 0 0 
44 0 0 1 0150 ffffffff 1 R0 FMUL 2 R5 R5 0 0 
6 0 0 0 0150 ffffffff 1 R0 FMUL 2 R5 R5 0 0 
46 0 0 3 0150 ffffffff 1 R0 FMUL 2 R5 R5 0 0 
10 0 0 1 0150 ffffffff 1 R0 FMUL 2 R5 R5 0 0 
24 0 0 0 01f0 ffffffff 0 STG.E.128.SYS 2 R8 R4 16 1 0x7f580fb54c00 16 0 
9 0 0 3 0150 ffffffff 1 R0 FMUL 2 R5 R5 0 0 
50 0 0 1 0150 ffffffff 1 R0 FMUL 2 R5 R5 0 0 
10 0 0 3 0150 ffffffff 1 R0 FMUL 2 R5 R5 0 0 
50 0 0 2 0150 ffffffff 1 R0 FMUL 2 R5 R5 0 0 
53 0 0 1 0150 ffffffff 1 R0 FMUL 2 R5 R5 0 0 
45 0 0 1 0150 ffffffff 1 R0 FMUL 2 R5 R5 0 0 
22 0 0 1 01e0 ffffffff 0 STG.E.128.SYS 2 R8 R12 16 1 0x7f580fb52600 16 0 
2 0 0 2 0150 ffffffff 1 R0 FMUL 2 R5 R5 0 0 
32 0 0 1 01f0 ffffffff 0 STG.E.128.SYS 2 R8 R4 16 1 0x7f580fb5ce00 16 0 
46 0 0 0 0150 ffffffff 1 R0 FMUL 2 R5 R5 0 0 
11 0 0 1 0150 ffffffff 1 R0 FMUL 2 R5 R5 0 0 
51 0 0 2 0150 ffffffff 1 R0 FMUL 2 R5 R5 0 0 
45 0 0 2 0150 ffffffff 1 R0 FMUL 2 R5 R5 0 0 
44 0 0 0 0150 ffffffff 1 R0 FMUL 2 R5 R5 0 0 
5 0 0 3 0150 ffffffff 1 R0 FMUL 2 R5 R5 0 0 
4 0 0 1 0150 ffffffff 1 R0 FMUL 2 R5 R5 0 0 
47 0 0 2 0150 ffffffff 1 R0 FMUL 2 R5 R5 0 0 
42 0 0 2 0150 ffffffff 1 R0 FMUL 2 R5 R5 0 0 
47 0 0 1 0150 ffffffff 1 R0 FMUL 2 R5 R5 0 0 
15 0 0 3 01f0 ffffffff 0 STG.E.128.SYS 2 R8 R4 16 1 0x7f580fb4c200 16 0 
5 0 0 0 0150 ffffffff 1 R0 FMUL 2 R5 R5 0 0 
8 0 0 3 0150 ffffffff 1 R0 FMUL 2 R5 R5 0 0 
8 0 0 0 0150 ffffffff 1 R0 FMUL 2 R5 R5 0 0 
49 0 0 0 0150 ffffffff 1 R0 FMUL 2 R5 R5 0 0 
41 0 0 0 0150 ffffffff 1 R0 FMUL 2 R5 R5 0 0 
9 0 0 0 0150 ffffffff 1 R0 FMUL 2 R5 R5 0 0 
41 0 0 1 0150 ffffffff 1 R0 FMUL 2 R5 R5 0 0 
3 0 0 2 0150 ffffffff 1 R0 FMUL 2 R5 R5 0 0 
52 0 0 0 0150 ffffffff 1 R0 FMUL 2 R5 R5 0 0 
0 0 0 0 0150 ffffffff 1 R0 FMUL 2 R5 R5 0 0 
40 0 0 3 0150 ffffffff 1 R0 FMUL 2 R5 R5 0 0 
10 0 0 0 0150 ffffffff 1 R0 FMUL 2 R5 R5 0 0 
54 0 0 2 0150 ffffffff 1 R0 FMUL 2 R5 R5 0 0 
11 0 0 3 0150 ffffffff 1 R0 FMUL 2 R5 R5 0 0 
6 0 0 3 0150 ffffffff 1 R0 FMUL 2 R5 R5 0 0 
44 0 0 2 0150 ffffffff 1 R0 FMUL 2 R5 R5 0 0 
2 0 0 3 0150 ffffffff 1 R0 FMUL 2 R5 R5 0 0 
42 0 0 0 0150 ffffffff 1 R0 FMUL 2 R5 R5 0 0 
48 0 0 0 0150 ffffffff 1 R0 FMUL 2 R5 R5 0 0 
43 0 0 3 0150 ffffffff 1 R0 FMUL 2 R5 R5 0 0 
53 0 0 3 0150 ffffffff 1 R0 FMUL 2 R5 R5 0 0 
4 0 0 0 0150 ffffffff 1 R0 FMUL 2 R5 R5 0 0 
53 0 0 2 0150 ffffffff 1 R0 FMUL 2 R5 R5 0 0 
43 0 0 0 0150 ffffffff 1 R0 FMUL 2 R5 R5 0 0 
5 0 0 1 0150 ffffffff 1 R0 FMUL 2 R5 R5 0 0 
44 0 0 3 0150 ffffffff 1 R0 FMUL 2 R5 R5 0 0 
2 0 0 1 0150 ffffffff 1 R0 FMUL 2 R5 R5 0 0 
50 0 0 0 0150 ffffffff 1 R0 FMUL 2 R5 R5 0 0 
49 0 0 3 0150 ffffffff 1 R0 FMUL 2 R5 R5 0 0 
6 0 0 2 0150 ffffffff 1 R0 FMUL 2 R5 R5 0 0 
53 0 0 0 0150 ffffffff 1 R0 FMUL 2 R5 R5 0 0 
13 0 0 3 0150 ffffffff 1 R0 FMUL 2 R5 R5 0 0 
40 0 0 2 0150 ffffffff 1 R0 FMUL 2 R5 R5 0 0 
0 0 0 1 0150 ffffffff 1 R0 FMUL 2 R5 R5 0 0 
12 0 0 2 0150 ffffffff 1 R0 FMUL 2 R5 R5 0 0 
41 0 0 3 0150 ffffffff 1 R0 FMUL 2 R5 R5 0 0 
15 0 0 2 01f0 ffffffff 0 STG.E.128.SYS 2 R8 R4 16 1 0x7f580fb4c000 16 0 
34 0 0 0 0200 ffffffff 0 EXIT 0 0 0 
14 0 0 0 0150 ffffffff 1 R0 FMUL 2 R5 R5 0 0 
42 0 0 3 0150 ffffffff 1 R0 FMUL 2 R5 R5 0 0 
7 0 0 0 0150 ffffffff 1 R0 FMUL 2 R5 R5 0 0 
13 0 0 0 0150 ffffffff 1 R0 FMUL 2 R5 R5 0 0 
14 0 0 3 0150 ffffffff 1 R0 FMUL 2 R5 R5 0 0 
45 0 0 3 0150 ffffffff 1 R0 FMUL 2 R5 R5 0 0 
8 0 0 2 0150 ffffffff 1 R0 FMUL 2 R5 R5 0 0 
1 0 0 2 0150 ffffffff 1 R0 FMUL 2 R5 R5 0 0 
21 0 0 0 01f0 ffffffff 0 STG.E.128.SYS 2 R8 R4 16 1 0x7f580fb51c00 16 0 
54 0 0 0 0150 ffffffff 1 R0 FMUL 2 R5 R5 0 0 
51 0 0 0 0150 ffffffff 1 R0 FMUL 2 R5 R5 0 0 
13 0 0 2 0150 ffffffff 1 R0 FMUL 2 R5 R5 0 0 
47 0 0 0 0150 ffffffff 1 R0 FMUL 2 R5 R5 0 0 
7 0 0 2 0150 ffffffff 1 R0 FMUL 2 R5 R5 0 0 
43 0 0 1 0150 ffffffff 1 R0 FMUL 2 R5 R5 0 0 
46 0 0 1 0150 ffffffff 1 R0 FMUL 2 R5 R5 0 0 
1 0 0 0 0150 ffffffff 1 R0 FMUL 2 R5 R5 0 0 
41 0 0 2 0150 ffffffff 1 R0 FMUL 2 R5 R5 0 0 
1 0 0 1 0150 ffffffff 1 R0 FMUL 2 R5 R5 0 0 
3 0 0 3 0150 ffffffff 1 R0 FMUL 2 R5 R5 0 0 
2 0 0 0 0150 ffffffff 1 R0 FMUL 2 R5 R5 0 0 
42 0 0 1 0150 ffffffff 1 R0 FMUL 2 R5 R5 0 0 
49 0 0 2 0150 ffffffff 1 R0 FMUL 2 R5 R5 0 0 
49 0 0 1 0150 ffffffff 1 R0 FMUL 2 R5 R5 0 0 
40 0 0 0 0150 ffffffff 1 R0 FMUL 2 R5 R5 0 0 
11 0 0 0 0150 ffffffff 1 R0 FMUL 2 R5 R5 0 0 
9 0 0 2 0150 ffffffff 1 R0 FMUL 2 R5 R5 0 0 
18 0 0 2 01f0 ffffffff 0 STG.E.128.SYS 2 R8 R4 16 1 0x7f580fb4f000 16 0 
18 0 0 3 01f0 ffffffff 0 STG.E.128.SYS 2 R8 R4 16 1 0x7f580fb4f200 16 0 
23 0 0 0 01f0 ffffffff 0 STG.E.128.SYS 2 R8 R4 16 1 0x7f580fb53c00 16 0 
5 0 0 2 0150 ffffffff 1 R0 FMUL 2 R5 R5 0 0 
52 0 0 1 0150 ffffffff 1 R0 FMUL 2 R5 R5 0 0 
0 0 0 3 0150 ffffffff 1 R0 FMUL 2 R5 R5 0 0 
20 0 0 3 01f0 ffffffff 0 STG.E.128.SYS 2 R8 R4 16 1 0x7f580fb51200 16 0 
11 0 0 2 0150 ffffffff 1 R0 FMUL 2 R5 R5 0 0 
0 0 0 2 0150 ffffffff 1 R0 FMUL 2 R5 R5 0 0 
3 0 0 0 0150 ffffffff 1 R0 FMUL 2 R5 R5 0 0 
14 0 0 2 0150 ffffffff 1 R0 FMUL 2 R5 R5 0 0 
20 0 0 0 01f0 ffffffff 0 STG.E.128.SYS 2 R8 R4 16 1 0x7f580fb50c00 16 0 
20 0 0 2 01f0 ffffffff 0 STG.E.128.SYS 2 R8 R4 16 1 0x7f580fb51000 16 0 
38 0 0 3 01f0 ffffffff 0 STG.E.128.SYS 2 R8 R4 16 1 0x7f580fb63200 16 0 
54 0 0 1 0170 ffffffff 1 R2 FMUL 2 R7 R7 0 0 
16 0 0 1 01f0 ffffffff 0 STG.E.128.SYS 2 R8 R4 16 1 0x7f580fb4ce00 16 0 
16 0 0 0 01f0 ffffffff 0 STG.E.128.SYS 2 R8 R4 16 1 0x7f580fb4cc00 16 0 
38 0 0 1 01f0 ffffffff 0 STG.E.128.SYS 2 R8 R4 16 1 0x7f580fb62e00 16 0 
23 0 0 3 01f0 ffffffff 0 STG.E.128.SYS 2 R8 R4 16 1 0x7f580fb54200 16 0 
23 0 0 1 01f0 ffffffff 0 STG.E.128.SYS 2 R8 R4 16 1 0x7f580fb53e00 16 0 
24 0 0 1 01f0 ffffffff 0 STG.E.128.SYS 2 R8 R4 16 1 0x7f580fb54e00 16 0 
38 0 0 2 01f0 ffffffff 0 STG.E.128.SYS 2 R8 R4 16 1 0x7f580fb63000 16 0 
29 0 0 1 01f0 ffffffff 0 STG.E.128.SYS 2 R8 R4 16 1 0x7f580fb59e00 16 0 
21 0 0 1 01f0 ffffffff 0 STG.E.128.SYS 2 R8 R4 16 1 0x7f580fb51e00 16 0 
16 0 0 2 01f0 ffffffff 0 STG.E.128.SYS 2 R8 R4 16 1 0x7f580fb4d000 16 0 
29 0 0 2 01f0 ffffffff 0 STG.E.128.SYS 2 R8 R4 16 1 0x7f580fb5a000 16 0 
29 0 0 0 01f0 ffffffff 0 STG.E.128.SYS 2 R8 R4 16 1 0x7f580fb59c00 16 0 
32 0 0 3 01f0 ffffffff 0 STG.E.128.SYS 2 R8 R4 16 1 0x7f580fb5d200 16 0 
15 0 0 0 01f0 ffffffff 0 STG.E.128.SYS 2 R8 R4 16 1 0x7f580fb4bc00 16 0 
16 0 0 3 01f0 ffffffff 0 STG.E.128.SYS 2 R8 R4 16 1 0x7f580fb4d200 16 0 
32 0 0 0 01f0 ffffffff 0 STG.E.128.SYS 2 R8 R4 16 1 0x7f580fb5cc00 16 0 
24 0 0 3 01f0 ffffffff 0 STG.E.128.SYS 2 R8 R4 16 1 0x7f580fb55200 16 0 
32 0 0 2 01f0 ffffffff 0 STG.E.128.SYS 2 R8 R4 16 1 0x7f580fb5d000 16 0 
22 0 0 3 0200 ffffffff 0 EXIT 0 0 0 
29 0 0 3 01f0 ffffffff 0 STG.E.128.SYS 2 R8 R4 16 1 0x7f580fb5a200 16 0 
22 0 0 2 0200 ffffffff 0 EXIT 0 0 0 
36 0 0 1 0200 ffffffff 0 EXIT 0 0 0 
37 0 0 0 0200 ffffffff 0 EXIT 0 0 0 
38 0 0 0 01f0 ffffffff 0 STG.E.128.SYS 2 R8 R4 16 1 0x7f580fb62c00 16 0 
26 0 0 1 01f0 ffffffff 0 STG.E.128.SYS 2 R8 R4 16 1 0x7f580fb56e00 16 0 
36 0 0 0 0200 ffffffff 0 EXIT 0 0 0 
36 0 0 2 0200 ffffffff 0 EXIT 0 0 0 
26 0 0 0 01f0 ffffffff 0 STG.E.128.SYS 2 R8 R4 16 1 0x7f580fb56c00 16 0 
22 0 0 0 0200 ffffffff 0 EXIT 0 0 0 
36 0 0 3 0200 ffffffff 0 EXIT 0 0 0 
34 0 0 2 0200 ffffffff 0 EXIT 0 0 0 
37 0 0 2 0200 ffffffff 0 EXIT 0 0 0 
22 0 0 1 01f0 ffffffff 0 STG.E.128.SYS 2 R8 R4 16 1 0x7f580fb52e00 16 0 
24 0 0 0 0200 ffffffff 0 EXIT 0 0 0 
26 0 0 3 01f0 ffffffff 0 STG.E.128.SYS 2 R8 R4 16 1 0x7f580fb57200 16 0 
34 0 0 1 01f0 ffffffff 0 STG.E.128.SYS 2 R8 R4 16 1 0x7f580fb5ee00 16 0 
34 0 0 3 01f0 ffffffff 0 STG.E.128.SYS 2 R8 R4 16 1 0x7f580fb5f200 16 0 
17 0 0 2 0200 ffffffff 0 EXIT 0 0 0 
17 0 0 3 0200 ffffffff 0 EXIT 0 0 0 
20 0 0 1 0200 ffffffff 0 EXIT 0 0 0 
37 0 0 1 0200 ffffffff 0 EXIT 0 0 0 
26 0 0 2 01f0 ffffffff 0 STG.E.128.SYS 2 R8 R4 16 1 0x7f580fb57000 16 0 
20 0 0 0 0200 ffffffff 0 EXIT 0 0 0 
24 0 0 1 0200 ffffffff 0 EXIT 0 0 0 
21 0 0 2 0200 ffffffff 0 EXIT 0 0 0 
23 0 0 0 0200 ffffffff 0 EXIT 0 0 0 
18 0 0 1 0200 ffffffff 0 EXIT 0 0 0 
17 0 0 1 0200 ffffffff 0 EXIT 0 0 0 
37 0 0 3 0200 ffffffff 0 EXIT 0 0 0 
12 0 0 1 0170 ffffffff 1 R2 FMUL 2 R7 R7 0 0 
15 0 0 3 0200 ffffffff 0 EXIT 0 0 0 
21 0 0 3 0200 ffffffff 0 EXIT 0 0 0 
21 0 0 0 0200 ffffffff 0 EXIT 0 0 0 
52 0 0 2 0170 ffffffff 1 R2 FMUL 2 R7 R7 0 0 
32 0 0 1 0200 ffffffff 0 EXIT 0 0 0 
17 0 0 0 0200 ffffffff 0 EXIT 0 0 0 
38 0 0 3 0200 ffffffff 0 EXIT 0 0 0 
15 0 0 2 0200 ffffffff 0 EXIT 0 0 0 
15 0 0 1 0200 ffffffff 0 EXIT 0 0 0 
21 0 0 1 0200 ffffffff 0 EXIT 0 0 0 
38 0 0 1 0200 ffffffff 0 EXIT 0 0 0 
18 0 0 0 0200 ffffffff 0 EXIT 0 0 0 
20 0 0 3 0200 ffffffff 0 EXIT 0 0 0 
54 0 0 3 01a0 ffffffff 1 R4 FMUL 2 R4 R3 0 0 
18 0 0 3 0200 ffffffff 0 EXIT 0 0 0 
16 0 0 3 0200 ffffffff 0 EXIT 0 0 0 
16 0 0 0 0200 ffffffff 0 EXIT 0 0 0 
16 0 0 1 0200 ffffffff 0 EXIT 0 0 0 
14 0 0 1 0170 ffffffff 1 R2 FMUL 2 R7 R7 0 0 
15 0 0 0 0200 ffffffff 0 EXIT 0 0 0 
38 0 0 0 0200 ffffffff 0 EXIT 0 0 0 
18 0 0 2 0200 ffffffff 0 EXIT 0 0 0 
38 0 0 2 0200 ffffffff 0 EXIT 0 0 0 
32 0 0 2 0200 ffffffff 0 EXIT 0 0 0 
23 0 0 3 0200 ffffffff 0 EXIT 0 0 0 
23 0 0 1 0200 ffffffff 0 EXIT 0 0 0 
20 0 0 2 0200 ffffffff 0 EXIT 0 0 0 
24 0 0 3 0200 ffffffff 0 EXIT 0 0 0 
51 0 0 3 0180 ffffffff 1 R14 FMUL 2 R14 R17 0 0 
32 0 0 0 0200 ffffffff 0 EXIT 0 0 0 
32 0 0 3 0200 ffffffff 0 EXIT 0 0 0 
16 0 0 2 0200 ffffffff 0 EXIT 0 0 0 
29 0 0 0 0200 ffffffff 0 EXIT 0 0 0 
29 0 0 2 0200 ffffffff 0 EXIT 0 0 0 
29 0 0 1 0200 ffffffff 0 EXIT 0 0 0 
12 0 0 0 0160 ffffffff 1 R11 FMUL 2 R6 R6 0 0 
29 0 0 3 0200 ffffffff 0 EXIT 0 0 0 
4 0 0 2 0160 ffffffff 1 R11 FMUL 2 R6 R6 0 0 
12 0 0 3 0160 ffffffff 1 R11 FMUL 2 R6 R6 0 0 
51 0 0 1 0160 ffffffff 1 R11 FMUL 2 R6 R6 0 0 
13 0 0 1 0160 ffffffff 1 R11 FMUL 2 R6 R6 0 0 
48 0 0 2 0160 ffffffff 1 R11 FMUL 2 R6 R6 0 0 
48 0 0 1 0160 ffffffff 1 R11 FMUL 2 R6 R6 0 0 
8 0 0 0 0160 ffffffff 1 R11 FMUL 2 R6 R6 0 0 
8 0 0 3 0160 ffffffff 1 R11 FMUL 2 R6 R6 0 0 
34 0 0 1 0200 ffffffff 0 EXIT 0 0 0 
48 0 0 1 0170 ffffffff 1 R2 FMUL 2 R7 R7 0 0 
14 0 0 1 0180 ffffffff 1 R14 FMUL 2 R14 R17 0 0 
2 0 0 0 0160 ffffffff 1 R11 FMUL 2 R6 R6 0 0 
34 0 0 3 0200 ffffffff 0 EXIT 0 0 0 
22 0 0 1 0200 ffffffff 0 EXIT 0 0 0 
48 0 0 2 0170 ffffffff 1 R2 FMUL 2 R7 R7 0 0 
2 0 0 3 0160 ffffffff 1 R11 FMUL 2 R6 R6 0 0 
2 0 0 2 0160 ffffffff 1 R11 FMUL 2 R6 R6 0 0 
2 0 0 1 0160 ffffffff 1 R11 FMUL 2 R6 R6 0 0 
13 0 0 1 0170 ffffffff 1 R2 FMUL 2 R7 R7 0 0 
41 0 0 2 0160 ffffffff 1 R11 FMUL 2 R6 R6 0 0 
42 0 0 3 0160 ffffffff 1 R11 FMUL 2 R6 R6 0 0 
53 0 0 3 0160 ffffffff 1 R11 FMUL 2 R6 R6 0 0 
7 0 0 0 0160 ffffffff 1 R11 FMUL 2 R6 R6 0 0 
42 0 0 2 0160 ffffffff 1 R11 FMUL 2 R6 R6 0 0 
1 0 0 1 0160 ffffffff 1 R11 FMUL 2 R6 R6 0 0 
42 0 0 1 0160 ffffffff 1 R11 FMUL 2 R6 R6 0 0 
13 0 0 3 0160 ffffffff 1 R11 FMUL 2 R6 R6 0 0 
50 0 0 2 0160 ffffffff 1 R11 FMUL 2 R6 R6 0 0 
42 0 0 0 0160 ffffffff 1 R11 FMUL 2 R6 R6 0 0 
7 0 0 1 0160 ffffffff 1 R11 FMUL 2 R6 R6 0 0 
10 0 0 0 0160 ffffffff 1 R11 FMUL 2 R6 R6 0 0 
53 0 0 1 0160 ffffffff 1 R11 FMUL 2 R6 R6 0 0 
4 0 0 0 0160 ffffffff 1 R11 FMUL 2 R6 R6 0 0 
7 0 0 2 0160 ffffffff 1 R11 FMUL 2 R6 R6 0 0 
10 0 0 2 0160 ffffffff 1 R11 FMUL 2 R6 R6 0 0 
53 0 0 0 0160 ffffffff 1 R11 FMUL 2 R6 R6 0 0 
4 0 0 3 0160 ffffffff 1 R11 FMUL 2 R6 R6 0 0 
47 0 0 3 0160 ffffffff 1 R11 FMUL 2 R6 R6 0 0 
54 0 0 1 0180 ffffffff 1 R14 FMUL 2 R14 R17 0 0 
10 0 0 1 0160 ffffffff 1 R11 FMUL 2 R6 R6 0 0 
47 0 0 0 0160 ffffffff 1 R11 FMUL 2 R6 R6 0 0 
4 0 0 1 0160 ffffffff 1 R11 FMUL 2 R6 R6 0 0 
47 0 0 1 0160 ffffffff 1 R11 FMUL 2 R6 R6 0 0 
50 0 0 3 0160 ffffffff 1 R11 FMUL 2 R6 R6 0 0 
44 0 0 3 0160 ffffffff 1 R11 FMUL 2 R6 R6 0 0 
54 0 0 3 01b0 ffffffff 1 R5 FMUL 2 R5 R0 0 0 
44 0 0 2 0160 ffffffff 1 R11 FMUL 2 R6 R6 0 0 
14 0 0 2 0160 ffffffff 1 R11 FMUL 2 R6 R6 0 0 
13 0 0 2 0160 ffffffff 1 R11 FMUL 2 R6 R6 0 0 
44 0 0 0 0160 ffffffff 1 R11 FMUL 2 R6 R6 0 0 
53 0 0 2 0160 ffffffff 1 R11 FMUL 2 R6 R6 0 0 
13 0 0 0 0160 ffffffff 1 R11 FMUL 2 R6 R6 0 0 
14 0 0 0 0160 ffffffff 1 R11 FMUL 2 R6 R6 0 0 
10 0 0 3 0160 ffffffff 1 R11 FMUL 2 R6 R6 0 0 
1 0 0 3 0160 ffffffff 1 R11 FMUL 2 R6 R6 0 0 
5 0 0 0 0160 ffffffff 1 R11 FMUL 2 R6 R6 0 0 
51 0 0 1 0170 ffffffff 1 R2 FMUL 2 R7 R7 0 0 
5 0 0 1 0160 ffffffff 1 R11 FMUL 2 R6 R6 0 0 
48 0 0 3 0160 ffffffff 1 R11 FMUL 2 R6 R6 0 0 
9 0 0 2 0160 ffffffff 1 R11 FMUL 2 R6 R6 0 0 
11 0 0 1 0160 ffffffff 1 R11 FMUL 2 R6 R6 0 0 
11 0 0 0 0160 ffffffff 1 R11 FMUL 2 R6 R6 0 0 
11 0 0 3 0160 ffffffff 1 R11 FMUL 2 R6 R6 0 0 
45 0 0 3 0160 ffffffff 1 R11 FMUL 2 R6 R6 0 0 
52 0 0 1 0160 ffffffff 1 R11 FMUL 2 R6 R6 0 0 
54 0 0 0 0160 ffffffff 1 R11 FMUL 2 R6 R6 0 0 
41 0 0 3 0160 ffffffff 1 R11 FMUL 2 R6 R6 0 0 
49 0 0 0 0160 ffffffff 1 R11 FMUL 2 R6 R6 0 0 
45 0 0 0 0160 ffffffff 1 R11 FMUL 2 R6 R6 0 0 
0 0 0 1 0160 ffffffff 1 R11 FMUL 2 R6 R6 0 0 
50 0 0 1 0160 ffffffff 1 R11 FMUL 2 R6 R6 0 0 
3 0 0 0 0160 ffffffff 1 R11 FMUL 2 R6 R6 0 0 
51 0 0 3 0190 ffffffff 1 R15 FMUL 2 R15 R10 0 0 
6 0 0 0 0160 ffffffff 1 R11 FMUL 2 R6 R6 0 0 
4 0 0 2 0170 ffffffff 1 R2 FMUL 2 R7 R7 0 0 
49 0 0 1 0160 ffffffff 1 R11 FMUL 2 R6 R6 0 0 
51 0 0 2 0160 ffffffff 1 R11 FMUL 2 R6 R6 0 0 
12 0 0 3 0170 ffffffff 1 R2 FMUL 2 R7 R7 0 0 
3 0 0 1 0160 ffffffff 1 R11 FMUL 2 R6 R6 0 0 
51 0 0 0 0160 ffffffff 1 R11 FMUL 2 R6 R6 0 0 
0 0 0 2 0160 ffffffff 1 R11 FMUL 2 R6 R6 0 0 
9 0 0 3 0160 ffffffff 1 R11 FMUL 2 R6 R6 0 0 
48 0 0 0 0160 ffffffff 1 R11 FMUL 2 R6 R6 0 0 
1 0 0 0 0160 ffffffff 1 R11 FMUL 2 R6 R6 0 0 
26 0 0 3 0200 ffffffff 0 EXIT 0 0 0 
3 0 0 2 0160 ffffffff 1 R11 FMUL 2 R6 R6 0 0 
45 0 0 1 0160 ffffffff 1 R11 FMUL 2 R6 R6 0 0 
8 0 0 2 0160 ffffffff 1 R11 FMUL 2 R6 R6 0 0 
12 0 0 0 0170 ffffffff 1 R2 FMUL 2 R7 R7 0 0 
3 0 0 3 0160 ffffffff 1 R11 FMUL 2 R6 R6 0 0 
40 0 0 2 0160 ffffffff 1 R11 FMUL 2 R6 R6 0 0 
9 0 0 1 0160 ffffffff 1 R11 FMUL 2 R6 R6 0 0 
6 0 0 3 0160 ffffffff 1 R11 FMUL 2 R6 R6 0 0 
43 0 0 3 0160 ffffffff 1 R11 FMUL 2 R6 R6 0 0 
12 0 0 1 0180 ffffffff 1 R14 FMUL 2 R14 R17 0 0 
43 0 0 0 0160 ffffffff 1 R11 FMUL 2 R6 R6 0 0 
0 0 0 0 0160 ffffffff 1 R11 FMUL 2 R6 R6 0 0 
43 0 0 1 0160 ffffffff 1 R11 FMUL 2 R6 R6 0 0 
5 0 0 2 0160 ffffffff 1 R11 FMUL 2 R6 R6 0 0 
26 0 0 0 0200 ffffffff 0 EXIT 0 0 0 
54 0 0 2 0160 ffffffff 1 R11 FMUL 2 R6 R6 0 0 
41 0 0 1 0160 ffffffff 1 R11 FMUL 2 R6 R6 0 0 
43 0 0 2 0160 ffffffff 1 R11 FMUL 2 R6 R6 0 0 
5 0 0 3 0160 ffffffff 1 R11 FMUL 2 R6 R6 0 0 
52 0 0 2 0180 ffffffff 1 R14 FMUL 2 R14 R17 0 0 
47 0 0 2 0160 ffffffff 1 R11 FMUL 2 R6 R6 0 0 
9 0 0 0 0160 ffffffff 1 R11 FMUL 2 R6 R6 0 0 
40 0 0 0 0160 ffffffff 1 R11 FMUL 2 R6 R6 0 0 
49 0 0 2 0160 ffffffff 1 R11 FMUL 2 R6 R6 0 0 
8 0 0 1 0160 ffffffff 1 R11 FMUL 2 R6 R6 0 0 
6 0 0 2 0160 ffffffff 1 R11 FMUL 2 R6 R6 0 0 
52 0 0 3 0160 ffffffff 1 R11 FMUL 2 R6 R6 0 0 
40 0 0 1 0160 ffffffff 1 R11 FMUL 2 R6 R6 0 0 
46 0 0 3 0160 ffffffff 1 R11 FMUL 2 R6 R6 0 0 
52 0 0 0 0160 ffffffff 1 R11 FMUL 2 R6 R6 0 0 
46 0 0 2 0160 ffffffff 1 R11 FMUL 2 R6 R6 0 0 
49 0 0 3 0160 ffffffff 1 R11 FMUL 2 R6 R6 0 0 
46 0 0 1 0160 ffffffff 1 R11 FMUL 2 R6 R6 0 0 
46 0 0 0 0160 ffffffff 1 R11 FMUL 2 R6 R6 0 0 
26 0 0 1 0200 ffffffff 0 EXIT 0 0 0 
12 0 0 2 0160 ffffffff 1 R11 FMUL 2 R6 R6 0 0 
26 0 0 2 0200 ffffffff 0 EXIT 0 0 0 
6 0 0 1 0160 ffffffff 1 R11 FMUL 2 R6 R6 0 0 
41 0 0 0 0160 ffffffff 1 R11 FMUL 2 R6 R6 0 0 
40 0 0 3 0160 ffffffff 1 R11 FMUL 2 R6 R6 0 0 
50 0 0 0 0160 ffffffff 1 R11 FMUL 2 R6 R6 0 0 
14 0 0 3 0160 ffffffff 1 R11 FMUL 2 R6 R6 0 0 
44 0 0 1 0160 ffffffff 1 R11 FMUL 2 R6 R6 0 0 
7 0 0 3 0160 ffffffff 1 R11 FMUL 2 R6 R6 0 0 
1 0 0 2 0160 ffffffff 1 R11 FMUL 2 R6 R6 0 0 
11 0 0 2 0160 ffffffff 1 R11 FMUL 2 R6 R6 0 0 
45 0 0 2 0160 ffffffff 1 R11 FMUL 2 R6 R6 0 0 
0 0 0 3 0160 ffffffff 1 R11 FMUL 2 R6 R6 0 0 
1 0 0 0 0170 ffffffff 1 R2 FMUL 2 R7 R7 0 0 
10 0 0 3 0170 ffffffff 1 R2 FMUL 2 R7 R7 0 0 
53 0 0 3 0170 ffffffff 1 R2 FMUL 2 R7 R7 0 0 
10 0 0 0 0170 ffffffff 1 R2 FMUL 2 R7 R7 0 0 
10 0 0 1 0170 ffffffff 1 R2 FMUL 2 R7 R7 0 0 
10 0 0 2 0170 ffffffff 1 R2 FMUL 2 R7 R7 0 0 
1 0 0 1 0170 ffffffff 1 R2 FMUL 2 R7 R7 0 0 
4 0 0 2 0180 ffffffff 1 R14 FMUL 2 R14 R17 0 0 
1 0 0 3 0170 ffffffff 1 R2 FMUL 2 R7 R7 0 0 
4 0 0 1 0170 ffffffff 1 R2 FMUL 2 R7 R7 0 0 
41 0 0 3 0170 ffffffff 1 R2 FMUL 2 R7 R7 0 0 
8 0 0 2 0170 ffffffff 1 R2 FMUL 2 R7 R7 0 0 
44 0 0 2 0170 ffffffff 1 R2 FMUL 2 R7 R7 0 0 
41 0 0 1 0170 ffffffff 1 R2 FMUL 2 R7 R7 0 0 
8 0 0 3 0170 ffffffff 1 R2 FMUL 2 R7 R7 0 0 
50 0 0 2 0170 ffffffff 1 R2 FMUL 2 R7 R7 0 0 
41 0 0 0 0170 ffffffff 1 R2 FMUL 2 R7 R7 0 0 
8 0 0 0 0170 ffffffff 1 R2 FMUL 2 R7 R7 0 0 
50 0 0 3 0170 ffffffff 1 R2 FMUL 2 R7 R7 0 0 
13 0 0 2 0170 ffffffff 1 R2 FMUL 2 R7 R7 0 0 
8 0 0 1 0170 ffffffff 1 R2 FMUL 2 R7 R7 0 0 
50 0 0 0 0170 ffffffff 1 R2 FMUL 2 R7 R7 0 0 
40 0 0 3 0170 ffffffff 1 R2 FMUL 2 R7 R7 0 0 
13 0 0 3 0170 ffffffff 1 R2 FMUL 2 R7 R7 0 0 
9 0 0 2 0170 ffffffff 1 R2 FMUL 2 R7 R7 0 0 
2 0 0 1 0170 ffffffff 1 R2 FMUL 2 R7 R7 0 0 
44 0 0 1 0170 ffffffff 1 R2 FMUL 2 R7 R7 0 0 
46 0 0 1 0170 ffffffff 1 R2 FMUL 2 R7 R7 0 0 
41 0 0 2 0170 ffffffff 1 R2 FMUL 2 R7 R7 0 0 
49 0 0 0 0170 ffffffff 1 R2 FMUL 2 R7 R7 0 0 
45 0 0 1 0170 ffffffff 1 R2 FMUL 2 R7 R7 0 0 
2 0 0 0 0170 ffffffff 1 R2 FMUL 2 R7 R7 0 0 
50 0 0 1 0170 ffffffff 1 R2 FMUL 2 R7 R7 0 0 
6 0 0 3 0170 ffffffff 1 R2 FMUL 2 R7 R7 0 0 
7 0 0 1 0170 ffffffff 1 R2 FMUL 2 R7 R7 0 0 
14 0 0 0 0170 ffffffff 1 R2 FMUL 2 R7 R7 0 0 
44 0 0 0 0170 ffffffff 1 R2 FMUL 2 R7 R7 0 0 
45 0 0 0 0170 ffffffff 1 R2 FMUL 2 R7 R7 0 0 
7 0 0 3 0170 ffffffff 1 R2 FMUL 2 R7 R7 0 0 
48 0 0 1 0180 ffffffff 1 R14 FMUL 2 R14 R17 0 0 
7 0 0 0 0170 ffffffff 1 R2 FMUL 2 R7 R7 0 0 
2 0 0 2 0170 ffffffff 1 R2 FMUL 2 R7 R7 0 0 
7 0 0 2 0170 ffffffff 1 R2 FMUL 2 R7 R7 0 0 
48 0 0 2 0180 ffffffff 1 R14 FMUL 2 R14 R17 0 0 
13 0 0 1 0180 ffffffff 1 R14 FMUL 2 R14 R17 0 0 
48 0 0 3 0170 ffffffff 1 R2 FMUL 2 R7 R7 0 0 
47 0 0 0 0170 ffffffff 1 R2 FMUL 2 R7 R7 0 0 
42 0 0 0 0170 ffffffff 1 R2 FMUL 2 R7 R7 0 0 
47 0 0 2 0170 ffffffff 1 R2 FMUL 2 R7 R7 0 0 
48 0 0 0 0170 ffffffff 1 R2 FMUL 2 R7 R7 0 0 
47 0 0 1 0170 ffffffff 1 R2 FMUL 2 R7 R7 0 0 
42 0 0 3 0170 ffffffff 1 R2 FMUL 2 R7 R7 0 0 
42 0 0 1 0170 ffffffff 1 R2 FMUL 2 R7 R7 0 0 
47 0 0 3 0170 ffffffff 1 R2 FMUL 2 R7 R7 0 0 
1 0 0 2 0170 ffffffff 1 R2 FMUL 2 R7 R7 0 0 
4 0 0 3 0170 ffffffff 1 R2 FMUL 2 R7 R7 0 0 
2 0 0 3 0170 ffffffff 1 R2 FMUL 2 R7 R7 0 0 
4 0 0 0 0170 ffffffff 1 R2 FMUL 2 R7 R7 0 0 
14 0 0 1 0190 ffffffff 1 R15 FMUL 2 R15 R10 0 0 
6 0 0 2 0170 ffffffff 1 R2 FMUL 2 R7 R7 0 0 
5 0 0 2 0170 ffffffff 1 R2 FMUL 2 R7 R7 0 0 
42 0 0 2 0170 ffffffff 1 R2 FMUL 2 R7 R7 0 0 
14 0 0 3 0170 ffffffff 1 R2 FMUL 2 R7 R7 0 0 
9 0 0 1 0170 ffffffff 1 R2 FMUL 2 R7 R7 0 0 
13 0 0 0 0170 ffffffff 1 R2 FMUL 2 R7 R7 0 0 
53 0 0 0 0170 ffffffff 1 R2 FMUL 2 R7 R7 0 0 
44 0 0 3 0170 ffffffff 1 R2 FMUL 2 R7 R7 0 0 
3 0 0 1 0170 ffffffff 1 R2 FMUL 2 R7 R7 0 0 
3 0 0 3 0170 ffffffff 1 R2 FMUL 2 R7 R7 0 0 
3 0 0 0 0170 ffffffff 1 R2 FMUL 2 R7 R7 0 0 
53 0 0 1 0170 ffffffff 1 R2 FMUL 2 R7 R7 0 0 
54 0 0 1 0190 ffffffff 1 R15 FMUL 2 R15 R10 0 0 
53 0 0 2 0170 ffffffff 1 R2 FMUL 2 R7 R7 0 0 
54 0 0 0 0170 ffffffff 1 R2 FMUL 2 R7 R7 0 0 
45 0 0 3 0170 ffffffff 1 R2 FMUL 2 R7 R7 0 0 
49 0 0 1 0170 ffffffff 1 R2 FMUL 2 R7 R7 0 0 
11 0 0 3 0170 ffffffff 1 R2 FMUL 2 R7 R7 0 0 
11 0 0 1 0170 ffffffff 1 R2 FMUL 2 R7 R7 0 0 
51 0 0 0 0170 ffffffff 1 R2 FMUL 2 R7 R7 0 0 
12 0 0 3 0180 ffffffff 1 R14 FMUL 2 R14 R17 0 0 
12 0 0 0 0180 ffffffff 1 R14 FMUL 2 R14 R17 0 0 
46 0 0 2 0170 ffffffff 1 R2 FMUL 2 R7 R7 0 0 
12 0 0 2 0170 ffffffff 1 R2 FMUL 2 R7 R7 0 0 
52 0 0 3 0170 ffffffff 1 R2 FMUL 2 R7 R7 0 0 
5 0 0 1 0170 ffffffff 1 R2 FMUL 2 R7 R7 0 0 
9 0 0 3 0170 ffffffff 1 R2 FMUL 2 R7 R7 0 0 
49 0 0 2 0170 ffffffff 1 R2 FMUL 2 R7 R7 0 0 
9 0 0 0 0170 ffffffff 1 R2 FMUL 2 R7 R7 0 0 
49 0 0 3 0170 ffffffff 1 R2 FMUL 2 R7 R7 0 0 
5 0 0 0 0170 ffffffff 1 R2 FMUL 2 R7 R7 0 0 
51 0 0 2 0170 ffffffff 1 R2 FMUL 2 R7 R7 0 0 
45 0 0 2 0170 ffffffff 1 R2 FMUL 2 R7 R7 0 0 
5 0 0 3 0170 ffffffff 1 R2 FMUL 2 R7 R7 0 0 
6 0 0 0 0170 ffffffff 1 R2 FMUL 2 R7 R7 0 0 
6 0 0 1 0170 ffffffff 1 R2 FMUL 2 R7 R7 0 0 
0 0 0 0 0170 ffffffff 1 R2 FMUL 2 R7 R7 0 0 
46 0 0 0 0170 ffffffff 1 R2 FMUL 2 R7 R7 0 0 
46 0 0 3 0170 ffffffff 1 R2 FMUL 2 R7 R7 0 0 
0 0 0 1 0170 ffffffff 1 R2 FMUL 2 R7 R7 0 0 
40 0 0 0 0170 ffffffff 1 R2 FMUL 2 R7 R7 0 0 
14 0 0 2 0170 ffffffff 1 R2 FMUL 2 R7 R7 0 0 
54 0 0 3 01c0 ffffffff 1 R6 FMUL 2 R6 R11 0 0 
0 0 0 3 0170 ffffffff 1 R2 FMUL 2 R7 R7 0 0 
40 0 0 2 0170 ffffffff 1 R2 FMUL 2 R7 R7 0 0 
40 0 0 1 0170 ffffffff 1 R2 FMUL 2 R7 R7 0 0 
51 0 0 1 0180 ffffffff 1 R14 FMUL 2 R14 R17 0 0 
52 0 0 0 0170 ffffffff 1 R2 FMUL 2 R7 R7 0 0 
12 0 0 1 0190 ffffffff 1 R15 FMUL 2 R15 R10 0 0 
11 0 0 0 0170 ffffffff 1 R2 FMUL 2 R7 R7 0 0 
51 0 0 3 01a0 ffffffff 1 R4 FMUL 2 R4 R3 0 0 
43 0 0 2 0170 ffffffff 1 R2 FMUL 2 R7 R7 0 0 
54 0 0 2 0170 ffffffff 1 R2 FMUL 2 R7 R7 0 0 
52 0 0 1 0170 ffffffff 1 R2 FMUL 2 R7 R7 0 0 
43 0 0 3 0170 ffffffff 1 R2 FMUL 2 R7 R7 0 0 
3 0 0 2 0170 ffffffff 1 R2 FMUL 2 R7 R7 0 0 
43 0 0 0 0170 ffffffff 1 R2 FMUL 2 R7 R7 0 0 
0 0 0 2 0170 ffffffff 1 R2 FMUL 2 R7 R7 0 0 
11 0 0 2 0170 ffffffff 1 R2 FMUL 2 R7 R7 0 0 
43 0 0 1 0170 ffffffff 1 R2 FMUL 2 R7 R7 0 0 
52 0 0 2 0190 ffffffff 1 R15 FMUL 2 R15 R10 0 0 
4 0 0 2 0190 ffffffff 1 R15 FMUL 2 R15 R10 0 0 
7 0 0 0 0180 ffffffff 1 R14 FMUL 2 R14 R17 0 0 
10 0 0 2 0180 ffffffff 1 R14 FMUL 2 R14 R17 0 0 
50 0 0 3 0180 ffffffff 1 R14 FMUL 2 R14 R17 0 0 
53 0 0 3 0180 ffffffff 1 R14 FMUL 2 R14 R17 0 0 
13 0 0 3 0180 ffffffff 1 R14 FMUL 2 R14 R17 0 0 
42 0 0 3 0180 ffffffff 1 R14 FMUL 2 R14 R17 0 0 
13 0 0 1 0190 ffffffff 1 R15 FMUL 2 R15 R10 0 0 
13 0 0 0 0180 ffffffff 1 R14 FMUL 2 R14 R17 0 0 
51 0 0 3 01b0 ffffffff 1 R5 FMUL 2 R5 R0 0 0 
2 0 0 2 0180 ffffffff 1 R14 FMUL 2 R14 R17 0 0 
2 0 0 1 0180 ffffffff 1 R14 FMUL 2 R14 R17 0 0 
7 0 0 1 0180 ffffffff 1 R14 FMUL 2 R14 R17 0 0 
53 0 0 0 0180 ffffffff 1 R14 FMUL 2 R14 R17 0 0 
13 0 0 2 0180 ffffffff 1 R14 FMUL 2 R14 R17 0 0 
42 0 0 1 0180 ffffffff 1 R14 FMUL 2 R14 R17 0 0 
2 0 0 0 0180 ffffffff 1 R14 FMUL 2 R14 R17 0 0 
42 0 0 0 0180 ffffffff 1 R14 FMUL 2 R14 R17 0 0 
7 0 0 3 0180 ffffffff 1 R14 FMUL 2 R14 R17 0 0 
47 0 0 1 0180 ffffffff 1 R14 FMUL 2 R14 R17 0 0 
53 0 0 1 0180 ffffffff 1 R14 FMUL 2 R14 R17 0 0 
52 0 0 2 01a0 ffffffff 1 R4 FMUL 2 R4 R3 0 0 
45 0 0 0 0180 ffffffff 1 R14 FMUL 2 R14 R17 0 0 
47 0 0 2 0180 ffffffff 1 R14 FMUL 2 R14 R17 0 0 
1 0 0 3 0180 ffffffff 1 R14 FMUL 2 R14 R17 0 0 
41 0 0 2 0180 ffffffff 1 R14 FMUL 2 R14 R17 0 0 
10 0 0 1 0180 ffffffff 1 R14 FMUL 2 R14 R17 0 0 
44 0 0 0 0180 ffffffff 1 R14 FMUL 2 R14 R17 0 0 
10 0 0 0 0180 ffffffff 1 R14 FMUL 2 R14 R17 0 0 
47 0 0 0 0180 ffffffff 1 R14 FMUL 2 R14 R17 0 0 
44 0 0 3 0180 ffffffff 1 R14 FMUL 2 R14 R17 0 0 
1 0 0 1 0180 ffffffff 1 R14 FMUL 2 R14 R17 0 0 
8 0 0 3 0180 ffffffff 1 R14 FMUL 2 R14 R17 0 0 
47 0 0 3 0180 ffffffff 1 R14 FMUL 2 R14 R17 0 0 
43 0 0 2 0180 ffffffff 1 R14 FMUL 2 R14 R17 0 0 
46 0 0 2 0180 ffffffff 1 R14 FMUL 2 R14 R17 0 0 
44 0 0 1 0180 ffffffff 1 R14 FMUL 2 R14 R17 0 0 
45 0 0 1 0180 ffffffff 1 R14 FMUL 2 R14 R17 0 0 
42 0 0 2 0180 ffffffff 1 R14 FMUL 2 R14 R17 0 0 
12 0 0 1 01a0 ffffffff 1 R4 FMUL 2 R4 R3 0 0 
10 0 0 3 0180 ffffffff 1 R14 FMUL 2 R14 R17 0 0 
44 0 0 2 0180 ffffffff 1 R14 FMUL 2 R14 R17 0 0 
2 0 0 3 0180 ffffffff 1 R14 FMUL 2 R14 R17 0 0 
3 0 0 1 0180 ffffffff 1 R14 FMUL 2 R14 R17 0 0 
40 0 0 3 0180 ffffffff 1 R14 FMUL 2 R14 R17 0 0 
7 0 0 2 0180 ffffffff 1 R14 FMUL 2 R14 R17 0 0 
1 0 0 0 0180 ffffffff 1 R14 FMUL 2 R14 R17 0 0 
50 0 0 2 0180 ffffffff 1 R14 FMUL 2 R14 R17 0 0 
53 0 0 2 0180 ffffffff 1 R14 FMUL 2 R14 R17 0 0 
4 0 0 3 0180 ffffffff 1 R14 FMUL 2 R14 R17 0 0 
41 0 0 0 0180 ffffffff 1 R14 FMUL 2 R14 R17 0 0 
43 0 0 1 0180 ffffffff 1 R14 FMUL 2 R14 R17 0 0 
41 0 0 1 0180 ffffffff 1 R14 FMUL 2 R14 R17 0 0 
5 0 0 3 0180 ffffffff 1 R14 FMUL 2 R14 R17 0 0 
4 0 0 0 0180 ffffffff 1 R14 FMUL 2 R14 R17 0 0 
5 0 0 1 0180 ffffffff 1 R14 FMUL 2 R14 R17 0 0 
5 0 0 2 0180 ffffffff 1 R14 FMUL 2 R14 R17 0 0 
5 0 0 0 0180 ffffffff 1 R14 FMUL 2 R14 R17 0 0 
45 0 0 2 0180 ffffffff 1 R14 FMUL 2 R14 R17 0 0 
14 0 0 3 0180 ffffffff 1 R14 FMUL 2 R14 R17 0 0 
14 0 0 1 01a0 ffffffff 1 R4 FMUL 2 R4 R3 0 0 
14 0 0 2 0180 ffffffff 1 R14 FMUL 2 R14 R17 0 0 
54 0 0 3 01d0 ffffffff 1 R7 FMUL 2 R7 R2 0 0 
12 0 0 0 0190 ffffffff 1 R15 FMUL 2 R15 R10 0 0 
52 0 0 3 0180 ffffffff 1 R14 FMUL 2 R14 R17 0 0 
11 0 0 3 0180 ffffffff 1 R14 FMUL 2 R14 R17 0 0 
6 0 0 1 0180 ffffffff 1 R14 FMUL 2 R14 R17 0 0 
46 0 0 1 0180 ffffffff 1 R14 FMUL 2 R14 R17 0 0 
52 0 0 1 0180 ffffffff 1 R14 FMUL 2 R14 R17 0 0 
6 0 0 0 0180 ffffffff 1 R14 FMUL 2 R14 R17 0 0 
12 0 0 2 0180 ffffffff 1 R14 FMUL 2 R14 R17 0 0 
51 0 0 0 0180 ffffffff 1 R14 FMUL 2 R14 R17 0 0 
1 0 0 2 0180 ffffffff 1 R14 FMUL 2 R14 R17 0 0 
46 0 0 3 0180 ffffffff 1 R14 FMUL 2 R14 R17 0 0 
51 0 0 1 0190 ffffffff 1 R15 FMUL 2 R15 R10 0 0 
46 0 0 0 0180 ffffffff 1 R14 FMUL 2 R14 R17 0 0 
3 0 0 2 0180 ffffffff 1 R14 FMUL 2 R14 R17 0 0 
54 0 0 1 01a0 ffffffff 1 R4 FMUL 2 R4 R3 0 0 
45 0 0 3 0180 ffffffff 1 R14 FMUL 2 R14 R17 0 0 
6 0 0 2 0180 ffffffff 1 R14 FMUL 2 R14 R17 0 0 
41 0 0 3 0180 ffffffff 1 R14 FMUL 2 R14 R17 0 0 
43 0 0 3 0180 ffffffff 1 R14 FMUL 2 R14 R17 0 0 
3 0 0 0 0180 ffffffff 1 R14 FMUL 2 R14 R17 0 0 
49 0 0 1 0180 ffffffff 1 R14 FMUL 2 R14 R17 0 0 
9 0 0 0 0180 ffffffff 1 R14 FMUL 2 R14 R17 0 0 
9 0 0 1 0180 ffffffff 1 R14 FMUL 2 R14 R17 0 0 
9 0 0 3 0180 ffffffff 1 R14 FMUL 2 R14 R17 0 0 
49 0 0 3 0180 ffffffff 1 R14 FMUL 2 R14 R17 0 0 
49 0 0 0 0180 ffffffff 1 R14 FMUL 2 R14 R17 0 0 
14 0 0 0 0180 ffffffff 1 R14 FMUL 2 R14 R17 0 0 
49 0 0 2 0180 ffffffff 1 R14 FMUL 2 R14 R17 0 0 
4 0 0 1 0180 ffffffff 1 R14 FMUL 2 R14 R17 0 0 
54 0 0 0 0180 ffffffff 1 R14 FMUL 2 R14 R17 0 0 
50 0 0 0 0180 ffffffff 1 R14 FMUL 2 R14 R17 0 0 
50 0 0 1 0180 ffffffff 1 R14 FMUL 2 R14 R17 0 0 
9 0 0 2 0180 ffffffff 1 R14 FMUL 2 R14 R17 0 0 
48 0 0 1 0190 ffffffff 1 R15 FMUL 2 R15 R10 0 0 
8 0 0 1 0180 ffffffff 1 R14 FMUL 2 R14 R17 0 0 
8 0 0 0 0180 ffffffff 1 R14 FMUL 2 R14 R17 0 0 
48 0 0 0 0180 ffffffff 1 R14 FMUL 2 R14 R17 0 0 
11 0 0 0 0180 ffffffff 1 R14 FMUL 2 R14 R17 0 0 
11 0 0 1 0180 ffffffff 1 R14 FMUL 2 R14 R17 0 0 
11 0 0 2 0180 ffffffff 1 R14 FMUL 2 R14 R17 0 0 
8 0 0 2 0180 ffffffff 1 R14 FMUL 2 R14 R17 0 0 
48 0 0 2 0190 ffffffff 1 R15 FMUL 2 R15 R10 0 0 
48 0 0 3 0180 ffffffff 1 R14 FMUL 2 R14 R17 0 0 
3 0 0 3 0180 ffffffff 1 R14 FMUL 2 R14 R17 0 0 
12 0 0 3 0190 ffffffff 1 R15 FMUL 2 R15 R10 0 0 
6 0 0 3 0180 ffffffff 1 R14 FMUL 2 R14 R17 0 0 
52 0 0 0 0180 ffffffff 1 R14 FMUL 2 R14 R17 0 0 
54 0 0 2 0180 ffffffff 1 R14 FMUL 2 R14 R17 0 0 
40 0 0 1 0180 ffffffff 1 R14 FMUL 2 R14 R17 0 0 
43 0 0 0 0180 ffffffff 1 R14 FMUL 2 R14 R17 0 0 
51 0 0 2 0180 ffffffff 1 R14 FMUL 2 R14 R17 0 0 
0 0 0 3 0180 ffffffff 1 R14 FMUL 2 R14 R17 0 0 
0 0 0 1 0180 ffffffff 1 R14 FMUL 2 R14 R17 0 0 
40 0 0 0 0180 ffffffff 1 R14 FMUL 2 R14 R17 0 0 
0 0 0 0 0180 ffffffff 1 R14 FMUL 2 R14 R17 0 0 
40 0 0 2 0180 ffffffff 1 R14 FMUL 2 R14 R17 0 0 
0 0 0 2 0180 ffffffff 1 R14 FMUL 2 R14 R17 0 0 
47 0 0 2 0190 ffffffff 1 R15 FMUL 2 R15 R10 0 0 
7 0 0 2 0190 ffffffff 1 R15 FMUL 2 R15 R10 0 0 
1 0 0 3 0190 ffffffff 1 R15 FMUL 2 R15 R10 0 0 
7 0 0 1 0190 ffffffff 1 R15 FMUL 2 R15 R10 0 0 
7 0 0 0 0190 ffffffff 1 R15 FMUL 2 R15 R10 0 0 
1 0 0 0 0190 ffffffff 1 R15 FMUL 2 R15 R10 0 0 
50 0 0 3 0190 ffffffff 1 R15 FMUL 2 R15 R10 0 0 
4 0 0 2 01a0 ffffffff 1 R4 FMUL 2 R4 R3 0 0 
47 0 0 0 0190 ffffffff 1 R15 FMUL 2 R15 R10 0 0 
7 0 0 3 0190 ffffffff 1 R15 FMUL 2 R15 R10 0 0 
51 0 0 3 01c0 ffffffff 1 R6 FMUL 2 R6 R11 0 0 
44 0 0 3 0190 ffffffff 1 R15 FMUL 2 R15 R10 0 0 
47 0 0 1 0190 ffffffff 1 R15 FMUL 2 R15 R10 0 0 
47 0 0 3 0190 ffffffff 1 R15 FMUL 2 R15 R10 0 0 
45 0 0 1 0190 ffffffff 1 R15 FMUL 2 R15 R10 0 0 
4 0 0 3 0190 ffffffff 1 R15 FMUL 2 R15 R10 0 0 
2 0 0 2 0190 ffffffff 1 R15 FMUL 2 R15 R10 0 0 
42 0 0 0 0190 ffffffff 1 R15 FMUL 2 R15 R10 0 0 
53 0 0 3 0190 ffffffff 1 R15 FMUL 2 R15 R10 0 0 
4 0 0 1 0190 ffffffff 1 R15 FMUL 2 R15 R10 0 0 
42 0 0 2 0190 ffffffff 1 R15 FMUL 2 R15 R10 0 0 
2 0 0 1 0190 ffffffff 1 R15 FMUL 2 R15 R10 0 0 
11 0 0 3 0190 ffffffff 1 R15 FMUL 2 R15 R10 0 0 
44 0 0 1 0190 ffffffff 1 R15 FMUL 2 R15 R10 0 0 
45 0 0 0 0190 ffffffff 1 R15 FMUL 2 R15 R10 0 0 
5 0 0 3 0190 ffffffff 1 R15 FMUL 2 R15 R10 0 0 
54 0 0 1 01b0 ffffffff 1 R5 FMUL 2 R5 R0 0 0 
41 0 0 2 0190 ffffffff 1 R15 FMUL 2 R15 R10 0 0 
51 0 0 1 01a0 ffffffff 1 R4 FMUL 2 R4 R3 0 0 
41 0 0 3 0190 ffffffff 1 R15 FMUL 2 R15 R10 0 0 
3 0 0 1 0190 ffffffff 1 R15 FMUL 2 R15 R10 0 0 
8 0 0 3 0190 ffffffff 1 R15 FMUL 2 R15 R10 0 0 
43 0 0 2 0190 ffffffff 1 R15 FMUL 2 R15 R10 0 0 
14 0 0 1 01b0 ffffffff 1 R5 FMUL 2 R5 R0 0 0 
2 0 0 0 0190 ffffffff 1 R15 FMUL 2 R15 R10 0 0 
42 0 0 1 0190 ffffffff 1 R15 FMUL 2 R15 R10 0 0 
13 0 0 0 0190 ffffffff 1 R15 FMUL 2 R15 R10 0 0 
1 0 0 1 0190 ffffffff 1 R15 FMUL 2 R15 R10 0 0 
42 0 0 3 0190 ffffffff 1 R15 FMUL 2 R15 R10 0 0 
41 0 0 0 0190 ffffffff 1 R15 FMUL 2 R15 R10 0 0 
44 0 0 0 0190 ffffffff 1 R15 FMUL 2 R15 R10 0 0 
41 0 0 1 0190 ffffffff 1 R15 FMUL 2 R15 R10 0 0 
13 0 0 1 01a0 ffffffff 1 R4 FMUL 2 R4 R3 0 0 
13 0 0 3 0190 ffffffff 1 R15 FMUL 2 R15 R10 0 0 
12 0 0 1 01b0 ffffffff 1 R5 FMUL 2 R5 R0 0 0 
53 0 0 1 0190 ffffffff 1 R15 FMUL 2 R15 R10 0 0 
12 0 0 2 0190 ffffffff 1 R15 FMUL 2 R15 R10 0 0 
52 0 0 2 01b0 ffffffff 1 R5 FMUL 2 R5 R0 0 0 
52 0 0 3 0190 ffffffff 1 R15 FMUL 2 R15 R10 0 0 
9 0 0 1 0190 ffffffff 1 R15 FMUL 2 R15 R10 0 0 
9 0 0 0 0190 ffffffff 1 R15 FMUL 2 R15 R10 0 0 
13 0 0 2 0190 ffffffff 1 R15 FMUL 2 R15 R10 0 0 
49 0 0 1 0190 ffffffff 1 R15 FMUL 2 R15 R10 0 0 
9 0 0 3 0190 ffffffff 1 R15 FMUL 2 R15 R10 0 0 
53 0 0 2 0190 ffffffff 1 R15 FMUL 2 R15 R10 0 0 
8 0 0 2 0190 ffffffff 1 R15 FMUL 2 R15 R10 0 0 
49 0 0 2 0190 ffffffff 1 R15 FMUL 2 R15 R10 0 0 
1 0 0 2 0190 ffffffff 1 R15 FMUL 2 R15 R10 0 0 
14 0 0 3 0190 ffffffff 1 R15 FMUL 2 R15 R10 0 0 
5 0 0 2 0190 ffffffff 1 R15 FMUL 2 R15 R10 0 0 
8 0 0 1 0190 ffffffff 1 R15 FMUL 2 R15 R10 0 0 
52 0 0 1 0190 ffffffff 1 R15 FMUL 2 R15 R10 0 0 
46 0 0 2 0190 ffffffff 1 R15 FMUL 2 R15 R10 0 0 
6 0 0 0 0190 ffffffff 1 R15 FMUL 2 R15 R10 0 0 
6 0 0 2 0190 ffffffff 1 R15 FMUL 2 R15 R10 0 0 
10 0 0 1 0190 ffffffff 1 R15 FMUL 2 R15 R10 0 0 
46 0 0 3 0190 ffffffff 1 R15 FMUL 2 R15 R10 0 0 
46 0 0 0 0190 ffffffff 1 R15 FMUL 2 R15 R10 0 0 
10 0 0 2 0190 ffffffff 1 R15 FMUL 2 R15 R10 0 0 
10 0 0 3 0190 ffffffff 1 R15 FMUL 2 R15 R10 0 0 
6 0 0 1 0190 ffffffff 1 R15 FMUL 2 R15 R10 0 0 
10 0 0 0 0190 ffffffff 1 R15 FMUL 2 R15 R10 0 0 
50 0 0 2 0190 ffffffff 1 R15 FMUL 2 R15 R10 0 0 
54 0 0 2 0190 ffffffff 1 R15 FMUL 2 R15 R10 0 0 
53 0 0 0 0190 ffffffff 1 R15 FMUL 2 R15 R10 0 0 
50 0 0 0 0190 ffffffff 1 R15 FMUL 2 R15 R10 0 0 
48 0 0 2 01a0 ffffffff 1 R4 FMUL 2 R4 R3 0 0 
6 0 0 3 0190 ffffffff 1 R15 FMUL 2 R15 R10 0 0 
48 0 0 1 01a0 ffffffff 1 R4 FMUL 2 R4 R3 0 0 
50 0 0 1 0190 ffffffff 1 R15 FMUL 2 R15 R10 0 0 
12 0 0 0 01a0 ffffffff 1 R4 FMUL 2 R4 R3 0 0 
14 0 0 0 0190 ffffffff 1 R15 FMUL 2 R15 R10 0 0 
49 0 0 3 0190 ffffffff 1 R15 FMUL 2 R15 R10 0 0 
11 0 0 0 0190 ffffffff 1 R15 FMUL 2 R15 R10 0 0 
3 0 0 3 0190 ffffffff 1 R15 FMUL 2 R15 R10 0 0 
49 0 0 0 0190 ffffffff 1 R15 FMUL 2 R15 R10 0 0 
4 0 0 0 0190 ffffffff 1 R15 FMUL 2 R15 R10 0 0 
2 0 0 3 0190 ffffffff 1 R15 FMUL 2 R15 R10 0 0 
46 0 0 1 0190 ffffffff 1 R15 FMUL 2 R15 R10 0 0 
51 0 0 0 0190 ffffffff 1 R15 FMUL 2 R15 R10 0 0 
14 0 0 2 0190 ffffffff 1 R15 FMUL 2 R15 R10 0 0 
51 0 0 2 0190 ffffffff 1 R15 FMUL 2 R15 R10 0 0 
43 0 0 0 0190 ffffffff 1 R15 FMUL 2 R15 R10 0 0 
43 0 0 3 0190 ffffffff 1 R15 FMUL 2 R15 R10 0 0 
54 0 0 0 0190 ffffffff 1 R15 FMUL 2 R15 R10 0 0 
45 0 0 2 0190 ffffffff 1 R15 FMUL 2 R15 R10 0 0 
40 0 0 3 0190 ffffffff 1 R15 FMUL 2 R15 R10 0 0 
40 0 0 1 0190 ffffffff 1 R15 FMUL 2 R15 R10 0 0 
3 0 0 2 0190 ffffffff 1 R15 FMUL 2 R15 R10 0 0 
5 0 0 1 0190 ffffffff 1 R15 FMUL 2 R15 R10 0 0 
43 0 0 1 0190 ffffffff 1 R15 FMUL 2 R15 R10 0 0 
9 0 0 2 0190 ffffffff 1 R15 FMUL 2 R15 R10 0 0 
44 0 0 2 0190 ffffffff 1 R15 FMUL 2 R15 R10 0 0 
48 0 0 3 0190 ffffffff 1 R15 FMUL 2 R15 R10 0 0 
11 0 0 2 0190 ffffffff 1 R15 FMUL 2 R15 R10 0 0 
45 0 0 3 0190 ffffffff 1 R15 FMUL 2 R15 R10 0 0 
3 0 0 0 0190 ffffffff 1 R15 FMUL 2 R15 R10 0 0 
0 0 0 3 0190 ffffffff 1 R15 FMUL 2 R15 R10 0 0 
12 0 0 3 01a0 ffffffff 1 R4 FMUL 2 R4 R3 0 0 
0 0 0 1 0190 ffffffff 1 R15 FMUL 2 R15 R10 0 0 
52 0 0 0 0190 ffffffff 1 R15 FMUL 2 R15 R10 0 0 
8 0 0 0 0190 ffffffff 1 R15 FMUL 2 R15 R10 0 0 
48 0 0 0 0190 ffffffff 1 R15 FMUL 2 R15 R10 0 0 
11 0 0 1 0190 ffffffff 1 R15 FMUL 2 R15 R10 0 0 
5 0 0 0 0190 ffffffff 1 R15 FMUL 2 R15 R10 0 0 
40 0 0 0 0190 ffffffff 1 R15 FMUL 2 R15 R10 0 0 
0 0 0 2 0190 ffffffff 1 R15 FMUL 2 R15 R10 0 0 
40 0 0 2 0190 ffffffff 1 R15 FMUL 2 R15 R10 0 0 
0 0 0 0 0190 ffffffff 1 R15 FMUL 2 R15 R10 0 0 
54 0 0 3 01e0 ffffffff 0 STG.E.128.SYS 2 R8 R12 16 1 0x7f580fb72a00 16 0 
7 0 0 3 01a0 ffffffff 1 R4 FMUL 2 R4 R3 0 0 
47 0 0 1 01a0 ffffffff 1 R4 FMUL 2 R4 R3 0 0 
7 0 0 1 01a0 ffffffff 1 R4 FMUL 2 R4 R3 0 0 
51 0 0 3 01d0 ffffffff 1 R7 FMUL 2 R7 R2 0 0 
47 0 0 0 01a0 ffffffff 1 R4 FMUL 2 R4 R3 0 0 
7 0 0 0 01a0 ffffffff 1 R4 FMUL 2 R4 R3 0 0 
47 0 0 3 01a0 ffffffff 1 R4 FMUL 2 R4 R3 0 0 
47 0 0 2 01a0 ffffffff 1 R4 FMUL 2 R4 R3 0 0 
50 0 0 3 01a0 ffffffff 1 R4 FMUL 2 R4 R3 0 0 
7 0 0 2 01a0 ffffffff 1 R4 FMUL 2 R4 R3 0 0 
2 0 0 1 01a0 ffffffff 1 R4 FMUL 2 R4 R3 0 0 
45 0 0 1 01a0 ffffffff 1 R4 FMUL 2 R4 R3 0 0 
45 0 0 0 01a0 ffffffff 1 R4 FMUL 2 R4 R3 0 0 
8 0 0 1 01a0 ffffffff 1 R4 FMUL 2 R4 R3 0 0 
45 0 0 2 01a0 ffffffff 1 R4 FMUL 2 R4 R3 0 0 
11 0 0 1 01a0 ffffffff 1 R4 FMUL 2 R4 R3 0 0 
51 0 0 1 01b0 ffffffff 1 R5 FMUL 2 R5 R0 0 0 
2 0 0 2 01a0 ffffffff 1 R4 FMUL 2 R4 R3 0 0 
10 0 0 1 01a0 ffffffff 1 R4 FMUL 2 R4 R3 0 0 
42 0 0 0 01a0 ffffffff 1 R4 FMUL 2 R4 R3 0 0 
42 0 0 2 01a0 ffffffff 1 R4 FMUL 2 R4 R3 0 0 
51 0 0 2 01a0 ffffffff 1 R4 FMUL 2 R4 R3 0 0 
2 0 0 0 01a0 ffffffff 1 R4 FMUL 2 R4 R3 0 0 
10 0 0 0 01a0 ffffffff 1 R4 FMUL 2 R4 R3 0 0 
14 0 0 3 01a0 ffffffff 1 R4 FMUL 2 R4 R3 0 0 
14 0 0 1 01c0 ffffffff 1 R6 FMUL 2 R6 R11 0 0 
10 0 0 2 01a0 ffffffff 1 R4 FMUL 2 R4 R3 0 0 
6 0 0 1 01a0 ffffffff 1 R4 FMUL 2 R4 R3 0 0 
46 0 0 1 01a0 ffffffff 1 R4 FMUL 2 R4 R3 0 0 
48 0 0 0 01a0 ffffffff 1 R4 FMUL 2 R4 R3 0 0 
4 0 0 3 01a0 ffffffff 1 R4 FMUL 2 R4 R3 0 0 
50 0 0 0 01a0 ffffffff 1 R4 FMUL 2 R4 R3 0 0 
46 0 0 2 01a0 ffffffff 1 R4 FMUL 2 R4 R3 0 0 
4 0 0 2 01b0 ffffffff 1 R5 FMUL 2 R5 R0 0 0 
42 0 0 1 01a0 ffffffff 1 R4 FMUL 2 R4 R3 0 0 
1 0 0 3 01a0 ffffffff 1 R4 FMUL 2 R4 R3 0 0 
50 0 0 1 01a0 ffffffff 1 R4 FMUL 2 R4 R3 0 0 
4 0 0 0 01a0 ffffffff 1 R4 FMUL 2 R4 R3 0 0 
41 0 0 1 01a0 ffffffff 1 R4 FMUL 2 R4 R3 0 0 
1 0 0 0 01a0 ffffffff 1 R4 FMUL 2 R4 R3 0 0 
13 0 0 3 01a0 ffffffff 1 R4 FMUL 2 R4 R3 0 0 
41 0 0 2 01a0 ffffffff 1 R4 FMUL 2 R4 R3 0 0 
11 0 0 3 01a0 ffffffff 1 R4 FMUL 2 R4 R3 0 0 
54 0 0 1 01c0 ffffffff 1 R6 FMUL 2 R6 R11 0 0 
53 0 0 2 01a0 ffffffff 1 R4 FMUL 2 R4 R3 0 0 
10 0 0 3 01a0 ffffffff 1 R4 FMUL 2 R4 R3 0 0 
43 0 0 2 01a0 ffffffff 1 R4 FMUL 2 R4 R3 0 0 
53 0 0 3 01a0 ffffffff 1 R4 FMUL 2 R4 R3 0 0 
48 0 0 1 01b0 ffffffff 1 R5 FMUL 2 R5 R0 0 0 
12 0 0 1 01c0 ffffffff 1 R6 FMUL 2 R6 R11 0 0 
43 0 0 3 01a0 ffffffff 1 R4 FMUL 2 R4 R3 0 0 
3 0 0 1 01a0 ffffffff 1 R4 FMUL 2 R4 R3 0 0 
12 0 0 3 01b0 ffffffff 1 R5 FMUL 2 R5 R0 0 0 
52 0 0 2 01c0 ffffffff 1 R6 FMUL 2 R6 R11 0 0 
6 0 0 3 01a0 ffffffff 1 R4 FMUL 2 R4 R3 0 0 
13 0 0 1 01b0 ffffffff 1 R5 FMUL 2 R5 R0 0 0 
46 0 0 3 01a0 ffffffff 1 R4 FMUL 2 R4 R3 0 0 
3 0 0 2 01a0 ffffffff 1 R4 FMUL 2 R4 R3 0 0 
46 0 0 0 01a0 ffffffff 1 R4 FMUL 2 R4 R3 0 0 
53 0 0 0 01a0 ffffffff 1 R4 FMUL 2 R4 R3 0 0 
51 0 0 0 01a0 ffffffff 1 R4 FMUL 2 R4 R3 0 0 
12 0 0 0 01b0 ffffffff 1 R5 FMUL 2 R5 R0 0 0 
9 0 0 2 01a0 ffffffff 1 R4 FMUL 2 R4 R3 0 0 
52 0 0 1 01a0 ffffffff 1 R4 FMUL 2 R4 R3 0 0 
9 0 0 3 01a0 ffffffff 1 R4 FMUL 2 R4 R3 0 0 
9 0 0 0 01a0 ffffffff 1 R4 FMUL 2 R4 R3 0 0 
9 0 0 1 01a0 ffffffff 1 R4 FMUL 2 R4 R3 0 0 
44 0 0 3 01a0 ffffffff 1 R4 FMUL 2 R4 R3 0 0 
49 0 0 2 01a0 ffffffff 1 R4 FMUL 2 R4 R3 0 0 
49 0 0 3 01a0 ffffffff 1 R4 FMUL 2 R4 R3 0 0 
49 0 0 0 01a0 ffffffff 1 R4 FMUL 2 R4 R3 0 0 
11 0 0 0 01a0 ffffffff 1 R4 FMUL 2 R4 R3 0 0 
50 0 0 2 01a0 ffffffff 1 R4 FMUL 2 R4 R3 0 0 
6 0 0 0 01a0 ffffffff 1 R4 FMUL 2 R4 R3 0 0 
49 0 0 1 01a0 ffffffff 1 R4 FMUL 2 R4 R3 0 0 
52 0 0 3 01a0 ffffffff 1 R4 FMUL 2 R4 R3 0 0 
3 0 0 0 01a0 ffffffff 1 R4 FMUL 2 R4 R3 0 0 
13 0 0 0 01a0 ffffffff 1 R4 FMUL 2 R4 R3 0 0 
13 0 0 2 01a0 ffffffff 1 R4 FMUL 2 R4 R3 0 0 
1 0 0 1 01a0 ffffffff 1 R4 FMUL 2 R4 R3 0 0 
41 0 0 3 01a0 ffffffff 1 R4 FMUL 2 R4 R3 0 0 
6 0 0 2 01a0 ffffffff 1 R4 FMUL 2 R4 R3 0 0 
52 0 0 0 01a0 ffffffff 1 R4 FMUL 2 R4 R3 0 0 
48 0 0 3 01a0 ffffffff 1 R4 FMUL 2 R4 R3 0 0 
12 0 0 2 01a0 ffffffff 1 R4 FMUL 2 R4 R3 0 0 
4 0 0 1 01a0 ffffffff 1 R4 FMUL 2 R4 R3 0 0 
42 0 0 3 01a0 ffffffff 1 R4 FMUL 2 R4 R3 0 0 
11 0 0 2 01a0 ffffffff 1 R4 FMUL 2 R4 R3 0 0 
2 0 0 3 01a0 ffffffff 1 R4 FMUL 2 R4 R3 0 0 
14 0 0 0 01a0 ffffffff 1 R4 FMUL 2 R4 R3 0 0 
8 0 0 3 01a0 ffffffff 1 R4 FMUL 2 R4 R3 0 0 
43 0 0 1 01a0 ffffffff 1 R4 FMUL 2 R4 R3 0 0 
54 0 0 2 01a0 ffffffff 1 R4 FMUL 2 R4 R3 0 0 
44 0 0 0 01a0 ffffffff 1 R4 FMUL 2 R4 R3 0 0 
48 0 0 2 01b0 ffffffff 1 R5 FMUL 2 R5 R0 0 0 
44 0 0 1 01a0 ffffffff 1 R4 FMUL 2 R4 R3 0 0 
8 0 0 2 01a0 ffffffff 1 R4 FMUL 2 R4 R3 0 0 
5 0 0 1 01a0 ffffffff 1 R4 FMUL 2 R4 R3 0 0 
43 0 0 0 01a0 ffffffff 1 R4 FMUL 2 R4 R3 0 0 
5 0 0 3 01a0 ffffffff 1 R4 FMUL 2 R4 R3 0 0 
53 0 0 1 01a0 ffffffff 1 R4 FMUL 2 R4 R3 0 0 
5 0 0 0 01a0 ffffffff 1 R4 FMUL 2 R4 R3 0 0 
5 0 0 2 01a0 ffffffff 1 R4 FMUL 2 R4 R3 0 0 
1 0 0 2 01a0 ffffffff 1 R4 FMUL 2 R4 R3 0 0 
41 0 0 0 01a0 ffffffff 1 R4 FMUL 2 R4 R3 0 0 
8 0 0 0 01a0 ffffffff 1 R4 FMUL 2 R4 R3 0 0 
3 0 0 3 01a0 ffffffff 1 R4 FMUL 2 R4 R3 0 0 
44 0 0 2 01a0 ffffffff 1 R4 FMUL 2 R4 R3 0 0 
45 0 0 3 01a0 ffffffff 1 R4 FMUL 2 R4 R3 0 0 
40 0 0 1 01a0 ffffffff 1 R4 FMUL 2 R4 R3 0 0 
0 0 0 3 01a0 ffffffff 1 R4 FMUL 2 R4 R3 0 0 
40 0 0 3 01a0 ffffffff 1 R4 FMUL 2 R4 R3 0 0 
40 0 0 2 01a0 ffffffff 1 R4 FMUL 2 R4 R3 0 0 
40 0 0 0 01a0 ffffffff 1 R4 FMUL 2 R4 R3 0 0 
0 0 0 1 01a0 ffffffff 1 R4 FMUL 2 R4 R3 0 0 
14 0 0 2 01a0 ffffffff 1 R4 FMUL 2 R4 R3 0 0 
54 0 0 0 01a0 ffffffff 1 R4 FMUL 2 R4 R3 0 0 
0 0 0 0 01a0 ffffffff 1 R4 FMUL 2 R4 R3 0 0 
0 0 0 2 01a0 ffffffff 1 R4 FMUL 2 R4 R3 0 0 
54 0 0 3 01f0 ffffffff 0 STG.E.128.SYS 2 R8 R4 16 1 0x7f580fb73200 16 0 
47 0 0 2 01b0 ffffffff 1 R5 FMUL 2 R5 R0 0 0 
7 0 0 3 01b0 ffffffff 1 R5 FMUL 2 R5 R0 0 0 
50 0 0 3 01b0 ffffffff 1 R5 FMUL 2 R5 R0 0 0 
10 0 0 2 01b0 ffffffff 1 R5 FMUL 2 R5 R0 0 0 
10 0 0 1 01b0 ffffffff 1 R5 FMUL 2 R5 R0 0 0 
50 0 0 2 01b0 ffffffff 1 R5 FMUL 2 R5 R0 0 0 
50 0 0 0 01b0 ffffffff 1 R5 FMUL 2 R5 R0 0 0 
50 0 0 1 01b0 ffffffff 1 R5 FMUL 2 R5 R0 0 0 
10 0 0 3 01b0 ffffffff 1 R5 FMUL 2 R5 R0 0 0 
47 0 0 3 01b0 ffffffff 1 R5 FMUL 2 R5 R0 0 0 
7 0 0 1 01b0 ffffffff 1 R5 FMUL 2 R5 R0 0 0 
2 0 0 1 01b0 ffffffff 1 R5 FMUL 2 R5 R0 0 0 
9 0 0 3 01b0 ffffffff 1 R5 FMUL 2 R5 R0 0 0 
7 0 0 0 01b0 ffffffff 1 R5 FMUL 2 R5 R0 0 0 
52 0 0 2 01d0 ffffffff 1 R7 FMUL 2 R7 R2 0 0 
12 0 0 1 01d0 ffffffff 1 R7 FMUL 2 R7 R2 0 0 
47 0 0 0 01b0 ffffffff 1 R5 FMUL 2 R5 R0 0 0 
52 0 0 3 01b0 ffffffff 1 R5 FMUL 2 R5 R0 0 0 
10 0 0 0 01b0 ffffffff 1 R5 FMUL 2 R5 R0 0 0 
12 0 0 3 01c0 ffffffff 1 R6 FMUL 2 R6 R11 0 0 
49 0 0 1 01b0 ffffffff 1 R5 FMUL 2 R5 R0 0 0 
49 0 0 2 01b0 ffffffff 1 R5 FMUL 2 R5 R0 0 0 
7 0 0 2 01b0 ffffffff 1 R5 FMUL 2 R5 R0 0 0 
11 0 0 3 01b0 ffffffff 1 R5 FMUL 2 R5 R0 0 0 
51 0 0 1 01c0 ffffffff 1 R6 FMUL 2 R6 R11 0 0 
47 0 0 1 01b0 ffffffff 1 R5 FMUL 2 R5 R0 0 0 
52 0 0 1 01b0 ffffffff 1 R5 FMUL 2 R5 R0 0 0 
2 0 0 3 01b0 ffffffff 1 R5 FMUL 2 R5 R0 0 0 
48 0 0 1 01c0 ffffffff 1 R6 FMUL 2 R6 R11 0 0 
42 0 0 1 01b0 ffffffff 1 R5 FMUL 2 R5 R0 0 0 
12 0 0 2 01b0 ffffffff 1 R5 FMUL 2 R5 R0 0 0 
3 0 0 1 01b0 ffffffff 1 R5 FMUL 2 R5 R0 0 0 
2 0 0 2 01b0 ffffffff 1 R5 FMUL 2 R5 R0 0 0 
12 0 0 0 01c0 ffffffff 1 R6 FMUL 2 R6 R11 0 0 
45 0 0 2 01b0 ffffffff 1 R5 FMUL 2 R5 R0 0 0 
5 0 0 1 01b0 ffffffff 1 R5 FMUL 2 R5 R0 0 0 
42 0 0 0 01b0 ffffffff 1 R5 FMUL 2 R5 R0 0 0 
52 0 0 0 01b0 ffffffff 1 R5 FMUL 2 R5 R0 0 0 
46 0 0 3 01b0 ffffffff 1 R5 FMUL 2 R5 R0 0 0 
6 0 0 2 01b0 ffffffff 1 R5 FMUL 2 R5 R0 0 0 
4 0 0 3 01b0 ffffffff 1 R5 FMUL 2 R5 R0 0 0 
44 0 0 3 01b0 ffffffff 1 R5 FMUL 2 R5 R0 0 0 
4 0 0 2 01c0 ffffffff 1 R6 FMUL 2 R6 R11 0 0 
46 0 0 2 01b0 ffffffff 1 R5 FMUL 2 R5 R0 0 0 
6 0 0 3 01b0 ffffffff 1 R5 FMUL 2 R5 R0 0 0 
9 0 0 0 01b0 ffffffff 1 R5 FMUL 2 R5 R0 0 0 
44 0 0 1 01b0 ffffffff 1 R5 FMUL 2 R5 R0 0 0 
1 0 0 0 01b0 ffffffff 1 R5 FMUL 2 R5 R0 0 0 
1 0 0 2 01b0 ffffffff 1 R5 FMUL 2 R5 R0 0 0 
4 0 0 1 01b0 ffffffff 1 R5 FMUL 2 R5 R0 0 0 
41 0 0 3 01b0 ffffffff 1 R5 FMUL 2 R5 R0 0 0 
1 0 0 1 01b0 ffffffff 1 R5 FMUL 2 R5 R0 0 0 
6 0 0 1 01b0 ffffffff 1 R5 FMUL 2 R5 R0 0 0 
41 0 0 0 01b0 ffffffff 1 R5 FMUL 2 R5 R0 0 0 
43 0 0 1 01b0 ffffffff 1 R5 FMUL 2 R5 R0 0 0 
9 0 0 2 01b0 ffffffff 1 R5 FMUL 2 R5 R0 0 0 
49 0 0 0 01b0 ffffffff 1 R5 FMUL 2 R5 R0 0 0 
13 0 0 2 01b0 ffffffff 1 R5 FMUL 2 R5 R0 0 0 
41 0 0 2 01b0 ffffffff 1 R5 FMUL 2 R5 R0 0 0 
13 0 0 3 01b0 ffffffff 1 R5 FMUL 2 R5 R0 0 0 
13 0 0 0 01b0 ffffffff 1 R5 FMUL 2 R5 R0 0 0 
13 0 0 1 01c0 ffffffff 1 R6 FMUL 2 R6 R11 0 0 
53 0 0 1 01b0 ffffffff 1 R5 FMUL 2 R5 R0 0 0 
1 0 0 3 01b0 ffffffff 1 R5 FMUL 2 R5 R0 0 0 
53 0 0 2 01b0 ffffffff 1 R5 FMUL 2 R5 R0 0 0 
53 0 0 3 01b0 ffffffff 1 R5 FMUL 2 R5 R0 0 0 
53 0 0 0 01b0 ffffffff 1 R5 FMUL 2 R5 R0 0 0 
42 0 0 3 01b0 ffffffff 1 R5 FMUL 2 R5 R0 0 0 
49 0 0 3 01b0 ffffffff 1 R5 FMUL 2 R5 R0 0 0 
45 0 0 1 01b0 ffffffff 1 R5 FMUL 2 R5 R0 0 0 
43 0 0 2 01b0 ffffffff 1 R5 FMUL 2 R5 R0 0 0 
43 0 0 0 01b0 ffffffff 1 R5 FMUL 2 R5 R0 0 0 
46 0 0 0 01b0 ffffffff 1 R5 FMUL 2 R5 R0 0 0 
46 0 0 1 01b0 ffffffff 1 R5 FMUL 2 R5 R0 0 0 
51 0 0 2 01b0 ffffffff 1 R5 FMUL 2 R5 R0 0 0 
41 0 0 1 01b0 ffffffff 1 R5 FMUL 2 R5 R0 0 0 
11 0 0 2 01b0 ffffffff 1 R5 FMUL 2 R5 R0 0 0 
2 0 0 0 01b0 ffffffff 1 R5 FMUL 2 R5 R0 0 0 
4 0 0 0 01b0 ffffffff 1 R5 FMUL 2 R5 R0 0 0 
54 0 0 3 0200 ffffffff 0 EXIT 0 0 0 
45 0 0 0 01b0 ffffffff 1 R5 FMUL 2 R5 R0 0 0 
42 0 0 2 01b0 ffffffff 1 R5 FMUL 2 R5 R0 0 0 
3 0 0 0 01b0 ffffffff 1 R5 FMUL 2 R5 R0 0 0 
6 0 0 0 01b0 ffffffff 1 R5 FMUL 2 R5 R0 0 0 
54 0 0 1 01d0 ffffffff 1 R7 FMUL 2 R7 R2 0 0 
9 0 0 1 01b0 ffffffff 1 R5 FMUL 2 R5 R0 0 0 
3 0 0 2 01b0 ffffffff 1 R5 FMUL 2 R5 R0 0 0 
44 0 0 0 01b0 ffffffff 1 R5 FMUL 2 R5 R0 0 0 
43 0 0 3 01b0 ffffffff 1 R5 FMUL 2 R5 R0 0 0 
8 0 0 3 01b0 ffffffff 1 R5 FMUL 2 R5 R0 0 0 
11 0 0 0 01b0 ffffffff 1 R5 FMUL 2 R5 R0 0 0 
11 0 0 1 01b0 ffffffff 1 R5 FMUL 2 R5 R0 0 0 
3 0 0 3 01b0 ffffffff 1 R5 FMUL 2 R5 R0 0 0 
5 0 0 0 01b0 ffffffff 1 R5 FMUL 2 R5 R0 0 0 
48 0 0 3 01b0 ffffffff 1 R5 FMUL 2 R5 R0 0 0 
48 0 0 2 01c0 ffffffff 1 R6 FMUL 2 R6 R11 0 0 
44 0 0 2 01b0 ffffffff 1 R5 FMUL 2 R5 R0 0 0 
51 0 0 0 01b0 ffffffff 1 R5 FMUL 2 R5 R0 0 0 
8 0 0 0 01b0 ffffffff 1 R5 FMUL 2 R5 R0 0 0 
5 0 0 3 01b0 ffffffff 1 R5 FMUL 2 R5 R0 0 0 
8 0 0 1 01b0 ffffffff 1 R5 FMUL 2 R5 R0 0 0 
14 0 0 3 01b0 ffffffff 1 R5 FMUL 2 R5 R0 0 0 
14 0 0 1 01d0 ffffffff 1 R7 FMUL 2 R7 R2 0 0 
5 0 0 2 01b0 ffffffff 1 R5 FMUL 2 R5 R0 0 0 
0 0 0 1 01b0 ffffffff 1 R5 FMUL 2 R5 R0 0 0 
40 0 0 1 01b0 ffffffff 1 R5 FMUL 2 R5 R0 0 0 
0 0 0 3 01b0 ffffffff 1 R5 FMUL 2 R5 R0 0 0 
14 0 0 0 01b0 ffffffff 1 R5 FMUL 2 R5 R0 0 0 
40 0 0 0 01b0 ffffffff 1 R5 FMUL 2 R5 R0 0 0 
40 0 0 3 01b0 ffffffff 1 R5 FMUL 2 R5 R0 0 0 
45 0 0 3 01b0 ffffffff 1 R5 FMUL 2 R5 R0 0 0 
40 0 0 2 01b0 ffffffff 1 R5 FMUL 2 R5 R0 0 0 
54 0 0 2 01b0 ffffffff 1 R5 FMUL 2 R5 R0 0 0 
54 0 0 0 01b0 ffffffff 1 R5 FMUL 2 R5 R0 0 0 
14 0 0 2 01b0 ffffffff 1 R5 FMUL 2 R5 R0 0 0 
8 0 0 2 01b0 ffffffff 1 R5 FMUL 2 R5 R0 0 0 
48 0 0 0 01b0 ffffffff 1 R5 FMUL 2 R5 R0 0 0 
0 0 0 2 01b0 ffffffff 1 R5 FMUL 2 R5 R0 0 0 
0 0 0 0 01b0 ffffffff 1 R5 FMUL 2 R5 R0 0 0 
51 0 0 3 01e0 ffffffff 0 STG.E.128.SYS 2 R8 R12 16 1 0x7f580fb6fa00 16 0 
10 0 0 0 01c0 ffffffff 1 R6 FMUL 2 R6 R11 0 0 
10 0 0 2 01c0 ffffffff 1 R6 FMUL 2 R6 R11 0 0 
50 0 0 2 01c0 ffffffff 1 R6 FMUL 2 R6 R11 0 0 
50 0 0 0 01c0 ffffffff 1 R6 FMUL 2 R6 R11 0 0 
41 0 0 1 01c0 ffffffff 1 R6 FMUL 2 R6 R11 0 0 
12 0 0 0 01d0 ffffffff 1 R7 FMUL 2 R7 R2 0 0 
10 0 0 1 01c0 ffffffff 1 R6 FMUL 2 R6 R11 0 0 
50 0 0 3 01c0 ffffffff 1 R6 FMUL 2 R6 R11 0 0 
9 0 0 2 01c0 ffffffff 1 R6 FMUL 2 R6 R11 0 0 
9 0 0 3 01c0 ffffffff 1 R6 FMUL 2 R6 R11 0 0 
7 0 0 1 01c0 ffffffff 1 R6 FMUL 2 R6 R11 0 0 
7 0 0 3 01c0 ffffffff 1 R6 FMUL 2 R6 R11 0 0 
41 0 0 0 01c0 ffffffff 1 R6 FMUL 2 R6 R11 0 0 
49 0 0 2 01c0 ffffffff 1 R6 FMUL 2 R6 R11 0 0 
1 0 0 3 01c0 ffffffff 1 R6 FMUL 2 R6 R11 0 0 
52 0 0 3 01c0 ffffffff 1 R6 FMUL 2 R6 R11 0 0 
4 0 0 3 01c0 ffffffff 1 R6 FMUL 2 R6 R11 0 0 
10 0 0 3 01c0 ffffffff 1 R6 FMUL 2 R6 R11 0 0 
50 0 0 1 01c0 ffffffff 1 R6 FMUL 2 R6 R11 0 0 
9 0 0 0 01c0 ffffffff 1 R6 FMUL 2 R6 R11 0 0 
6 0 0 1 01c0 ffffffff 1 R6 FMUL 2 R6 R11 0 0 
2 0 0 1 01c0 ffffffff 1 R6 FMUL 2 R6 R11 0 0 
9 0 0 1 01c0 ffffffff 1 R6 FMUL 2 R6 R11 0 0 
47 0 0 2 01c0 ffffffff 1 R6 FMUL 2 R6 R11 0 0 
7 0 0 0 01c0 ffffffff 1 R6 FMUL 2 R6 R11 0 0 
52 0 0 0 01c0 ffffffff 1 R6 FMUL 2 R6 R11 0 0 
49 0 0 3 01c0 ffffffff 1 R6 FMUL 2 R6 R11 0 0 
47 0 0 0 01c0 ffffffff 1 R6 FMUL 2 R6 R11 0 0 
49 0 0 0 01c0 ffffffff 1 R6 FMUL 2 R6 R11 0 0 
11 0 0 1 01c0 ffffffff 1 R6 FMUL 2 R6 R11 0 0 
51 0 0 1 01d0 ffffffff 1 R7 FMUL 2 R7 R2 0 0 
7 0 0 2 01c0 ffffffff 1 R6 FMUL 2 R6 R11 0 0 
45 0 0 0 01c0 ffffffff 1 R6 FMUL 2 R6 R11 0 0 
45 0 0 1 01c0 ffffffff 1 R6 FMUL 2 R6 R11 0 0 
47 0 0 1 01c0 ffffffff 1 R6 FMUL 2 R6 R11 0 0 
2 0 0 2 01c0 ffffffff 1 R6 FMUL 2 R6 R11 0 0 
2 0 0 3 01c0 ffffffff 1 R6 FMUL 2 R6 R11 0 0 
53 0 0 3 01c0 ffffffff 1 R6 FMUL 2 R6 R11 0 0 
53 0 0 2 01c0 ffffffff 1 R6 FMUL 2 R6 R11 0 0 
42 0 0 1 01c0 ffffffff 1 R6 FMUL 2 R6 R11 0 0 
13 0 0 1 01d0 ffffffff 1 R7 FMUL 2 R7 R2 0 0 
2 0 0 0 01c0 ffffffff 1 R6 FMUL 2 R6 R11 0 0 
1 0 0 1 01c0 ffffffff 1 R6 FMUL 2 R6 R11 0 0 
42 0 0 3 01c0 ffffffff 1 R6 FMUL 2 R6 R11 0 0 
49 0 0 1 01c0 ffffffff 1 R6 FMUL 2 R6 R11 0 0 
4 0 0 2 01d0 ffffffff 1 R7 FMUL 2 R7 R2 0 0 
4 0 0 1 01c0 ffffffff 1 R6 FMUL 2 R6 R11 0 0 
12 0 0 2 01c0 ffffffff 1 R6 FMUL 2 R6 R11 0 0 
1 0 0 2 01c0 ffffffff 1 R6 FMUL 2 R6 R11 0 0 
41 0 0 2 01c0 ffffffff 1 R6 FMUL 2 R6 R11 0 0 
12 0 0 3 01d0 ffffffff 1 R7 FMUL 2 R7 R2 0 0 
46 0 0 0 01c0 ffffffff 1 R6 FMUL 2 R6 R11 0 0 
43 0 0 2 01c0 ffffffff 1 R6 FMUL 2 R6 R11 0 0 
3 0 0 1 01c0 ffffffff 1 R6 FMUL 2 R6 R11 0 0 
45 0 0 2 01c0 ffffffff 1 R6 FMUL 2 R6 R11 0 0 
3 0 0 2 01c0 ffffffff 1 R6 FMUL 2 R6 R11 0 0 
43 0 0 1 01c0 ffffffff 1 R6 FMUL 2 R6 R11 0 0 
5 0 0 3 01c0 ffffffff 1 R6 FMUL 2 R6 R11 0 0 
47 0 0 3 01c0 ffffffff 1 R6 FMUL 2 R6 R11 0 0 
3 0 0 3 01c0 ffffffff 1 R6 FMUL 2 R6 R11 0 0 
42 0 0 2 01c0 ffffffff 1 R6 FMUL 2 R6 R11 0 0 
48 0 0 1 01d0 ffffffff 1 R7 FMUL 2 R7 R2 0 0 
43 0 0 3 01c0 ffffffff 1 R6 FMUL 2 R6 R11 0 0 
44 0 0 0 01c0 ffffffff 1 R6 FMUL 2 R6 R11 0 0 
44 0 0 3 01c0 ffffffff 1 R6 FMUL 2 R6 R11 0 0 
4 0 0 0 01c0 ffffffff 1 R6 FMUL 2 R6 R11 0 0 
52 0 0 1 01c0 ffffffff 1 R6 FMUL 2 R6 R11 0 0 
46 0 0 2 01c0 ffffffff 1 R6 FMUL 2 R6 R11 0 0 
6 0 0 2 01c0 ffffffff 1 R6 FMUL 2 R6 R11 0 0 
1 0 0 0 01c0 ffffffff 1 R6 FMUL 2 R6 R11 0 0 
14 0 0 0 01c0 ffffffff 1 R6 FMUL 2 R6 R11 0 0 
5 0 0 1 01c0 ffffffff 1 R6 FMUL 2 R6 R11 0 0 
53 0 0 1 01c0 ffffffff 1 R6 FMUL 2 R6 R11 0 0 
6 0 0 3 01c0 ffffffff 1 R6 FMUL 2 R6 R11 0 0 
46 0 0 1 01c0 ffffffff 1 R6 FMUL 2 R6 R11 0 0 
42 0 0 0 01c0 ffffffff 1 R6 FMUL 2 R6 R11 0 0 
41 0 0 3 01c0 ffffffff 1 R6 FMUL 2 R6 R11 0 0 
43 0 0 0 01c0 ffffffff 1 R6 FMUL 2 R6 R11 0 0 
13 0 0 3 01c0 ffffffff 1 R6 FMUL 2 R6 R11 0 0 
3 0 0 0 01c0 ffffffff 1 R6 FMUL 2 R6 R11 0 0 
6 0 0 0 01c0 ffffffff 1 R6 FMUL 2 R6 R11 0 0 
13 0 0 0 01c0 ffffffff 1 R6 FMUL 2 R6 R11 0 0 
44 0 0 1 01c0 ffffffff 1 R6 FMUL 2 R6 R11 0 0 
13 0 0 2 01c0 ffffffff 1 R6 FMUL 2 R6 R11 0 0 
5 0 0 0 01c0 ffffffff 1 R6 FMUL 2 R6 R11 0 0 
14 0 0 3 01c0 ffffffff 1 R6 FMUL 2 R6 R11 0 0 
46 0 0 3 01c0 ffffffff 1 R6 FMUL 2 R6 R11 0 0 
53 0 0 0 01c0 ffffffff 1 R6 FMUL 2 R6 R11 0 0 
44 0 0 2 01c0 ffffffff 1 R6 FMUL 2 R6 R11 0 0 
11 0 0 0 01c0 ffffffff 1 R6 FMUL 2 R6 R11 0 0 
54 0 0 0 01c0 ffffffff 1 R6 FMUL 2 R6 R11 0 0 
51 0 0 0 01c0 ffffffff 1 R6 FMUL 2 R6 R11 0 0 
51 0 0 2 01c0 ffffffff 1 R6 FMUL 2 R6 R11 0 0 
54 0 0 2 01c0 ffffffff 1 R6 FMUL 2 R6 R11 0 0 
5 0 0 2 01c0 ffffffff 1 R6 FMUL 2 R6 R11 0 0 
48 0 0 3 01c0 ffffffff 1 R6 FMUL 2 R6 R11 0 0 
45 0 0 3 01c0 ffffffff 1 R6 FMUL 2 R6 R11 0 0 
11 0 0 2 01c0 ffffffff 1 R6 FMUL 2 R6 R11 0 0 
11 0 0 3 01c0 ffffffff 1 R6 FMUL 2 R6 R11 0 0 
48 0 0 2 01d0 ffffffff 1 R7 FMUL 2 R7 R2 0 0 
48 0 0 0 01c0 ffffffff 1 R6 FMUL 2 R6 R11 0 0 
8 0 0 3 01c0 ffffffff 1 R6 FMUL 2 R6 R11 0 0 
14 0 0 2 01c0 ffffffff 1 R6 FMUL 2 R6 R11 0 0 
8 0 0 1 01c0 ffffffff 1 R6 FMUL 2 R6 R11 0 0 
0 0 0 3 01c0 ffffffff 1 R6 FMUL 2 R6 R11 0 0 
0 0 0 1 01c0 ffffffff 1 R6 FMUL 2 R6 R11 0 0 
40 0 0 1 01c0 ffffffff 1 R6 FMUL 2 R6 R11 0 0 
40 0 0 2 01c0 ffffffff 1 R6 FMUL 2 R6 R11 0 0 
40 0 0 0 01c0 ffffffff 1 R6 FMUL 2 R6 R11 0 0 
40 0 0 3 01c0 ffffffff 1 R6 FMUL 2 R6 R11 0 0 
0 0 0 2 01c0 ffffffff 1 R6 FMUL 2 R6 R11 0 0 
8 0 0 2 01c0 ffffffff 1 R6 FMUL 2 R6 R11 0 0 
8 0 0 0 01c0 ffffffff 1 R6 FMUL 2 R6 R11 0 0 
0 0 0 0 01c0 ffffffff 1 R6 FMUL 2 R6 R11 0 0 
52 0 0 2 01e0 ffffffff 0 STG.E.128.SYS 2 R8 R12 16 1 0x7f580fb70800 16 0 
12 0 0 1 01e0 ffffffff 0 STG.E.128.SYS 2 R8 R12 16 1 0x7f580fb48600 16 0 
54 0 0 1 01e0 ffffffff 0 STG.E.128.SYS 2 R8 R12 16 1 0x7f580fb72600 16 0 
14 0 0 1 01e0 ffffffff 0 STG.E.128.SYS 2 R8 R12 16 1 0x7f580fb4a600 16 0 
51 0 0 3 01f0 ffffffff 0 STG.E.128.SYS 2 R8 R4 16 1 0x7f580fb70200 16 0 
3 0 0 1 01d0 ffffffff 1 R7 FMUL 2 R7 R2 0 0 
50 0 0 3 01d0 ffffffff 1 R7 FMUL 2 R7 R2 0 0 
10 0 0 1 01d0 ffffffff 1 R7 FMUL 2 R7 R2 0 0 
50 0 0 0 01d0 ffffffff 1 R7 FMUL 2 R7 R2 0 0 
10 0 0 2 01d0 ffffffff 1 R7 FMUL 2 R7 R2 0 0 
10 0 0 3 01d0 ffffffff 1 R7 FMUL 2 R7 R2 0 0 
47 0 0 1 01d0 ffffffff 1 R7 FMUL 2 R7 R2 0 0 
7 0 0 3 01d0 ffffffff 1 R7 FMUL 2 R7 R2 0 0 
7 0 0 1 01d0 ffffffff 1 R7 FMUL 2 R7 R2 0 0 
7 0 0 0 01d0 ffffffff 1 R7 FMUL 2 R7 R2 0 0 
47 0 0 2 01d0 ffffffff 1 R7 FMUL 2 R7 R2 0 0 
50 0 0 1 01d0 ffffffff 1 R7 FMUL 2 R7 R2 0 0 
1 0 0 3 01d0 ffffffff 1 R7 FMUL 2 R7 R2 0 0 
10 0 0 0 01d0 ffffffff 1 R7 FMUL 2 R7 R2 0 0 
50 0 0 2 01d0 ffffffff 1 R7 FMUL 2 R7 R2 0 0 
49 0 0 0 01d0 ffffffff 1 R7 FMUL 2 R7 R2 0 0 
49 0 0 1 01d0 ffffffff 1 R7 FMUL 2 R7 R2 0 0 
9 0 0 3 01d0 ffffffff 1 R7 FMUL 2 R7 R2 0 0 
47 0 0 3 01d0 ffffffff 1 R7 FMUL 2 R7 R2 0 0 
5 0 0 1 01d0 ffffffff 1 R7 FMUL 2 R7 R2 0 0 
47 0 0 0 01d0 ffffffff 1 R7 FMUL 2 R7 R2 0 0 
7 0 0 2 01d0 ffffffff 1 R7 FMUL 2 R7 R2 0 0 
45 0 0 0 01d0 ffffffff 1 R7 FMUL 2 R7 R2 0 0 
41 0 0 1 01d0 ffffffff 1 R7 FMUL 2 R7 R2 0 0 
6 0 0 0 01d0 ffffffff 1 R7 FMUL 2 R7 R2 0 0 
6 0 0 1 01d0 ffffffff 1 R7 FMUL 2 R7 R2 0 0 
2 0 0 1 01d0 ffffffff 1 R7 FMUL 2 R7 R2 0 0 
46 0 0 1 01d0 ffffffff 1 R7 FMUL 2 R7 R2 0 0 
2 0 0 2 01d0 ffffffff 1 R7 FMUL 2 R7 R2 0 0 
46 0 0 2 01d0 ffffffff 1 R7 FMUL 2 R7 R2 0 0 
3 0 0 0 01d0 ffffffff 1 R7 FMUL 2 R7 R2 0 0 
9 0 0 1 01d0 ffffffff 1 R7 FMUL 2 R7 R2 0 0 
43 0 0 0 01d0 ffffffff 1 R7 FMUL 2 R7 R2 0 0 
41 0 0 3 01d0 ffffffff 1 R7 FMUL 2 R7 R2 0 0 
41 0 0 0 01d0 ffffffff 1 R7 FMUL 2 R7 R2 0 0 
43 0 0 2 01d0 ffffffff 1 R7 FMUL 2 R7 R2 0 0 
6 0 0 3 01d0 ffffffff 1 R7 FMUL 2 R7 R2 0 0 
49 0 0 3 01d0 ffffffff 1 R7 FMUL 2 R7 R2 0 0 
42 0 0 1 01d0 ffffffff 1 R7 FMUL 2 R7 R2 0 0 
1 0 0 1 01d0 ffffffff 1 R7 FMUL 2 R7 R2 0 0 
41 0 0 2 01d0 ffffffff 1 R7 FMUL 2 R7 R2 0 0 
45 0 0 1 01d0 ffffffff 1 R7 FMUL 2 R7 R2 0 0 
5 0 0 3 01d0 ffffffff 1 R7 FMUL 2 R7 R2 0 0 
4 0 0 3 01d0 ffffffff 1 R7 FMUL 2 R7 R2 0 0 
44 0 0 3 01d0 ffffffff 1 R7 FMUL 2 R7 R2 0 0 
44 0 0 1 01d0 ffffffff 1 R7 FMUL 2 R7 R2 0 0 
44 0 0 2 01d0 ffffffff 1 R7 FMUL 2 R7 R2 0 0 
1 0 0 0 01d0 ffffffff 1 R7 FMUL 2 R7 R2 0 0 
13 0 0 2 01d0 ffffffff 1 R7 FMUL 2 R7 R2 0 0 
13 0 0 3 01d0 ffffffff 1 R7 FMUL 2 R7 R2 0 0 
53 0 0 0 01d0 ffffffff 1 R7 FMUL 2 R7 R2 0 0 
13 0 0 0 01d0 ffffffff 1 R7 FMUL 2 R7 R2 0 0 
53 0 0 1 01d0 ffffffff 1 R7 FMUL 2 R7 R2 0 0 
53 0 0 2 01d0 ffffffff 1 R7 FMUL 2 R7 R2 0 0 
53 0 0 3 01d0 ffffffff 1 R7 FMUL 2 R7 R2 0 0 
43 0 0 1 01d0 ffffffff 1 R7 FMUL 2 R7 R2 0 0 
42 0 0 0 01d0 ffffffff 1 R7 FMUL 2 R7 R2 0 0 
3 0 0 2 01d0 ffffffff 1 R7 FMUL 2 R7 R2 0 0 
4 0 0 0 01d0 ffffffff 1 R7 FMUL 2 R7 R2 0 0 
9 0 0 0 01d0 ffffffff 1 R7 FMUL 2 R7 R2 0 0 
4 0 0 1 01d0 ffffffff 1 R7 FMUL 2 R7 R2 0 0 
9 0 0 2 01d0 ffffffff 1 R7 FMUL 2 R7 R2 0 0 
49 0 0 2 01d0 ffffffff 1 R7 FMUL 2 R7 R2 0 0 
3 0 0 3 01d0 ffffffff 1 R7 FMUL 2 R7 R2 0 0 
44 0 0 0 01d0 ffffffff 1 R7 FMUL 2 R7 R2 0 0 
43 0 0 3 01d0 ffffffff 1 R7 FMUL 2 R7 R2 0 0 
45 0 0 2 01d0 ffffffff 1 R7 FMUL 2 R7 R2 0 0 
2 0 0 3 01d0 ffffffff 1 R7 FMUL 2 R7 R2 0 0 
11 0 0 1 01d0 ffffffff 1 R7 FMUL 2 R7 R2 0 0 
5 0 0 2 01d0 ffffffff 1 R7 FMUL 2 R7 R2 0 0 
52 0 0 3 01d0 ffffffff 1 R7 FMUL 2 R7 R2 0 0 
2 0 0 0 01d0 ffffffff 1 R7 FMUL 2 R7 R2 0 0 
1 0 0 2 01d0 ffffffff 1 R7 FMUL 2 R7 R2 0 0 
46 0 0 0 01d0 ffffffff 1 R7 FMUL 2 R7 R2 0 0 
6 0 0 2 01d0 ffffffff 1 R7 FMUL 2 R7 R2 0 0 
46 0 0 3 01d0 ffffffff 1 R7 FMUL 2 R7 R2 0 0 
12 0 0 2 01d0 ffffffff 1 R7 FMUL 2 R7 R2 0 0 
52 0 0 0 01d0 ffffffff 1 R7 FMUL 2 R7 R2 0 0 
5 0 0 0 01d0 ffffffff 1 R7 FMUL 2 R7 R2 0 0 
14 0 0 3 01d0 ffffffff 1 R7 FMUL 2 R7 R2 0 0 
54 0 0 0 01d0 ffffffff 1 R7 FMUL 2 R7 R2 0 0 
52 0 0 1 01d0 ffffffff 1 R7 FMUL 2 R7 R2 0 0 
42 0 0 2 01d0 ffffffff 1 R7 FMUL 2 R7 R2 0 0 
54 0 0 2 01d0 ffffffff 1 R7 FMUL 2 R7 R2 0 0 
11 0 0 2 01d0 ffffffff 1 R7 FMUL 2 R7 R2 0 0 
14 0 0 0 01d0 ffffffff 1 R7 FMUL 2 R7 R2 0 0 
51 0 0 3 0200 ffffffff 0 EXIT 0 0 0 
45 0 0 3 01d0 ffffffff 1 R7 FMUL 2 R7 R2 0 0 
8 0 0 0 01d0 ffffffff 1 R7 FMUL 2 R7 R2 0 0 
8 0 0 3 01d0 ffffffff 1 R7 FMUL 2 R7 R2 0 0 
8 0 0 1 01d0 ffffffff 1 R7 FMUL 2 R7 R2 0 0 
48 0 0 3 01d0 ffffffff 1 R7 FMUL 2 R7 R2 0 0 
48 0 0 0 01d0 ffffffff 1 R7 FMUL 2 R7 R2 0 0 
51 0 0 0 01d0 ffffffff 1 R7 FMUL 2 R7 R2 0 0 
11 0 0 3 01d0 ffffffff 1 R7 FMUL 2 R7 R2 0 0 
42 0 0 3 01d0 ffffffff 1 R7 FMUL 2 R7 R2 0 0 
8 0 0 2 01d0 ffffffff 1 R7 FMUL 2 R7 R2 0 0 
40 0 0 1 01d0 ffffffff 1 R7 FMUL 2 R7 R2 0 0 
0 0 0 1 01d0 ffffffff 1 R7 FMUL 2 R7 R2 0 0 
0 0 0 3 01d0 ffffffff 1 R7 FMUL 2 R7 R2 0 0 
0 0 0 0 01d0 ffffffff 1 R7 FMUL 2 R7 R2 0 0 
40 0 0 0 01d0 ffffffff 1 R7 FMUL 2 R7 R2 0 0 
40 0 0 2 01d0 ffffffff 1 R7 FMUL 2 R7 R2 0 0 
40 0 0 3 01d0 ffffffff 1 R7 FMUL 2 R7 R2 0 0 
11 0 0 0 01d0 ffffffff 1 R7 FMUL 2 R7 R2 0 0 
0 0 0 2 01d0 ffffffff 1 R7 FMUL 2 R7 R2 0 0 
51 0 0 2 01d0 ffffffff 1 R7 FMUL 2 R7 R2 0 0 
14 0 0 2 01d0 ffffffff 1 R7 FMUL 2 R7 R2 0 0 
13 0 0 1 01e0 ffffffff 0 STG.E.128.SYS 2 R8 R12 16 1 0x7f580fb49600 16 0 
4 0 0 2 01e0 ffffffff 0 STG.E.128.SYS 2 R8 R12 16 1 0x7f580fb40800 16 0 
52 0 0 2 01f0 ffffffff 0 STG.E.128.SYS 2 R8 R4 16 1 0x7f580fb71000 16 0 
54 0 0 1 01f0 ffffffff 0 STG.E.128.SYS 2 R8 R4 16 1 0x7f580fb72e00 16 0 
12 0 0 0 01e0 ffffffff 0 STG.E.128.SYS 2 R8 R12 16 1 0x7f580fb48400 16 0 
48 0 0 2 01e0 ffffffff 0 STG.E.128.SYS 2 R8 R12 16 1 0x7f580fb6c800 16 0 
48 0 0 1 01e0 ffffffff 0 STG.E.128.SYS 2 R8 R12 16 1 0x7f580fb6c600 16 0 
12 0 0 1 01f0 ffffffff 0 STG.E.128.SYS 2 R8 R4 16 1 0x7f580fb48e00 16 0 
14 0 0 1 01f0 ffffffff 0 STG.E.128.SYS 2 R8 R4 16 1 0x7f580fb4ae00 16 0 
12 0 0 3 01e0 ffffffff 0 STG.E.128.SYS 2 R8 R12 16 1 0x7f580fb48a00 16 0 
51 0 0 1 01e0 ffffffff 0 STG.E.128.SYS 2 R8 R12 16 1 0x7f580fb6f600 16 0 
54 0 0 1 0200 ffffffff 0 EXIT 0 0 0 
14 0 0 1 0200 ffffffff 0 EXIT 0 0 0 
52 0 0 2 0200 ffffffff 0 EXIT 0 0 0 
12 0 0 1 0200 ffffffff 0 EXIT 0 0 0 
50 0 0 2 01e0 ffffffff 0 STG.E.128.SYS 2 R8 R12 16 1 0x7f580fb6e800 16 0 
50 0 0 1 01e0 ffffffff 0 STG.E.128.SYS 2 R8 R12 16 1 0x7f580fb6e600 16 0 
10 0 0 3 01e0 ffffffff 0 STG.E.128.SYS 2 R8 R12 16 1 0x7f580fb46a00 16 0 
50 0 0 3 01e0 ffffffff 0 STG.E.128.SYS 2 R8 R12 16 1 0x7f580fb6ea00 16 0 
50 0 0 0 01e0 ffffffff 0 STG.E.128.SYS 2 R8 R12 16 1 0x7f580fb6e400 16 0 
10 0 0 2 01e0 ffffffff 0 STG.E.128.SYS 2 R8 R12 16 1 0x7f580fb46800 16 0 
41 0 0 1 01e0 ffffffff 0 STG.E.128.SYS 2 R8 R12 16 1 0x7f580fb65600 16 0 
47 0 0 0 01e0 ffffffff 0 STG.E.128.SYS 2 R8 R12 16 1 0x7f580fb6b400 16 0 
10 0 0 0 01e0 ffffffff 0 STG.E.128.SYS 2 R8 R12 16 1 0x7f580fb46400 16 0 
10 0 0 1 01e0 ffffffff 0 STG.E.128.SYS 2 R8 R12 16 1 0x7f580fb46600 16 0 
7 0 0 1 01e0 ffffffff 0 STG.E.128.SYS 2 R8 R12 16 1 0x7f580fb43600 16 0 
7 0 0 0 01e0 ffffffff 0 STG.E.128.SYS 2 R8 R12 16 1 0x7f580fb43400 16 0 
46 0 0 1 01e0 ffffffff 0 STG.E.128.SYS 2 R8 R12 16 1 0x7f580fb6a600 16 0 
4 0 0 1 01e0 ffffffff 0 STG.E.128.SYS 2 R8 R12 16 1 0x7f580fb40600 16 0 
9 0 0 2 01e0 ffffffff 0 STG.E.128.SYS 2 R8 R12 16 1 0x7f580fb45800 16 0 
47 0 0 2 01e0 ffffffff 0 STG.E.128.SYS 2 R8 R12 16 1 0x7f580fb6b800 16 0 
9 0 0 0 01e0 ffffffff 0 STG.E.128.SYS 2 R8 R12 16 1 0x7f580fb45400 16 0 
45 0 0 0 01e0 ffffffff 0 STG.E.128.SYS 2 R8 R12 16 1 0x7f580fb69400 16 0 
2 0 0 0 01e0 ffffffff 0 STG.E.128.SYS 2 R8 R12 16 1 0x7f580fb3e400 16 0 
49 0 0 3 01e0 ffffffff 0 STG.E.128.SYS 2 R8 R12 16 1 0x7f580fb6da00 16 0 
2 0 0 3 01e0 ffffffff 0 STG.E.128.SYS 2 R8 R12 16 1 0x7f580fb3ea00 16 0 
42 0 0 1 01e0 ffffffff 0 STG.E.128.SYS 2 R8 R12 16 1 0x7f580fb66600 16 0 
5 0 0 1 01e0 ffffffff 0 STG.E.128.SYS 2 R8 R12 16 1 0x7f580fb41600 16 0 
49 0 0 1 01e0 ffffffff 0 STG.E.128.SYS 2 R8 R12 16 1 0x7f580fb6d600 16 0 
5 0 0 2 01e0 ffffffff 0 STG.E.128.SYS 2 R8 R12 16 1 0x7f580fb41800 16 0 
42 0 0 0 01e0 ffffffff 0 STG.E.128.SYS 2 R8 R12 16 1 0x7f580fb66400 16 0 
47 0 0 1 01e0 ffffffff 0 STG.E.128.SYS 2 R8 R12 16 1 0x7f580fb6b600 16 0 
4 0 0 2 01f0 ffffffff 0 STG.E.128.SYS 2 R8 R4 16 1 0x7f580fb41000 16 0 
47 0 0 3 01e0 ffffffff 0 STG.E.128.SYS 2 R8 R12 16 1 0x7f580fb6ba00 16 0 
49 0 0 0 01e0 ffffffff 0 STG.E.128.SYS 2 R8 R12 16 1 0x7f580fb6d400 16 0 
49 0 0 2 01e0 ffffffff 0 STG.E.128.SYS 2 R8 R12 16 1 0x7f580fb6d800 16 0 
7 0 0 2 01e0 ffffffff 0 STG.E.128.SYS 2 R8 R12 16 1 0x7f580fb43800 16 0 
9 0 0 3 01e0 ffffffff 0 STG.E.128.SYS 2 R8 R12 16 1 0x7f580fb45a00 16 0 
45 0 0 3 01e0 ffffffff 0 STG.E.128.SYS 2 R8 R12 16 1 0x7f580fb69a00 16 0 
45 0 0 1 01e0 ffffffff 0 STG.E.128.SYS 2 R8 R12 16 1 0x7f580fb69600 16 0 
2 0 0 1 01e0 ffffffff 0 STG.E.128.SYS 2 R8 R12 16 1 0x7f580fb3e600 16 0 
41 0 0 2 01e0 ffffffff 0 STG.E.128.SYS 2 R8 R12 16 1 0x7f580fb65800 16 0 
45 0 0 2 01e0 ffffffff 0 STG.E.128.SYS 2 R8 R12 16 1 0x7f580fb69800 16 0 
41 0 0 0 01e0 ffffffff 0 STG.E.128.SYS 2 R8 R12 16 1 0x7f580fb65400 16 0 
7 0 0 3 01e0 ffffffff 0 STG.E.128.SYS 2 R8 R12 16 1 0x7f580fb43a00 16 0 
9 0 0 1 01e0 ffffffff 0 STG.E.128.SYS 2 R8 R12 16 1 0x7f580fb45600 16 0 
43 0 0 1 01e0 ffffffff 0 STG.E.128.SYS 2 R8 R12 16 1 0x7f580fb67600 16 0 
2 0 0 2 01e0 ffffffff 0 STG.E.128.SYS 2 R8 R12 16 1 0x7f580fb3e800 16 0 
42 0 0 3 01e0 ffffffff 0 STG.E.128.SYS 2 R8 R12 16 1 0x7f580fb66a00 16 0 
1 0 0 1 01e0 ffffffff 0 STG.E.128.SYS 2 R8 R12 16 1 0x7f580fb3d600 16 0 
3 0 0 0 01e0 ffffffff 0 STG.E.128.SYS 2 R8 R12 16 1 0x7f580fb3f400 16 0 
5 0 0 0 01e0 ffffffff 0 STG.E.128.SYS 2 R8 R12 16 1 0x7f580fb41400 16 0 
42 0 0 2 01e0 ffffffff 0 STG.E.128.SYS 2 R8 R12 16 1 0x7f580fb66800 16 0 
44 0 0 2 01e0 ffffffff 0 STG.E.128.SYS 2 R8 R12 16 1 0x7f580fb68800 16 0 
1 0 0 2 01e0 ffffffff 0 STG.E.128.SYS 2 R8 R12 16 1 0x7f580fb3d800 16 0 
14 0 0 0 01e0 ffffffff 0 STG.E.128.SYS 2 R8 R12 16 1 0x7f580fb4a400 16 0 
54 0 0 2 01e0 ffffffff 0 STG.E.128.SYS 2 R8 R12 16 1 0x7f580fb72800 16 0 
14 0 0 2 01e0 ffffffff 0 STG.E.128.SYS 2 R8 R12 16 1 0x7f580fb4a800 16 0 
54 0 0 0 01e0 ffffffff 0 STG.E.128.SYS 2 R8 R12 16 1 0x7f580fb72400 16 0 
4 0 0 3 01e0 ffffffff 0 STG.E.128.SYS 2 R8 R12 16 1 0x7f580fb40a00 16 0 
1 0 0 3 01e0 ffffffff 0 STG.E.128.SYS 2 R8 R12 16 1 0x7f580fb3da00 16 0 
43 0 0 0 01e0 ffffffff 0 STG.E.128.SYS 2 R8 R12 16 1 0x7f580fb67400 16 0 
43 0 0 3 01e0 ffffffff 0 STG.E.128.SYS 2 R8 R12 16 1 0x7f580fb67a00 16 0 
43 0 0 2 01e0 ffffffff 0 STG.E.128.SYS 2 R8 R12 16 1 0x7f580fb67800 16 0 
1 0 0 0 01e0 ffffffff 0 STG.E.128.SYS 2 R8 R12 16 1 0x7f580fb3d400 16 0 
14 0 0 3 01e0 ffffffff 0 STG.E.128.SYS 2 R8 R12 16 1 0x7f580fb4aa00 16 0 
3 0 0 2 01e0 ffffffff 0 STG.E.128.SYS 2 R8 R12 16 1 0x7f580fb3f800 16 0 
3 0 0 3 01e0 ffffffff 0 STG.E.128.SYS 2 R8 R12 16 1 0x7f580fb3fa00 16 0 
5 0 0 3 01e0 ffffffff 0 STG.E.128.SYS 2 R8 R12 16 1 0x7f580fb41a00 16 0 
46 0 0 0 01e0 ffffffff 0 STG.E.128.SYS 2 R8 R12 16 1 0x7f580fb6a400 16 0 
13 0 0 1 01f0 ffffffff 0 STG.E.128.SYS 2 R8 R4 16 1 0x7f580fb49e00 16 0 
13 0 0 3 01e0 ffffffff 0 STG.E.128.SYS 2 R8 R12 16 1 0x7f580fb49a00 16 0 
3 0 0 1 01e0 ffffffff 0 STG.E.128.SYS 2 R8 R12 16 1 0x7f580fb3f600 16 0 
6 0 0 3 01e0 ffffffff 0 STG.E.128.SYS 2 R8 R12 16 1 0x7f580fb42a00 16 0 
11 0 0 2 01e0 ffffffff 0 STG.E.128.SYS 2 R8 R12 16 1 0x7f580fb47800 16 0 
8 0 0 1 01e0 ffffffff 0 STG.E.128.SYS 2 R8 R12 16 1 0x7f580fb44600 16 0 
46 0 0 2 01e0 ffffffff 0 STG.E.128.SYS 2 R8 R12 16 1 0x7f580fb6a800 16 0 
0 0 0 2 01e0 ffffffff 0 STG.E.128.SYS 2 R8 R12 16 1 0x7f580fb3c800 16 0 
4 0 0 0 01e0 ffffffff 0 STG.E.128.SYS 2 R8 R12 16 1 0x7f580fb40400 16 0 
53 0 0 0 01e0 ffffffff 0 STG.E.128.SYS 2 R8 R12 16 1 0x7f580fb71400 16 0 
44 0 0 3 01e0 ffffffff 0 STG.E.128.SYS 2 R8 R12 16 1 0x7f580fb68a00 16 0 
13 0 0 2 01e0 ffffffff 0 STG.E.128.SYS 2 R8 R12 16 1 0x7f580fb49800 16 0 
13 0 0 0 01e0 ffffffff 0 STG.E.128.SYS 2 R8 R12 16 1 0x7f580fb49400 16 0 
40 0 0 3 01e0 ffffffff 0 STG.E.128.SYS 2 R8 R12 16 1 0x7f580fb64a00 16 0 
53 0 0 1 01e0 ffffffff 0 STG.E.128.SYS 2 R8 R12 16 1 0x7f580fb71600 16 0 
8 0 0 2 01e0 ffffffff 0 STG.E.128.SYS 2 R8 R12 16 1 0x7f580fb44800 16 0 
11 0 0 0 01e0 ffffffff 0 STG.E.128.SYS 2 R8 R12 16 1 0x7f580fb47400 16 0 
53 0 0 2 01e0 ffffffff 0 STG.E.128.SYS 2 R8 R12 16 1 0x7f580fb71800 16 0 
53 0 0 3 01e0 ffffffff 0 STG.E.128.SYS 2 R8 R12 16 1 0x7f580fb71a00 16 0 
48 0 0 1 01f0 ffffffff 0 STG.E.128.SYS 2 R8 R4 16 1 0x7f580fb6ce00 16 0 
6 0 0 0 01e0 ffffffff 0 STG.E.128.SYS 2 R8 R12 16 1 0x7f580fb42400 16 0 
6 0 0 1 01e0 ffffffff 0 STG.E.128.SYS 2 R8 R12 16 1 0x7f580fb42600 16 0 
48 0 0 0 01e0 ffffffff 0 STG.E.128.SYS 2 R8 R12 16 1 0x7f580fb6c400 16 0 
44 0 0 0 01e0 ffffffff 0 STG.E.128.SYS 2 R8 R12 16 1 0x7f580fb68400 16 0 
8 0 0 0 01e0 ffffffff 0 STG.E.128.SYS 2 R8 R12 16 1 0x7f580fb44400 16 0 
48 0 0 2 01f0 ffffffff 0 STG.E.128.SYS 2 R8 R4 16 1 0x7f580fb6d000 16 0 
11 0 0 1 01e0 ffffffff 0 STG.E.128.SYS 2 R8 R12 16 1 0x7f580fb47600 16 0 
0 0 0 1 01e0 ffffffff 0 STG.E.128.SYS 2 R8 R12 16 1 0x7f580fb3c600 16 0 
8 0 0 3 01e0 ffffffff 0 STG.E.128.SYS 2 R8 R12 16 1 0x7f580fb44a00 16 0 
40 0 0 0 01e0 ffffffff 0 STG.E.128.SYS 2 R8 R12 16 1 0x7f580fb64400 16 0 
51 0 0 0 01e0 ffffffff 0 STG.E.128.SYS 2 R8 R12 16 1 0x7f580fb6f400 16 0 
11 0 0 3 01e0 ffffffff 0 STG.E.128.SYS 2 R8 R12 16 1 0x7f580fb47a00 16 0 
0 0 0 3 01e0 ffffffff 0 STG.E.128.SYS 2 R8 R12 16 1 0x7f580fb3ca00 16 0 
48 0 0 3 01e0 ffffffff 0 STG.E.128.SYS 2 R8 R12 16 1 0x7f580fb6ca00 16 0 
46 0 0 3 01e0 ffffffff 0 STG.E.128.SYS 2 R8 R12 16 1 0x7f580fb6aa00 16 0 
6 0 0 2 01e0 ffffffff 0 STG.E.128.SYS 2 R8 R12 16 1 0x7f580fb42800 16 0 
0 0 0 0 01e0 ffffffff 0 STG.E.128.SYS 2 R8 R12 16 1 0x7f580fb3c400 16 0 
51 0 0 2 01e0 ffffffff 0 STG.E.128.SYS 2 R8 R12 16 1 0x7f580fb6f800 16 0 
40 0 0 1 01e0 ffffffff 0 STG.E.128.SYS 2 R8 R12 16 1 0x7f580fb64600 16 0 
40 0 0 2 01e0 ffffffff 0 STG.E.128.SYS 2 R8 R12 16 1 0x7f580fb64800 16 0 
51 0 0 1 01f0 ffffffff 0 STG.E.128.SYS 2 R8 R4 16 1 0x7f580fb6fe00 16 0 
44 0 0 1 01e0 ffffffff 0 STG.E.128.SYS 2 R8 R12 16 1 0x7f580fb68600 16 0 
41 0 0 3 01e0 ffffffff 0 STG.E.128.SYS 2 R8 R12 16 1 0x7f580fb65a00 16 0 
12 0 0 3 01f0 ffffffff 0 STG.E.128.SYS 2 R8 R4 16 1 0x7f580fb49200 16 0 
12 0 0 0 01f0 ffffffff 0 STG.E.128.SYS 2 R8 R4 16 1 0x7f580fb48c00 16 0 
12 0 0 2 01e0 ffffffff 0 STG.E.128.SYS 2 R8 R12 16 1 0x7f580fb48800 16 0 
52 0 0 3 01e0 ffffffff 0 STG.E.128.SYS 2 R8 R12 16 1 0x7f580fb70a00 16 0 
52 0 0 0 01e0 ffffffff 0 STG.E.128.SYS 2 R8 R12 16 1 0x7f580fb70400 16 0 
52 0 0 1 01e0 ffffffff 0 STG.E.128.SYS 2 R8 R12 16 1 0x7f580fb70600 16 0 
51 0 0 1 0200 ffffffff 0 EXIT 0 0 0 
48 0 0 1 0200 ffffffff 0 EXIT 0 0 0 
4 0 0 2 0200 ffffffff 0 EXIT 0 0 0 
48 0 0 2 0200 ffffffff 0 EXIT 0 0 0 
13 0 0 1 0200 ffffffff 0 EXIT 0 0 0 
12 0 0 3 0200 ffffffff 0 EXIT 0 0 0 
12 0 0 0 0200 ffffffff 0 EXIT 0 0 0 
14 0 0 2 01f0 ffffffff 0 STG.E.128.SYS 2 R8 R4 16 1 0x7f580fb4b000 16 0 
0 0 0 2 01f0 ffffffff 0 STG.E.128.SYS 2 R8 R4 16 1 0x7f580fb3d000 16 0 
5 0 0 2 01f0 ffffffff 0 STG.E.128.SYS 2 R8 R4 16 1 0x7f580fb42000 16 0 
11 0 0 0 01f0 ffffffff 0 STG.E.128.SYS 2 R8 R4 16 1 0x7f580fb47c00 16 0 
9 0 0 0 01f0 ffffffff 0 STG.E.128.SYS 2 R8 R4 16 1 0x7f580fb45c00 16 0 
50 0 0 2 01f0 ffffffff 0 STG.E.128.SYS 2 R8 R4 16 1 0x7f580fb6f000 16 0 
10 0 0 2 01f0 ffffffff 0 STG.E.128.SYS 2 R8 R4 16 1 0x7f580fb47000 16 0 
10 0 0 3 01f0 ffffffff 0 STG.E.128.SYS 2 R8 R4 16 1 0x7f580fb47200 16 0 
43 0 0 2 01f0 ffffffff 0 STG.E.128.SYS 2 R8 R4 16 1 0x7f580fb68000 16 0 
43 0 0 1 01f0 ffffffff 0 STG.E.128.SYS 2 R8 R4 16 1 0x7f580fb67e00 16 0 
5 0 0 1 01f0 ffffffff 0 STG.E.128.SYS 2 R8 R4 16 1 0x7f580fb41e00 16 0 
14 0 0 0 01f0 ffffffff 0 STG.E.128.SYS 2 R8 R4 16 1 0x7f580fb4ac00 16 0 
2 0 0 3 01f0 ffffffff 0 STG.E.128.SYS 2 R8 R4 16 1 0x7f580fb3f200 16 0 
3 0 0 0 01f0 ffffffff 0 STG.E.128.SYS 2 R8 R4 16 1 0x7f580fb3fc00 16 0 
7 0 0 0 01f0 ffffffff 0 STG.E.128.SYS 2 R8 R4 16 1 0x7f580fb43c00 16 0 
7 0 0 1 01f0 ffffffff 0 STG.E.128.SYS 2 R8 R4 16 1 0x7f580fb43e00 16 0 
45 0 0 2 01f0 ffffffff 0 STG.E.128.SYS 2 R8 R4 16 1 0x7f580fb6a000 16 0 
50 0 0 0 01f0 ffffffff 0 STG.E.128.SYS 2 R8 R4 16 1 0x7f580fb6ec00 16 0 
7 0 0 2 01f0 ffffffff 0 STG.E.128.SYS 2 R8 R4 16 1 0x7f580fb44000 16 0 
3 0 0 1 01f0 ffffffff 0 STG.E.128.SYS 2 R8 R4 16 1 0x7f580fb3fe00 16 0 
10 0 0 1 01f0 ffffffff 0 STG.E.128.SYS 2 R8 R4 16 1 0x7f580fb46e00 16 0 
7 0 0 3 01f0 ffffffff 0 STG.E.128.SYS 2 R8 R4 16 1 0x7f580fb44200 16 0 
45 0 0 0 01f0 ffffffff 0 STG.E.128.SYS 2 R8 R4 16 1 0x7f580fb69c00 16 0 
54 0 0 0 01f0 ffffffff 0 STG.E.128.SYS 2 R8 R4 16 1 0x7f580fb72c00 16 0 
50 0 0 1 01f0 ffffffff 0 STG.E.128.SYS 2 R8 R4 16 1 0x7f580fb6ee00 16 0 
10 0 0 0 01f0 ffffffff 0 STG.E.128.SYS 2 R8 R4 16 1 0x7f580fb46c00 16 0 
47 0 0 3 01f0 ffffffff 0 STG.E.128.SYS 2 R8 R4 16 1 0x7f580fb6c200 16 0 
41 0 0 1 01f0 ffffffff 0 STG.E.128.SYS 2 R8 R4 16 1 0x7f580fb65e00 16 0 
1 0 0 3 01f0 ffffffff 0 STG.E.128.SYS 2 R8 R4 16 1 0x7f580fb3e200 16 0 
47 0 0 2 01f0 ffffffff 0 STG.E.128.SYS 2 R8 R4 16 1 0x7f580fb6c000 16 0 
41 0 0 2 01f0 ffffffff 0 STG.E.128.SYS 2 R8 R4 16 1 0x7f580fb66000 16 0 
43 0 0 0 01f0 ffffffff 0 STG.E.128.SYS 2 R8 R4 16 1 0x7f580fb67c00 16 0 
11 0 0 3 01f0 ffffffff 0 STG.E.128.SYS 2 R8 R4 16 1 0x7f580fb48200 16 0 
47 0 0 1 01f0 ffffffff 0 STG.E.128.SYS 2 R8 R4 16 1 0x7f580fb6be00 16 0 
11 0 0 2 01f0 ffffffff 0 STG.E.128.SYS 2 R8 R4 16 1 0x7f580fb48000 16 0 
3 0 0 2 01f0 ffffffff 0 STG.E.128.SYS 2 R8 R4 16 1 0x7f580fb40000 16 0 
54 0 0 2 01f0 ffffffff 0 STG.E.128.SYS 2 R8 R4 16 1 0x7f580fb73000 16 0 
8 0 0 1 01f0 ffffffff 0 STG.E.128.SYS 2 R8 R4 16 1 0x7f580fb44e00 16 0 
48 0 0 0 01f0 ffffffff 0 STG.E.128.SYS 2 R8 R4 16 1 0x7f580fb6cc00 16 0 
1 0 0 0 01f0 ffffffff 0 STG.E.128.SYS 2 R8 R4 16 1 0x7f580fb3dc00 16 0 
8 0 0 2 01f0 ffffffff 0 STG.E.128.SYS 2 R8 R4 16 1 0x7f580fb45000 16 0 
42 0 0 1 01f0 ffffffff 0 STG.E.128.SYS 2 R8 R4 16 1 0x7f580fb66e00 16 0 
47 0 0 0 01f0 ffffffff 0 STG.E.128.SYS 2 R8 R4 16 1 0x7f580fb6bc00 16 0 
51 0 0 2 01f0 ffffffff 0 STG.E.128.SYS 2 R8 R4 16 1 0x7f580fb70000 16 0 
51 0 0 0 01f0 ffffffff 0 STG.E.128.SYS 2 R8 R4 16 1 0x7f580fb6fc00 16 0 
11 0 0 1 01f0 ffffffff 0 STG.E.128.SYS 2 R8 R4 16 1 0x7f580fb47e00 16 0 
53 0 0 2 01f0 ffffffff 0 STG.E.128.SYS 2 R8 R4 16 1 0x7f580fb72000 16 0 
2 0 0 1 01f0 ffffffff 0 STG.E.128.SYS 2 R8 R4 16 1 0x7f580fb3ee00 16 0 
42 0 0 0 01f0 ffffffff 0 STG.E.128.SYS 2 R8 R4 16 1 0x7f580fb66c00 16 0 
0 0 0 1 01f0 ffffffff 0 STG.E.128.SYS 2 R8 R4 16 1 0x7f580fb3ce00 16 0 
2 0 0 2 01f0 ffffffff 0 STG.E.128.SYS 2 R8 R4 16 1 0x7f580fb3f000 16 0 
5 0 0 0 01f0 ffffffff 0 STG.E.128.SYS 2 R8 R4 16 1 0x7f580fb41c00 16 0 
52 0 0 1 01f0 ffffffff 0 STG.E.128.SYS 2 R8 R4 16 1 0x7f580fb70e00 16 0 
46 0 0 1 01f0 ffffffff 0 STG.E.128.SYS 2 R8 R4 16 1 0x7f580fb6ae00 16 0 
2 0 0 0 01f0 ffffffff 0 STG.E.128.SYS 2 R8 R4 16 1 0x7f580fb3ec00 16 0 
46 0 0 2 01f0 ffffffff 0 STG.E.128.SYS 2 R8 R4 16 1 0x7f580fb6b000 16 0 
8 0 0 3 01f0 ffffffff 0 STG.E.128.SYS 2 R8 R4 16 1 0x7f580fb45200 16 0 
42 0 0 2 01f0 ffffffff 0 STG.E.128.SYS 2 R8 R4 16 1 0x7f580fb67000 16 0 
8 0 0 0 01f0 ffffffff 0 STG.E.128.SYS 2 R8 R4 16 1 0x7f580fb44c00 16 0 
48 0 0 3 01f0 ffffffff 0 STG.E.128.SYS 2 R8 R4 16 1 0x7f580fb6d200 16 0 
44 0 0 2 01f0 ffffffff 0 STG.E.128.SYS 2 R8 R4 16 1 0x7f580fb69000 16 0 
40 0 0 2 01f0 ffffffff 0 STG.E.128.SYS 2 R8 R4 16 1 0x7f580fb65000 16 0 
6 0 0 2 01f0 ffffffff 0 STG.E.128.SYS 2 R8 R4 16 1 0x7f580fb43000 16 0 
42 0 0 3 01f0 ffffffff 0 STG.E.128.SYS 2 R8 R4 16 1 0x7f580fb67200 16 0 
9 0 0 2 01f0 ffffffff 0 STG.E.128.SYS 2 R8 R4 16 1 0x7f580fb46000 16 0 
40 0 0 0 01f0 ffffffff 0 STG.E.128.SYS 2 R8 R4 16 1 0x7f580fb64c00 16 0 
0 0 0 3 01f0 ffffffff 0 STG.E.128.SYS 2 R8 R4 16 1 0x7f580fb3d200 16 0 
40 0 0 3 01f0 ffffffff 0 STG.E.128.SYS 2 R8 R4 16 1 0x7f580fb65200 16 0 
40 0 0 1 01f0 ffffffff 0 STG.E.128.SYS 2 R8 R4 16 1 0x7f580fb64e00 16 0 
5 0 0 3 01f0 ffffffff 0 STG.E.128.SYS 2 R8 R4 16 1 0x7f580fb42200 16 0 
4 0 0 1 01f0 ffffffff 0 STG.E.128.SYS 2 R8 R4 16 1 0x7f580fb40e00 16 0 
6 0 0 0 01f0 ffffffff 0 STG.E.128.SYS 2 R8 R4 16 1 0x7f580fb42c00 16 0 
46 0 0 0 01f0 ffffffff 0 STG.E.128.SYS 2 R8 R4 16 1 0x7f580fb6ac00 16 0 
50 0 0 3 01f0 ffffffff 0 STG.E.128.SYS 2 R8 R4 16 1 0x7f580fb6f200 16 0 
4 0 0 0 01f0 ffffffff 0 STG.E.128.SYS 2 R8 R4 16 1 0x7f580fb40c00 16 0 
13 0 0 0 01f0 ffffffff 0 STG.E.128.SYS 2 R8 R4 16 1 0x7f580fb49c00 16 0 
13 0 0 2 01f0 ffffffff 0 STG.E.128.SYS 2 R8 R4 16 1 0x7f580fb4a000 16 0 
49 0 0 1 01f0 ffffffff 0 STG.E.128.SYS 2 R8 R4 16 1 0x7f580fb6de00 16 0 
9 0 0 3 01f0 ffffffff 0 STG.E.128.SYS 2 R8 R4 16 1 0x7f580fb46200 16 0 
3 0 0 3 01f0 ffffffff 0 STG.E.128.SYS 2 R8 R4 16 1 0x7f580fb40200 16 0 
53 0 0 3 01f0 ffffffff 0 STG.E.128.SYS 2 R8 R4 16 1 0x7f580fb72200 16 0 
49 0 0 2 01f0 ffffffff 0 STG.E.128.SYS 2 R8 R4 16 1 0x7f580fb6e000 16 0 
49 0 0 0 01f0 ffffffff 0 STG.E.128.SYS 2 R8 R4 16 1 0x7f580fb6dc00 16 0 
49 0 0 3 01f0 ffffffff 0 STG.E.128.SYS 2 R8 R4 16 1 0x7f580fb6e200 16 0 
53 0 0 1 01f0 ffffffff 0 STG.E.128.SYS 2 R8 R4 16 1 0x7f580fb71e00 16 0 
53 0 0 0 01f0 ffffffff 0 STG.E.128.SYS 2 R8 R4 16 1 0x7f580fb71c00 16 0 
13 0 0 3 01f0 ffffffff 0 STG.E.128.SYS 2 R8 R4 16 1 0x7f580fb4a200 16 0 
45 0 0 1 01f0 ffffffff 0 STG.E.128.SYS 2 R8 R4 16 1 0x7f580fb69e00 16 0 
9 0 0 1 01f0 ffffffff 0 STG.E.128.SYS 2 R8 R4 16 1 0x7f580fb45e00 16 0 
6 0 0 3 01f0 ffffffff 0 STG.E.128.SYS 2 R8 R4 16 1 0x7f580fb43200 16 0 
14 0 0 3 01f0 ffffffff 0 STG.E.128.SYS 2 R8 R4 16 1 0x7f580fb4b200 16 0 
45 0 0 3 01f0 ffffffff 0 STG.E.128.SYS 2 R8 R4 16 1 0x7f580fb6a200 16 0 
43 0 0 3 01f0 ffffffff 0 STG.E.128.SYS 2 R8 R4 16 1 0x7f580fb68200 16 0 
6 0 0 1 01f0 ffffffff 0 STG.E.128.SYS 2 R8 R4 16 1 0x7f580fb42e00 16 0 
12 0 0 2 01f0 ffffffff 0 STG.E.128.SYS 2 R8 R4 16 1 0x7f580fb49000 16 0 
46 0 0 3 01f0 ffffffff 0 STG.E.128.SYS 2 R8 R4 16 1 0x7f580fb6b200 16 0 
52 0 0 0 01f0 ffffffff 0 STG.E.128.SYS 2 R8 R4 16 1 0x7f580fb70c00 16 0 
41 0 0 3 01f0 ffffffff 0 STG.E.128.SYS 2 R8 R4 16 1 0x7f580fb66200 16 0 
1 0 0 1 01f0 ffffffff 0 STG.E.128.SYS 2 R8 R4 16 1 0x7f580fb3de00 16 0 
44 0 0 1 01f0 ffffffff 0 STG.E.128.SYS 2 R8 R4 16 1 0x7f580fb68e00 16 0 
44 0 0 3 01f0 ffffffff 0 STG.E.128.SYS 2 R8 R4 16 1 0x7f580fb69200 16 0 
4 0 0 3 01f0 ffffffff 0 STG.E.128.SYS 2 R8 R4 16 1 0x7f580fb41200 16 0 
41 0 0 0 01f0 ffffffff 0 STG.E.128.SYS 2 R8 R4 16 1 0x7f580fb65c00 16 0 
0 0 0 0 01f0 ffffffff 0 STG.E.128.SYS 2 R8 R4 16 1 0x7f580fb3cc00 16 0 
1 0 0 2 01f0 ffffffff 0 STG.E.128.SYS 2 R8 R4 16 1 0x7f580fb3e000 16 0 
44 0 0 0 01f0 ffffffff 0 STG.E.128.SYS 2 R8 R4 16 1 0x7f580fb68c00 16 0 
52 0 0 3 01f0 ffffffff 0 STG.E.128.SYS 2 R8 R4 16 1 0x7f580fb71200 16 0 
54 0 0 0 0200 ffffffff 0 EXIT 0 0 0 
14 0 0 2 0200 ffffffff 0 EXIT 0 0 0 
14 0 0 0 0200 ffffffff 0 EXIT 0 0 0 
54 0 0 2 0200 ffffffff 0 EXIT 0 0 0 
14 0 0 3 0200 ffffffff 0 EXIT 0 0 0 
3 0 0 1 0200 ffffffff 0 EXIT 0 0 0 
43 0 0 2 0200 ffffffff 0 EXIT 0 0 0 
10 0 0 2 0200 ffffffff 0 EXIT 0 0 0 
10 0 0 3 0200 ffffffff 0 EXIT 0 0 0 
47 0 0 2 0200 ffffffff 0 EXIT 0 0 0 
7 0 0 1 0200 ffffffff 0 EXIT 0 0 0 
52 0 0 0 0200 ffffffff 0 EXIT 0 0 0 
52 0 0 1 0200 ffffffff 0 EXIT 0 0 0 
2 0 0 2 0200 ffffffff 0 EXIT 0 0 0 
2 0 0 1 0200 ffffffff 0 EXIT 0 0 0 
47 0 0 3 0200 ffffffff 0 EXIT 0 0 0 
11 0 0 0 0200 ffffffff 0 EXIT 0 0 0 
12 0 0 2 0200 ffffffff 0 EXIT 0 0 0 
7 0 0 3 0200 ffffffff 0 EXIT 0 0 0 
5 0 0 2 0200 ffffffff 0 EXIT 0 0 0 
45 0 0 2 0200 ffffffff 0 EXIT 0 0 0 
11 0 0 1 0200 ffffffff 0 EXIT 0 0 0 
11 0 0 3 0200 ffffffff 0 EXIT 0 0 0 
47 0 0 0 0200 ffffffff 0 EXIT 0 0 0 
50 0 0 2 0200 ffffffff 0 EXIT 0 0 0 
11 0 0 2 0200 ffffffff 0 EXIT 0 0 0 
3 0 0 2 0200 ffffffff 0 EXIT 0 0 0 
52 0 0 3 0200 ffffffff 0 EXIT 0 0 0 
51 0 0 2 0200 ffffffff 0 EXIT 0 0 0 
0 0 0 2 0200 ffffffff 0 EXIT 0 0 0 
6 0 0 2 0200 ffffffff 0 EXIT 0 0 0 
46 0 0 2 0200 ffffffff 0 EXIT 0 0 0 
53 0 0 2 0200 ffffffff 0 EXIT 0 0 0 
10 0 0 0 0200 ffffffff 0 EXIT 0 0 0 
42 0 0 2 0200 ffffffff 0 EXIT 0 0 0 
2 0 0 0 0200 ffffffff 0 EXIT 0 0 0 
10 0 0 1 0200 ffffffff 0 EXIT 0 0 0 
47 0 0 1 0200 ffffffff 0 EXIT 0 0 0 
45 0 0 0 0200 ffffffff 0 EXIT 0 0 0 
42 0 0 0 0200 ffffffff 0 EXIT 0 0 0 
50 0 0 0 0200 ffffffff 0 EXIT 0 0 0 
7 0 0 2 0200 ffffffff 0 EXIT 0 0 0 
41 0 0 1 0200 ffffffff 0 EXIT 0 0 0 
41 0 0 2 0200 ffffffff 0 EXIT 0 0 0 
5 0 0 0 0200 ffffffff 0 EXIT 0 0 0 
1 0 0 3 0200 ffffffff 0 EXIT 0 0 0 
1 0 0 0 0200 ffffffff 0 EXIT 0 0 0 
5 0 0 1 0200 ffffffff 0 EXIT 0 0 0 
50 0 0 1 0200 ffffffff 0 EXIT 0 0 0 
7 0 0 0 0200 ffffffff 0 EXIT 0 0 0 
5 0 0 3 0200 ffffffff 0 EXIT 0 0 0 
46 0 0 0 0200 ffffffff 0 EXIT 0 0 0 
42 0 0 3 0200 ffffffff 0 EXIT 0 0 0 
8 0 0 1 0200 ffffffff 0 EXIT 0 0 0 
9 0 0 2 0200 ffffffff 0 EXIT 0 0 0 
45 0 0 3 0200 ffffffff 0 EXIT 0 0 0 
6 0 0 0 0200 ffffffff 0 EXIT 0 0 0 
41 0 0 3 0200 ffffffff 0 EXIT 0 0 0 
2 0 0 3 0200 ffffffff 0 EXIT 0 0 0 
9 0 0 0 0200 ffffffff 0 EXIT 0 0 0 
46 0 0 3 0200 ffffffff 0 EXIT 0 0 0 
50 0 0 3 0200 ffffffff 0 EXIT 0 0 0 
1 0 0 2 0200 ffffffff 0 EXIT 0 0 0 
49 0 0 3 0200 ffffffff 0 EXIT 0 0 0 
3 0 0 0 0200 ffffffff 0 EXIT 0 0 0 
8 0 0 2 0200 ffffffff 0 EXIT 0 0 0 
43 0 0 0 0200 ffffffff 0 EXIT 0 0 0 
8 0 0 3 0200 ffffffff 0 EXIT 0 0 0 
1 0 0 1 0200 ffffffff 0 EXIT 0 0 0 
42 0 0 1 0200 ffffffff 0 EXIT 0 0 0 
45 0 0 1 0200 ffffffff 0 EXIT 0 0 0 
53 0 0 0 0200 ffffffff 0 EXIT 0 0 0 
48 0 0 0 0200 ffffffff 0 EXIT 0 0 0 
41 0 0 0 0200 ffffffff 0 EXIT 0 0 0 
46 0 0 1 0200 ffffffff 0 EXIT 0 0 0 
13 0 0 2 0200 ffffffff 0 EXIT 0 0 0 
6 0 0 1 0200 ffffffff 0 EXIT 0 0 0 
48 0 0 3 0200 ffffffff 0 EXIT 0 0 0 
53 0 0 3 0200 ffffffff 0 EXIT 0 0 0 
43 0 0 1 0200 ffffffff 0 EXIT 0 0 0 
53 0 0 1 0200 ffffffff 0 EXIT 0 0 0 
13 0 0 0 0200 ffffffff 0 EXIT 0 0 0 
8 0 0 0 0200 ffffffff 0 EXIT 0 0 0 
13 0 0 3 0200 ffffffff 0 EXIT 0 0 0 
51 0 0 0 0200 ffffffff 0 EXIT 0 0 0 
40 0 0 2 0200 ffffffff 0 EXIT 0 0 0 
0 0 0 1 0200 ffffffff 0 EXIT 0 0 0 
40 0 0 3 0200 ffffffff 0 EXIT 0 0 0 
40 0 0 0 0200 ffffffff 0 EXIT 0 0 0 
40 0 0 1 0200 ffffffff 0 EXIT 0 0 0 
4 0 0 0 0200 ffffffff 0 EXIT 0 0 0 
6 0 0 3 0200 ffffffff 0 EXIT 0 0 0 
0 0 0 3 0200 ffffffff 0 EXIT 0 0 0 
43 0 0 3 0200 ffffffff 0 EXIT 0 0 0 
3 0 0 3 0200 ffffffff 0 EXIT 0 0 0 
0 0 0 0 0200 ffffffff 0 EXIT 0 0 0 
49 0 0 0 0200 ffffffff 0 EXIT 0 0 0 
49 0 0 1 0200 ffffffff 0 EXIT 0 0 0 
44 0 0 1 0200 ffffffff 0 EXIT 0 0 0 
4 0 0 1 0200 ffffffff 0 EXIT 0 0 0 
4 0 0 3 0200 ffffffff 0 EXIT 0 0 0 
44 0 0 0 0200 ffffffff 0 EXIT 0 0 0 
9 0 0 3 0200 ffffffff 0 EXIT 0 0 0 
44 0 0 3 0200 ffffffff 0 EXIT 0 0 0 
49 0 0 2 0200 ffffffff 0 EXIT 0 0 0 
44 0 0 2 0200 ffffffff 0 EXIT 0 0 0 
9 0 0 1 0200 ffffffff 0 EXIT 0 0 0 
